ubigeo,periodo,departamento,provincia,distrito,ranking,irsip,nivel,percentil,rezago_conflictos,ejecucion_pct,canon_pc,mineria_pc,monto_canon,canon_12m,pim_canon,devengado_canon,mineria_12m,poblacion,n_rezago_conflictos,n_ejecucion_canon,n_canon_pc,n_mineria_pc,contrib_rezago,contrib_ejecucion,contrib_canon,contrib_mineria,irsip_bruto
030506,2026-02-01,Apurímac,Cotabambas,Challhuahuacho,1,74.56,Alto,100,4,4.201390236277627,3621.489051375506,655728.0647006908,121084.62,72534804.21000001,307673312,12925836.49,13133577407.890137,20029,0.5,0.6504494976203067,0.6930341276570655,0.8262334755287922,0.3055,-0.10862506610259122,0.07692678816993427,0.09171191578369593,0.36551363785103896
180106,2026-02-01,Moquegua,Mariscal Nieto,Torata,2,60.64,Alto,99.9,2,2.254211765817821,27259.73447344599,2999682.2404461484,25450872.78,180677520.09000003,199841714,4200315.16,19881893889.67707,6628,0.25,0.5071390798519302,0.863718118023491,0.9200326708067338,0.15275,-0.08469222633527235,0.0958727111006075,0.10212362645954745,0.2660541112248826
190111,2026-02-01,Pasco,Pasco,Tinyahuarco,3,55.04,Medio,99.9,1,0,793.2362134522094,332482.1342640828,399367.29,6050012.6000000015,10889647,0,2535841238.03216,7627,0.125,0,0.5646979773106526,0.7843367785430323,0.076375,-0,0.06268147548148244,0.08706138241827659,0.22611785789975902
150901,2026-02-01,Lima,Oyón,Oyon,4,53.22,Medio,99.8,2,2.0038196949074956,524.911155087481,170747.28333082196,769640.57,6180303.940000001,18795742,297842.08,2010378513.9370975,11774,0.25,0.4849286092014807,0.5298346129667926,0.7432272266227,0.15275,-0.08098307773664727,0.05881164203931397,0.0824982221551197,0.2130767864577864
160305,2026-02-01,Loreto,Loreto,Urarinas,5,52.14,Medio,99.8,4,3.445491428803983,0.004845489111648808,0,0.28,70.09,18821994,447510.19,0,14465,0.5,0.5996827075621365,4.087875271232861e-4,0,0.3055,-0.1001470121628768,4.5375415510684757e-5,0,0.2053983632526339
021014,2026-02-01,Áncash,Huari,San Marcos,6,50.96,Medio,99.7,1,1.2651887152120969,19193.85343357443,1103471.8690933166,40999530.839999996,403378023.7600002,1150266333,14112618.32,23190564800.865143,21016,0.125,0.4029613960867266,0.8340509512007488,0.8583408109922098,0.076375,-0.06729455314648335,0.09257965558328311,0.09527583002013529,0.19693593245693505
021802,2026-02-01,Áncash,Santa,Cáceres del Perú,7,48.79,Medio,99.7,2,2.2825316183089446,754.0160070827801,1787.9554674327892,277867.88,3406644.3200000003,9528261,126150,8077982.801861342,4518,0.25,0.5076679005817029,0.5604152479983722,0.462013740645653,0.15275,-0.08478053939714439,0.062206092527819314,0.05128352521166748,0.1814590783423424
120108,2026-02-01,Junín,Huancayo,Chongos Alto,8,47.76,Medio,99.6,1,0,77.39450896057353,3996.3304265837514,5173.12,107965.34000000008,338980,0,5574880.945084333,1395,0.125,0,0.36886821769813366,0.5116114782008315,0.076375,-0,0.040944372164492836,0.0567888740802923,0.17410824624478513
130809,2026-02-01,La Libertad,Pataz,Pataz,9,44.09,Medio,99.6,1,0.6253063763067419,2006.0111895294897,3636.2903344030137,2531653.56,24216567.08,49244996,307932.1,43897296.91691318,12072,0.125,0.3352723426758329,0.6430950158133167,0.5057887802610337,0.076375,-0.0559904812268641,0.07138354675527817,0.05614255460897474,0.14791062013738882
101007,2026-02-01,Huánuco,Lauricocha,San Miguel de Cauri,10,43.64,Medio,99.5,1,1.6313028293556173,400.2271180931743,270703.02392043517,300912.76,1477638.5199999996,3324856,54238.47,999435564.3142467,3692,0.125,0.44103648863035433,0.5069499074320687,0.7716557724651876,0.076375,-0.07365309360126918,0.05627143972495963,0.08565379074363583,0.14464713686732628
190109,2026-02-01,Pasco,Pasco,Simon Bolívar,11,43.36,Medio,99.4,1,1.7023698085804353,861.2596271874206,95273.10342364416,1466708.1400000001,10187840.129999999,10300410,175351.07,1126985540.3982868,11829,0.125,0.4531993654151243,0.5716474594944582,0.7072357920034789,0.076375,-0.07568429402432576,0.06345286800388486,0.07850317291238615,0.14264674689194523
210302,2026-02-01,Puno,Carabaya,Ajoyani,12,42.03,Medio,99.4,2,3.489872090665965,5743.082784154015,0,2083548.07,15512066.599999994,24352953,765258.6,0,2701,0.25,0.6039132734003173,0.7320210868182683,0,0.15275,-0.100853516657853,0.08125434063682778,0,0.13315082397897476
090411,2026-02-01,Huancavelica,Castrovirreyna,Santa Ana,13,41.76,Medio,99.3,1,0,343.21977272727264,0,7270.82,196321.70999999996,1130843,0,0,572,0.125,0,0.49398996820093766,0,0.076375,-0,0.05483288647030408,0,0.13120788647030407
050619,2026-02-01,Ayacucho,Lucanas,Sancos,14,41.68,Medio,99.3,0,0,1212.4039969931266,11475.464672365812,66967.84999999999,5644953.009999998,9878505,0,53429763.51453522,4656,0,0,0.60053856533623,0.5766732487551144,0,-0,0.06665978075232153,0.0640107306118177,0.1306705113641392
021710,2026-02-01,Áncash,Recuay,Ticapampa,15,41.42,Medio,99.2,0,0,515.976611629576,28233.086049639955,99823.44,1437510.839999999,2234561,0,78657377.73429692,2786,0,0,0.5283855558833732,0.6322077473038792,0,-0,0.058650796703054425,0.07017505995073059,0.12882585665378501
150720,2026-02-01,Lima,Huarochirí,San Juan de Tantaranche,16,41.4,Medio,99.2,0,0,385.93713355048845,40903.96607587392,6926.280000000001,118482.69999999995,209607,0,12557517.585293293,307,0,0,0.5038829856732594,0.6550772323119669,0,-0,0.05593101140973179,0.07271357278662832,0.1286445841963601
110114,2026-02-01,Ica,Ica,Yauca del Rosario,17,41.05,Medio,99.1,0,0,798.878140556369,10553.074107460623,55649.85999999999,1091267.54,1315164,0,14415499.230791211,1366,0,0,0.5652965954709241,0.5715045371372235,0,-0,0.06274792209727258,0.06343700362223181,0.1261849257195044
120124,2026-02-01,Junín,Huancayo,Pariahuanca,18,40.74,Medio,99.1,1,0,157.50263551401875,0,24313.45,674111.2800000003,1820953,0,0,4280,0.125,0,0.4284061068889572,0,0.076375,-0,0.04755307786467425,0,0.12392807786467425
020504,2026-02-01,Áncash,Bolognesi,Aquia,19,40.69,Medio,99,1,3.1011306167767394,2075.0144167679214,29193.749622310534,117135.88,3415473.7299999986,3046921,8304,48052911.87832314,1646,0.125,0.56795346377578,0.645953716770811,0.6342717983285336,0.076375,-0.09484822845055527,0.07170086256156002,0.07040416961446723,0.12363180372547199
200111,2026-02-01,Piura,Piura,Las Lomas,20,40.59,Medio,99,1,0,23.277065081563027,10.261845180088418,1441.31,689210.6199999996,2276646,0,303842.973937238,29609,0.125,0,0.2697348462731397,0.14937531001873075,0.076375,-0,0.029940567936318507,0.016580659412079115,0.12289622734839763
050806,2026-02-01,Ayacucho,Pàucar del Sara Sara,Oyolo,21,40.34,Medio,98.9,0,0.25987600593309346,5317.676957227939,576726.5964411969,289308.88,9821749.340000004,30527751,79334.3,1065214023.6268907,1847,0,0.3008989952406134,0.725513885681207,0.8183139712380652,0,-0.05025013220518244,0.08053204131061398,0.09083285080742523,0.12111475991285676
120209,2026-02-01,Junín,Concepción,Mariscal Castilla,22,40.17,Medio,98.9,1,0,102.13039857651243,0,5436.79,143493.20999999996,765303,0,0,1405,0.125,0,0.3920603866967207,0,0.076375,-0,0.043518702923336,0,0.119893702923336
080801,2026-02-01,Cusco,Espinar,Espinar,23,39.76,Bajo,98.8,1,4.530482864910344,2035.2023274361266,131615.28996961,11878422.41,86508310.13,159753439,6360501.63,5594439515.448242,42506,0.125,0.6684294024325753,0.6443161741271273,0.7271695690742068,0.076375,-0.11162771020624009,0.07151909532811113,0.08071582216723695,0.11698220728910799
210802,2026-02-01,Puno,Melgar,Antauta,24,39.7,Bajo,98.8,1,6.3631020591967316,3576.941025087223,697037.2034086797,3350470.68,21529608.029999994,30875826,1964660.32,4195466927.316843,6019,0.125,0.7710206240084612,0.691987684487568,0.8300022201066958,0.076375,-0.12876044420941302,0.07681063297812005,0.09213024643184323,0.11655543520055026
120433,2026-02-01,Junín,Jauja,Yauli,25,39.69,Bajo,98.7,1,0,70.60200486026733,0,2300.0699999999997,58105.45000000001,296705,0,0,823,0.125,0,0.36120368025286403,0,0.076375,-0,0.04009360850806791,0,0.11646860850806791
120810,2026-02-01,Junín,Yauli,Yauli,26,39.23,Bajo,98.7,0,1.0964900593025195,3703.8888168238987,2308925.8063635766,1629935.68,18845386.299999997,43890884,404665.18,11747814502.777878,5088,0,0.38498149127445797,0.6949362382815603,0.9038871545902465,0,-0.06429190904283448,0.07713792244925319,0.10033147415951736,0.11317748756593607
211002,2026-02-01,Puno,San Antonio de Putina,Ananea,27,38.83,Bajo,98.6,2,7.46352436036628,921.7756101619705,59.759175472673164,305224.7,8308885.3500000015,11200160,835926.67,538669.2077106759,9014,0.25,0.8064516129032258,0.5773837328744964,0.2533521834292064,0.15275,-0.1346774193548387,0.0640895943490691,0.02812209236064191,0.1102842673548723
150103,2026-02-01,Lima,Lima,Ate,28,38.81,Bajo,98.5,3,6.323149966742678,1.7464474044194331,0,5606.3,1321384.8100000005,7526162,475890.51,0,756613,0.375,0.7689053410893707,0.08544053687711732,0,0.229125,-0.1284071919619249,0.009483899593360023,0,0.11020170763143511
120807,2026-02-01,Junín,Yauli,Santa Bárbara de Carhuacayan,29,38.41,Bajo,98.5,0,0.8628388715604108,5901.366011004126,306818.7425483283,295270.95,4290293.09,9189433,79290,223057225.8326347,727,0,0.36329984135378107,0.7343199238859504,0.7793813702706004,0,-0.06067107350608144,0.0815095115513405,0.08651133210003664,0.1073497701452957
170103,2026-02-01,Madre de Dios,Tambopata,Las Piedras,30,37.62,Bajo,98.4,1,0,13.816857571857568,0,1167.52,386485.1399999999,1576220,0,0,27972,0.125,0,0.22797761234560693,0,0.076375,-0,0.025305514970362368,0,0.10168051497036237
100102,2026-02-01,Huánuco,Huánuco,Amarilis,31,37.43,Bajo,98.4,1,0,11.796473025943369,0,189497.87000000002,1104468.38,1709296,0,0,93627,0.125,0,0.2155801696112675,0,0.076375,-0,0.023929398826850693,0,0.10030439882685069
021801,2026-02-01,Áncash,Santa,Chimbote,32,37.35,Bajo,98.3,2,5.450423193916786,1396.8439807259101,0,99248000.7,298877119.18000007,201574613,4484439.15,0,213966,0.25,0.7244843997884717,0.6125051669645255,0,0.15275,-0.12098889476467478,0.06798807353306233,0,0.09974917876838754
190108,2026-02-01,Pasco,Pasco,San Francisco de Asís de Yarusyacan,33,37.18,Bajo,98.3,0,1.5681218072753493,3755.8000721561966,871799.0172362793,1101287.1300000001,8848664.969999999,15075290,236398.91,2053958484.608674,2356,0,0.4336329984135378,0.6961129537891417,0.8438033011688342,0,-0.07241671073506081,0.07726853787059473,0.0936621664297406,0.09851399356527452
080708,2026-02-01,Cusco,Chumbivilcas,Velille,34,36.97,Bajo,98.2,1,7.844293002716259,1482.1337861504785,503324.2597164913,293152.56999999995,12863439.130000003,33407349,2501743.34,4368351250.079428,8679,0.125,0.8249603384452671,0.6175138577005888,0.8099160177919049,0.076375,-0.13776837652035961,0.06854403820476536,0.08990067797490145,0.09705133965930719
030503,2026-02-01,Apurímac,Cotabambas,Coyllurqui,35,36.56,Bajo,98.2,1,0.9326741203349985,4788.864166273028,0,81752.62000000001,30414076.32,140592697,1043542.72,0,6351,0.125,0.370174510840825,0.7166576290312088,0,0.076375,-0.061819143310417775,0.07954899682246418,0,0.0941048535120464
190104,2026-02-01,Pasco,Pasco,Huayllay,36,36.53,Bajo,98.1,0,0.6890329758067127,1237.2173892881988,230176.9838445079,1125499.39,10672237.200000003,20853925,143690.42,1985506662.642725,8626,0,0.3442622950819672,0.6022505018183629,0.7616514491506491,0,-0.057491803278688525,0.06684980570183828,0.08454331085572205,0.0939013132788718
100207,2026-02-01,Huánuco,Ambo,San Rafael,37,36.5,Bajo,98.1,1,0,5.321202193475817,0,7270.79,37844.390000000014,337373,0,0,7112,0.125,0,0.15593717472931215,0,0.076375,-0,0.017309026394953648,0,0.09368402639495364
100605,2026-02-01,Huánuco,Leoncio Prado,Luyando,38,36.31,Bajo,98,1,0,4.447113067169655,0,7726.7,42438.80000000002,484567,0,0,9543,0.125,0,0.14335133937868674,0,0.076375,-0,0.01591199867103423,0,0.09228699867103422
100101,2026-02-01,Huánuco,Huánuco,Huanuco,39,36.25,Bajo,98,1,0,4.216438331318018,0,69094.37,418439.3400000001,3464932,0,0,99240,0.125,0,0.13969197212336593,0,0.076375,-0,0.015505808905693618,0,0.09188080890569361
150126,2026-02-01,Lima,Lima,Punta Hermosa,40,36.21,Bajo,97.9,1,0,4.067296462227713,0,3940.1800000000003,105310.43999999994,2058656,0,0,25892,0.125,0,0.13723884959671487,0,0.076375,-0,0.01523351230523535,0,0.09160851230523535
210304,2026-02-01,Puno,Carabaya,Coasa,41,36.17,Bajo,97.9,1,0.12909992292836284,827.8364185596911,0,207966.65,3425587.1000000015,4563287,3026,0,4138,0.125,0.28820729772607084,0.5683041506257528,0,0.076375,-0.048130618720253836,0.06308176071945856,0,0.09132614199920472
210706,2026-02-01,Puno,Lampa,Palca,42,36.12,Bajo,97.8,1,0.45694660072772164,1396.105071488646,0,104729.17000000001,1659968.9300000002,3654694,16700,0,1189,0.125,0.3199365415124273,0.6124604515473941,0,0.076375,-0.05342940243257536,0.06798311012176075,0,0.0909287076891854
120803,2026-02-01,Junín,Yauli,Huay-Huay,43,36.11,Bajo,97.8,0,1.8539340463403542,4631.500776371308,560329.4960232364,600217.87,10976656.84,21233545,393655.92,1327980905.5750704,2370,0,0.4727657324167107,0.7138325913749088,0.8165346551142668,0,-0.0789518773135907,0.07923541764261488,0.09063534671768361,0.0909188870467078
151002,2026-02-01,Lima,Yauyos,Alis,44,35.96,Bajo,97.7,0,0.7396157963512998,470.30042291950883,540372.5499901115,164123.9,689460.4199999999,4690273,17120,792186158.2855034,1466,0,0.34955050237969326,0.5205627824764885,0.8142974298228766,0,-0.058374933897408776,0.05778246885489022,0.0903870147103393,0.08979454966782074
150123,2026-02-01,Lima,Lima,Pachacamac,45,35.75,Bajo,97.6,1,0,2.582667665574839,0,17463.33,444704.38000000035,2166261,0,0,172188,0.125,0,0.10791887349295268,0,0.076375,-0,0.011978994957717747,0,0.08835399495771774
100501,2026-02-01,Huánuco,Huamalíes,Llata,46,35.59,Bajo,97.6,1,0,2.1493831396709044,0,5212.669999999999,27561.540000000008,1520611,0,0,12823,0.125,0,0.0970178663810796,0,0.076375,-0,0.010768983168299837,0,0.08714398316829984
150132,2026-02-01,Lima,Lima,San Juan de Lurigancho,47,35.56,Bajo,97.5,1,0,2.0873313191649654,0,92597.91,2715169.2699999996,14361790,0,0,1300785,0.125,0,0.09533498667174471,0,0.076375,-0,0.010582183520563664,0,0.08695718352056367
180204,2026-02-01,Moquegua,General Sánchez Cerro,Ichuña,48,35.45,Bajo,97.5,1,1.333872501113947,4212.965089686098,0,1148414.8,11273894.579999998,14143402,188654.95,0,2676,0.125,0.4103648863035431,0.7058245351892605,0,0.076375,-0.06853093601269171,0.07834652340600791,0,0.0861905873933162
220907,2026-02-01,San Martín,San Martín,Huimbayoc,49,35.44,Bajo,97.4,1,0,1.8272591723906846,0,401.15,10906.909999999996,196175,0,0,5969,0.125,0,0.08789299170568776,0,0.076375,-0,0.00975612207933134,0,0.08613112207933134
030101,2026-02-01,Apurímac,Abancay,Abancay,50,35.3,Bajo,97.4,1,0.6735237696707805,1081.0742756487368,0,-5070982.45,88070796.94,81403862,548274.36,0,81466,0.125,0.34056054997355895,0.5908512276660225,0,0.076375,-0.05687361184558435,0.0655844862709285,0,0.08508587442534415
090106,2026-02-01,Huancavelica,Huancavelica,Huachocolpa,51,35.14,Bajo,97.3,0,1.7134052376345688,1590.8458745387454,587276.0025256017,290674.61,2155596.16,5160192,88415,795758983.4221902,1355,0,0.45637228979375993,0.6234959995304685,0.8194321823644922,0,-0.07621417239555792,0.06920805594788201,0.09095697224245863,0.08395085579478273
150135,2026-02-01,Lima,Lima,San Martín de Porres,52,35.05,Bajo,97.3,1,0,1.0918502017267657,0,29379.47,887382.6899999995,3183082,0,0,812733,0.125,0,0.062415900476864655,0,0.076375,-0,0.006928164952931977,0,0.08330316495293197
150118,2026-02-01,Lima,Lima,Lurigancho,53,34.58,Bajo,97.2,1,0.8159359091064123,2.6601027301292017,1678.6762812730728,26595.36,892310.1799999997,4720421,23992.4,563098529.1428021,335442,0.125,0.35589635113696455,0.10972725297738826,0.45812542411781215,0.076375,-0.05943469063987308,0.012179725080490098,0.05085192207707715,0.07997195651769416
040101,2026-02-01,Arequipa,Arequipa,Arequipa,54,34.55,Bajo,97.2,0,0,4883.078989133041,0,10974797.47,264667764.28999996,8293909,0,0,54201,0,0,0.718304916946478,0,0,-0,0.07973184578105906,0,0.07973184578105906
120605,2026-02-01,Junín,Satipo,Pampa Hermosa,55,34.51,Bajo,97.1,1,0.11692631488256597,224.13310930314816,0,22563.84,633624.2999999998,1624955,1900,0,2827,0.125,0.28609201480698043,0.45808303521148735,0,0.076375,-0.04777736647276574,0.050847216908475094,0,0.07944485043570935
140312,2026-02-01,Lambayeque,Lambayeque,Tucume,56,34.5,Bajo,97.1,1,0,0.380123864888484,0,31.82,10004.48000000001,752932,0,0,26319,0.125,0,0.0272457998481196,0,0.076375,-0,0.003024283783141276,0,0.07939928378314128
010101,2026-02-01,Amazonas,Chachapoyas,Chachapoyas,57,34.22,Bajo,97,1,0,0.11335954843890225,0,376.19,4799.869999999999,491021,0,0,42342,0.125,0,0.009081170509751931,0,0.076375,-0,0.0010080099265824644,0,0.07738300992658247
131006,2026-02-01,La Libertad,Santiago de Chuco,Quiruvilca,58,34.21,Bajo,97,1,5.728505094613707,1626.385935592971,3281.9565747753745,185996.4,22120475.11,23494323,623501.47,44637891.37351987,13601,0.125,0.7419354838709677,0.6253633405622476,0.4994659793500284,0.076375,-0.12390322580645162,0.06941533080240948,0.055440723707853155,0.07732782870381102
210602,2026-02-01,Puno,Huancané,Cojata,59,34.2,Bajo,96.9,1,0.19280252551351784,211.8441065337181,0,59257.67,807337.8899999997,3179393,4181.81,0,3811,0.125,0.29613960867266,0.4533360354543736,0,0.076375,-0.04945531464833422,0.05032029993543547,0,0.07723998528710124
210804,2026-02-01,Puno,Melgar,Llalli,60,34.18,Bajo,96.9,2,7.185023748124811,471.0886339937435,0,88409.26000000001,903548,1171882,84200,0,1918,0.25,0.7990481226864093,0.520704098651998,0,0.15275,-0.13344103648863037,0.05779815495037177,0,0.0771071184617414
060702,2026-02-01,Cajamarca,Hualgayoc,Chugur,61,34.16,Bajo,96.8,0,0.8202715540913283,1853.786129889859,15270.940227334473,636107.0700000001,4881018.879999999,17802641,139530,40208385.61857167,2633,0,0.3569539925965098,0.6364244628205133,0.5942989904898359,0,-0.05961131676361714,0.07064311537307698,0.06596718794437179,0.07699898655383162
211209,2026-02-01,Puno,Sandia,Alto Inambari,62,34.14,Bajo,96.7,1,0.982758624236675,430.88212820149994,1.5088384593140702,207327.42,3045044,4860807,47770,10662.961391972534,7067,0.125,0.37599153886832365,0.5131762885904468,0.05674288336736093,0.076375,-0.06279058699101005,0.0569625680335396,0.006298460053777063,0.0768454410963066
010509,2026-02-01,Amazonas,Luya,Luya,63,34.09,Bajo,96.7,1,0,0.006351631279129981,0,2.04,24.529999999999987,152733,0,0,3862,0.125,0,5.354510277619451e-4,0,0.076375,-0,5.943506408157591e-5,0,0.07643443506408157
010402,2026-02-01,Amazonas,Condorcanqui,El Cenepa,64,34.08,Bajo,96.6,1,0,8.062214611872214e-5,0,0.5599999999999999,1.1300000000000097,395908,0,0,14016,0.125,0,6.817841945619455e-6,0,0.076375,-0,7.567804559637595e-7,0,0.07637575678045597
010403,2026-02-01,Amazonas,Condorcanqui,Río Santiago,65,34.08,Bajo,96.6,1,0,0.001426906511274387,0,0.13,28.160000000000025,641523,0,0,19735,0.125,0,1.2058573520857775e-4,0,0.076375,-0,1.338501660815213e-5,0,0.07638838501660815
010609,2026-02-01,Amazonas,Rodríguez de Mendoza,Omia,66,34.08,Bajo,96.5,1,0,0.002423835983904961,0,1.07,25.299999999999983,260744,0,0,10438,0.125,0,2.0473283994040713e-4,0,0.076375,-0,2.272534523338519e-5,0,0.07639772534523338
010701,2026-02-01,Amazonas,Utcubamba,Bagua Grande,67,34.08,Bajo,96.5,1,0,0.0014049288259149184,0,4.58,85.56999999999994,1715354,0,0,60907,0.125,0,1.1872973704608406e-4,0,0.076375,-0,1.317900081211533e-5,0,0.07638817900081211
211208,2026-02-01,Puno,Sandia,Yanahuaya,68,33.96,Bajo,96.4,0,0,297.79935849056596,24.060761139317762,37462.07,552417.8099999998,785455,0,44632.71191343445,1855,0,0,0.4820228070626667,0.19871938244045398,0,-0,0.053504531583956,0.02205785145089039,0.07556238303484639
170204,2026-02-01,Madre de Dios,Manu,Huepetuhe,69,33.76,Bajo,96.4,0,0,121.37441569869759,67.84008440380568,3723.23,1379298.8599999994,2044754,0,770934.7191648476,11364,0,0,0.40652935559250725,0.2610551866110231,0,-0,0.04512475847076831,0.028977125713823566,0.07410188418459188
050703,2026-02-01,Ayacucho,Parinacochas,Coronel Castañeda,70,33.67,Bajo,96.3,0,0,2505.35105263158,0,1484865.7799999998,5616997.060000002,12444498,0,0,2242,0,0,0.6618846168046941,0,0,-0,0.07346919246532105,0,0.07346919246532105
050808,2026-02-01,Ayacucho,Pàucar del Sara Sara,San Javier de Alpabamba,71,33.59,Bajo,96.3,0,0,2363.3855440414513,0,46125.7,456133.41000000015,1156472,0,0,193,0,0,0.6569534317417832,0,0,-0,0.07292183092333794,0,0.07292183092333794
210107,2026-02-01,Puno,Puno,Coata,72,33.53,Bajo,96.2,1,0.31077406783904715,158.9391731484612,0,65408.07,939966.2699999996,1705419,5300,0,5914,0.125,0.30883130618720256,0.42916911639473304,0,0.076375,-0.05157482813326283,0.047637771919815365,0,0.07243794378655254
050803,2026-02-01,Ayacucho,Pàucar del Sara Sara,Corculla,73,33.43,Bajo,96.2,0,0,2079.686824146981,0,18317.89,792360.6799999997,2329837,0,0,381,0,0,0.6461438386723078,0,0,-0,0.07172196609262617,0,0.07172196609262617
200101,2026-02-01,Piura,Piura,Piura,74,33.36,Bajo,96.1,2,6.2414903088245755,136.33669833259867,0,39865.64,26909183.159999996,11732065,654811.86,0,197373,0.25,0.7646747752511899,0.4162843847188904,0,0.15275,-0.1277006874669487,0.04620756670379683,0,0.07125687923684812
040516,2026-02-01,Arequipa,Caylloma,Tapay,75,33.2,Bajo,96.1,0,2.7665266283704795,2480.5065644171777,342684.8458450655,255476.7,2425935.42,4408794,48063.520000000004,335145779.23647404,978,0,0.5420412480169222,0.6610421366582908,0.7862013318049744,0,-0.09052088841882601,0.07337567716907029,0.08726834783035216,0.07012313658059643
030217,2026-02-01,Apurímac,Andahuaylas,Tumay Huaraca,76,33.15,Bajo,96,0,0.8568689009822565,870.5970287000563,16961.984680482023,13128.57,1547050.92,6236660,53440,30141446.777216557,1777,0,0.36224219989423584,0.5725583310052372,0.6007773618843645,0,-0.06049444738233739,0.06355397474158134,0.06668628716916446,0.0697458145284084
230403,2026-02-01,Tacna,Tarata,Estique,77,33.14,Bajo,96,0,0,1673.8237623762373,0,25436.370000000003,338112.3999999999,578629,0,0,202,0,0,0.6277932500126615,0,0,-0,0.06968505075140542,0,0.06968505075140542
040505,2026-02-01,Arequipa,Caylloma,Caylloma,78,33.12,Bajo,95.9,0,2.1097210542405107,1572.8708175923314,176875.10241737613,379729.01999999996,5578972.789999999,8930410,162246.74,627375988.2744331,3547,0,0.4928609201480698,0.6225356198287958,0.7454023269527915,0,-0.08230777366472766,0.06910145380099633,0.08273965829175986,0.06953333842802853
131003,2026-02-01,La Libertad,Santiago de Chuco,Cachicadan,79,33.03,Bajo,95.8,1,1.3928565857601127,740.3278042959429,0,57518.869999999995,4032565.5500000007,2756637,38396,0,5447,0.125,0.4161819143310418,0.558867973992043,0,0.076375,-0.06950237969328399,0.06203434511311678,0,0.0689069654198328
020515,2026-02-01,Áncash,Bolognesi,Ticllos,80,33.02,Bajo,95.8,0,0,1531.707663934426,0,52181.45,747473.3399999999,1061147,0,0,488,0,0,0.6202943620738144,0,0,-0,0.06885267419019339,0,0.06885267419019339
021102,2026-02-01,Áncash,Huarmey,Cochapeti,81,32.91,Bajo,95.7,0,0,1402.235273698264,0,84775.5,1050274.2199999997,2364897,0,0,749,0,0,0.6128307098048545,0,0,-0,0.06802420878833886,0,0.06802420878833886
190113,2026-02-01,Pasco,Pasco,Yanacancha,82,32.83,Bajo,95.7,1,1.9383550201084387,2038.8434472767528,0,5172665.86,62627154.17000002,22967223,445186.32,0,30717,0.125,0.48175568482284503,0.6444672642632244,0,0.076375,-0.08045319936541513,0.07153586633321792,0,0.06745766696780278
021704,2026-02-01,Áncash,Recuay,Huayllapampa,83,32.81,Bajo,95.6,0,0,1305.507710526315,0,40219.07,496092.9299999997,761617,0,0,380,0,0,0.6067905728395507,0,0,-0,0.06735375358519013,0,0.06735375358519013
190110,2026-02-01,Pasco,Pasco,Ticlacayan,84,32.77,Bajo,95.6,0,0,1261.103055028464,0,165871.57,1993803.9300000016,4159574,0,0,1581,0,0,0.6038663292119469,0,0,-0,0.06702916254252611,0,0.06702916254252611
021809,2026-02-01,Áncash,Santa,Nuevo Chimbote,85,32.76,Bajo,95.5,2,10.017309332544302,683.1817387970775,0,10888308.629999999,139893758.28999996,297036179,17118219.86,0,204768,0.25,0.8804865150713908,0.5520839232131091,0,0.15275,-0.14704124801692225,0.06128131547665511,0,0.06699006745973285
040114,2026-02-01,Arequipa,Arequipa,Polobaya,86,32.76,Bajo,95.5,0,0,1251.3085162287487,0,41273.06,809596.6100000003,1402785,0,0,647,0,0,0.6032074741343156,0,0,-0,0.06695602962890904,0,0.06695602962890904
050707,2026-02-01,Ayacucho,Parinacochas,San Francisco de Rivacayco,87,32.69,Bajo,95.4,0,0,1188.1464220183482,0,134726.93,518031.83999999985,1030846,0,0,436,0,0,0.5988307940531694,0,0,-0,0.06647021813990181,0,0.06647021813990181
020303,2026-02-01,Áncash,Antonio Raymondi,Chaccho,88,32.68,Bajo,95.4,0,0,1182.345462328767,0,113237.36,1380979.5,2051541,0,0,1168,0,0,0.5984172364078962,0,0,-0,0.06642431324127648,0,0.06642431324127648
050810,2026-02-01,Ayacucho,Pàucar del Sara Sara,Sara Sara,89,32.59,Bajo,95.3,0,0,1104.2658640226632,0,8824.37,389805.8500000001,983245,0,0,353,0,0,0.5926446002341367,0,0,-0,0.06578355062598917,0,0.06578355062598917
061104,2026-02-01,Cajamarca,San Miguel,Catilluc,90,32.58,Bajo,95.3,0,0,1089.7430394524959,0,543526.99,2706921.71,8003312,0,0,2484,0,0,0.5915260296286425,0,0,-0,0.06565938928877932,0,0.06565938928877932
020903,2026-02-01,Áncash,Corongo,Bambas,91,32.54,Bajo,95.2,0,0,1056.2965936739668,0,34270.86,434137.9000000004,831332,0,0,411,0,0,0.5888922292167029,0,0,-0,0.06536703744305403,0,0.06536703744305403
021407,2026-02-01,Áncash,Ocros,Llipa,92,32.53,Bajo,95.2,0,0,1055.3126960784316,0,17342.6,215283.79000000004,406779,0,0,204,0,0,0.5888134946761046,0,0,-0,0.06535829790904761,0,0.06535829790904761
020502,2026-02-01,Áncash,Bolognesi,Abelardo Pardo Lezameta,93,32.51,Bajo,95.1,0,0,1037.851016949152,0,12966.359999999999,183699.6299999999,276177,0,0,177,0,0,0.5874038223574405,0,0,-0,0.0652018242816759,0,0.0652018242816759
030505,2026-02-01,Apurímac,Cotabambas,Mara,94,32.47,Bajo,95.1,1,2.1896224629919403,2172.6725447181902,0,20661.67,12875257.499999996,45463543,995479.95,0,5926,0.125,0.5007932310946589,0.6498411952353987,0,0.076375,-0.08363246959280804,0.07213237267112926,0,0.06487490307832122
190106,2026-02-01,Pasco,Pasco,Pallanchacra,95,32.42,Bajo,95,0,0,963.3030761209598,0,83636.68000000001,923807.6500000004,1904781,0,0,959,0,0,0.5811064121214582,0,0,-0,0.06450281174548186,0,0.06450281174548186
060103,2026-02-01,Cajamarca,Cajamarca,Chetilla,96,32.41,Bajo,94.9,1,1.7793929417899288,1136.872477211796,0,463218.66000000003,4240534.339999999,8883102,105376.86,0,3730,0.125,0.46694870438921204,0.5951033837942379,0,0.076375,-0.07798043363299842,0.0660564756011604,0,0.06445104196816198
021105,2026-02-01,Áncash,Huarmey,Malvas,97,32.35,Bajo,94.9,0,0,918.6976297335206,0,53631.2,655031.4100000001,1106820,0,0,713,0,0,0.5771011764766004,0,0,-0,0.06405823058890264,0,0.06405823058890264
021504,2026-02-01,Áncash,Pallasca,Huacaschuque,98,32.2,Bajo,94.8,0,0,820.1467849223951,0,30665.760000000002,369886.2000000002,904565,0,0,451,0,0,0.5675158908848372,0,0,-0,0.06299426388821694,0,0.06299426388821694
040809,2026-02-01,Arequipa,La Uniòn,Tauria,99,32.2,Bajo,94.8,0,0,819.5670764119607,0,13923.82,246689.69000000018,413428,0,0,301,0,0,0.5674561664147111,0,0,-0,0.06298763447203293,0,0.06298763447203293
061203,2026-02-01,Cajamarca,San Pablo,San Luis,100,32.19,Bajo,94.7,0,0,810.5686013986015,0,69123.13,579556.55,1377090,0,0,715,0,0,0.5665236486083506,0,0,-0,0.06288412499552691,0,0.06288412499552691
190203,2026-02-01,Pasco,Daniel Alcides Carrión,Goyllarisquizga,101,32.18,Bajo,94.7,0,0,806.65247619047625,0,101227.45,846985.1000000001,2055321,0,0,1050,0,0,0.5661145845304948,0,0,-0,0.06283871888288492,0,0.06283871888288492
190206,2026-02-01,Pasco,Daniel Alcides Carrión,Santa Ana de Tusi,102,32.18,Bajo,94.6,0,0.5904419017878207,642.0247395874809,4492.37530144713,0,16123809.309999995,50472844,0,112821513.32054323,25114,0,0.33209941829719725,0.5468372434800369,0.5188277123552628,0,-0.055460602855631945,0.0606989340262841,0.057589876071434176,0.06282820724208633
021203,2026-02-01,Áncash,Huaylas,Huata,103,32.15,Bajo,94.6,0,0,785.2675036927624,0,87449.37999999999,1063252.2000000002,2160899,0,0,1354,0,0,0.5638451988082173,0,0,-0,0.06258681706771212,0,0.06258681706771212
190201,2026-02-01,Pasco,Daniel Alcides Carrión,Yanahuanca,104,32.14,Bajo,94.5,0,0,783.0318545530318,0,1415118.3599999999,7515539.74,22471376,0,0,9598,0,0,0.5636043959910852,0,0,-0,0.06256008795501046,0,0.06256008795501046
150705,2026-02-01,Lima,Huarochirí,Chicla,105,32.09,Bajo,94.5,0,4.091885584621903,3004.3219397590356,1038240.5263574477,651161.76,7480761.629999999,16787149,686910.93,2585218910.630045,2490,0,0.6456901110523533,0.6772386514944543,0.8545818509143808,0,-0.10783024854574301,0.07517349031588443,0.09485858545149627,0.06220182722163768
030302,2026-02-01,Apurímac,Antabamba,El Oro,106,32.07,Bajo,94.4,0,0,740.2605806451613,0,3720.02,458961.56000000006,1664236,0,0,620,0,0,0.5588603049418953,0,0,-0,0.06203349384855038,0,0.06203349384855038
131008,2026-02-01,La Libertad,Santiago de Chuco,Sitabamba,107,32.07,Bajo,94.4,0,0,740.7521137544434,0,45409.57,2708930.4799999995,3731148,0,0,3657,0,0,0.558916364284493,0,0,-0,0.06203971643557872,0,0.06203971643557872
020902,2026-02-01,Áncash,Corongo,Aco,108,32.03,Bajo,94.3,0,0,716.0876450511943,0,16038.93,209813.67999999993,291978,0,0,293,0,0,0.556056498608871,0,0,-0,0.06172227134558468,0,0.06172227134558468
030713,2026-02-01,Apurímac,Grau,Virundo,109,32.03,Bajo,94.3,0,0,720.8292440604752,0,1336.4,333743.94,799866,0,0,463,0,0,0.5566138521460119,0,0,-0,0.06178413758820732,0,0.06178413758820732
150902,2026-02-01,Lima,Oyón,Andajes,110,32.02,Bajo,94.2,1,1.4478952614843155,366.5588082901553,0,13458.79,141491.69999999995,897855,3500,0,386,0.125,0.41988365943945005,0.49953793413858866,0,0.076375,-0.07012057112638816,0.05544871068938334,0,0.06170313956299518
040408,2026-02-01,Arequipa,Castilla,Machaguay,111,31.98,Bajo,94.2,0,0,693.9262578616353,0,15195.720000000001,220668.55000000005,378580,0,0,318,0,0,0.5534016869968773,0,0,-0,0.061427587256653385,0,0.061427587256653385
030402,2026-02-01,Apurímac,Aymaraes,Capaya,112,31.95,Bajo,94.1,0,0,675.3501948051946,0,13845.46,312011.7899999999,1246831,0,0,462,0,0,0.551110316577611,0,0,-0,0.061173245140114824,0,0.061173245140114824
150601,2026-02-01,Lima,Huaral,Huaral,113,31.93,Bajo,94.1,0,0.02403258325781412,140.85891984781762,6666.195176973556,1221110.52,16475563.559999987,65785687,15810,779711518.874712,116965,0,0.27392913802221047,0.4190242000658346,0.5431699387897784,0,-0.04574616604970915,0.04651168620730764,0.0602918632056654,0.06105738336326389
170203,2026-02-01,Madre de Dios,Manu,Madre de Dios,114,31.93,Bajo,94,0,0,103.51854674127715,11.681043400251452,1149.78,628978.69,471554,0,70974.01969992783,6076,0,0,0.3931911003587504,0.15669705362361452,0,-0,0.043644212139821295,0.017393372952221212,0.061037585092042504
021404,2026-02-01,Áncash,Ocros,Carhuapampa,115,31.89,Bajo,93.9,0,0,646.1949367088603,0,16875.39,204197.59999999986,601294,0,0,316,0,0,0.5473839251495477,0,0,-0,0.060759615691599794,0,0.060759615691599794
021910,2026-02-01,Áncash,Sihuas,Sicsibamba,116,31.83,Bajo,93.9,0,0,615.9360862619804,0,63492.49,771151.9799999995,1321311,0,0,1252,0,0,0.5433345932377358,0,0,-0,0.060310139849388676,0,0.060310139849388676
090606,2026-02-01,Huancavelica,Huaytará,Ocoyo,117,31.82,Bajo,93.8,0,1.5070762371553679,1465.998145539906,10149.21669819972,5907.39,624515.21,2908608,43834.94,4323566.313433081,426,0,0.4272871496562665,0.6165887566355928,0.5690976186111116,0,-0.0713569539925965,0.0684413519865508,0.0631698356658334,0.06025423365978769
030212,2026-02-01,Apurímac,Andahuaylas,San Antonio de Cachi,118,31.78,Bajo,93.8,0,0,595.9160880195599,0,11032.34,1706107.7599999998,9704866,0,0,2863,0,0,0.5405447635343751,0,0,-0,0.060000468752315635,0,0.060000468752315635
040411,2026-02-01,Arequipa,Castilla,Tipan,119,31.78,Bajo,93.7,0,0,594.4706666666667,0,15202.43,222926.5,443963,0,0,375,0,0,0.5403397334397947,0,0,-0,0.05997771041181721,0,0.05997771041181721
030709,2026-02-01,Apurímac,Grau,San Antonio,120,31.67,Bajo,93.7,0,0,544.5780660377359,0,760.39,115450.55000000002,542638,0,0,212,0,0,0.5329394384839615,0,0,-0,0.05915627767171973,0,0.05915627767171973
210709,2026-02-01,Puno,Lampa,Santa Lucia,121,31.66,Bajo,93.6,0,1.2447254625435458,293.82120330147706,39689.72863010716,136733.93,2029129.2300000004,3212130,39982.2,274097265.91952,6906,0,0.39978847170809095,0.48088931270317725,0.6532183014204178,0,-0.06676467477525119,0.05337871371005268,0.07250723145766638,0.05912127039246787
020901,2026-02-01,Áncash,Corongo,Corongo,122,31.62,Bajo,93.6,0,0,525.6876097832128,0,75216.2,945712.0099999998,1480302,0,0,1799,0,0,0.5299593781531843,0,0,-0,0.058825490975003454,0,0.058825490975003454
021703,2026-02-01,Áncash,Recuay,Cotaparaco,123,31.61,Bajo,93.5,0,0,519.7013131313132,0,12347.84,154351.29000000004,336129,0,0,297,0,0,0.5289926707080782,0,0,-0,0.05871818644859668,0,0.05871818644859668
190204,2026-02-01,Pasco,Daniel Alcides Carrión,Paucar,124,31.57,Bajo,93.5,0,0,506.0566554281861,0,90039.84999999999,750482.02,1291744,0,0,1483,0,0,0.5267470449229205,0,0,-0,0.05846892198644417,0,0.05846892198644417
021506,2026-02-01,Áncash,Pallasca,Lacabamba,125,31.51,Bajo,93.4,0,0,481.5345102505698,0,17540.52,211393.65000000014,371216,0,0,439,0,0,0.5225549448376274,0,0,-0,0.05800359887697665,0,0.05800359887697665
190205,2026-02-01,Pasco,Daniel Alcides Carrión,San Pedro de Pillao,126,31.51,Bajo,93.4,0,0,483.3045297670405,0,67185.91,560149.95,1460025,0,0,1159,0,0,0.5228645900988318,0,0,-0,0.05803796950097033,0,0.05803796950097033
040312,2026-02-01,Arequipa,Caravelí,Quicacha,127,31.46,Bajo,93.3,0,0.9470673615746893,975.8886496350364,3107.259327298368,77136.45,1871754.4299999997,4082075,38660,5959723.38975827,1918,0,0.37123215230037016,0.5822030184322423,0.49609272279411154,0,-0.06199576943416182,0.0646245350459789,0.055066292230146384,0.057695057841963465
150718,2026-02-01,Lima,Huarochirí,San Damian,128,31.45,Bajo,93.3,0,0,462.26257455268404,0,27696.5,465036.15000000014,1814920,0,0,1006,0,0,0.519108053759007,0,0,-0,0.05762099396724978,0,0.05762099396724978
030211,2026-02-01,Apurímac,Andahuaylas,Pomacocha,129,31.44,Bajo,93.2,0,0,459.93362336114416,0,2541.23,385884.30999999994,1232445,0,0,839,0,0,0.5186818304415235,0,0,-0,0.05757368317900911,0,0.05757368317900911
150713,2026-02-01,Lima,Huarochirí,Mariatana,130,31.42,Bajo,93.2,0,0,452.98064131245343,0,37302.34,607447.04,1617481,0,0,1341,0,0,0.5173964279229979,0,0,-0,0.057431003499452765,0,0.057431003499452765
020103,2026-02-01,Áncash,Huaraz,Colcabamba,131,31.41,Bajo,93.1,0,0,446.48649122807086,0,8349.21,101798.92000000016,267918,0,0,228,0,0,0.5161779434100515,0,0,-0,0.05729575171851572,0,0.05729575171851572
211307,2026-02-01,Puno,Yunguyo,Unicachi,132,31.41,Bajo,93,0,0,446.6011154598827,0,16006.01,228213.17000000004,279997,0,0,511,0,0,0.5161996030370244,0,0,-0,0.057298155937109706,0,0.057298155937109706
020204,2026-02-01,Áncash,Aija,La Merced,133,31.4,Bajo,93,0,2.2230615858310956,1417.9140673788002,44630.84251684401,86522.68000000001,1725601.42,3144181,69897.08,54315735.34299916,1217,0,0.5039661554732946,0.6137703837777085,0.6604562825646991,0,-0.08416234796404021,0.06812851259932565,0.07331064736468161,0.05727681199996705
030403,2026-02-01,Apurímac,Aymaraes,Caraybamba,134,31.37,Bajo,92.9,0,0,434.6310174418605,0,13356,299026.14,1419008,0,0,688,0,0,0.5139072077140058,0,0,-0,0.05704370005625464,0,0.05704370005625464
030407,2026-02-01,Apurímac,Aymaraes,Ihuayllo,135,31.37,Bajo,92.9,0,0,433.3119354838709,0,6955.79,161192.03999999998,601502,0,0,372,0,0,0.5136507466646439,0,0,-0,0.05701523287977548,0,0.05701523287977548
060306,2026-02-01,Cajamarca,Celendín,José Gálvez,136,31.36,Bajo,92.8,0,0,432.29735078937233,0,203315.81,1122676.22,2905927,0,0,2597,0,0,0.5134529566379873,0,0,-0,0.05699327818681659,0,0.05699327818681659
150730,2026-02-01,Lima,Huarochirí,Santiago de Tuna,137,31.35,Bajo,92.8,0,0,427.5094805194803,0,7949.69,131672.91999999993,445679,0,0,308,0,0,0.5125132831222662,0,0,-0,0.056888974426571544,0,0.056888974426571544
030205,2026-02-01,Apurímac,Andahuaylas,Huancaray,138,31.34,Bajo,92.7,0,0,425.2949845201239,0,8959.89,1511073.08,5639028,0,0,3553,0,0,0.5120751065376746,0,0,-0,0.05684033682568188,0,0.05684033682568188
050607,2026-02-01,Ayacucho,Lucanas,Huac-Huas,139,31.31,Bajo,92.7,0,0,415.69845861807147,0,16404.78,547474.8700000001,1185915,0,0,1317,0,0,0.5101495836689225,0,0,-0,0.056626603787250394,0,0.056626603787250394
060611,2026-02-01,Cajamarca,Cutervo,Santa Cruz,140,31.31,Bajo,92.6,0,0,413.71729378301495,0,159313.82,1018158.2599999998,2375868,0,0,2461,0,0,0.5097465482066678,0,0,-0,0.056581866850940125,0,0.056581866850940125
021905,2026-02-01,Áncash,Sihuas,Chingalpo,141,31.3,Bajo,92.6,0,0,411.7597916666667,0,25945.76,316231.52,400448,0,0,768,0,0,0.5093464310715178,0,0,-0,0.056537453848938476,0,0.056537453848938476
150726,2026-02-01,Lima,Huarochirí,Sangallaya,142,31.22,Bajo,92.5,0,0,388.0781587837838,0,13538.99,229742.27000000002,727335,0,0,592,0,0,0.5043496371928096,0,0,-0,0.05598280972840186,0,0.05598280972840186
150703,2026-02-01,Lima,Huarochirí,Callahuanca,143,31.14,Bajo,92.5,0,0,364.23479717813075,0,12345.13,206521.13000000012,713081,0,0,567,0,0,0.49900152266123526,0,0,-0,0.055389169015397116,0,0.055389169015397116
150905,2026-02-01,Lima,Oyón,Navan,144,31.14,Bajo,92.4,0,0,363.5866490066224,0,25894.96,274507.9199999999,1153356,0,0,755,0,0,0.4988513129990343,0,0,-0,0.055372495742892804,0,0.055372495742892804
190207,2026-02-01,Pasco,Daniel Alcides Carrión,Tapuc,145,31.13,Bajo,92.4,0,0,361.5131643924628,0,66868.76,556368.7600000002,1563362,0,0,1539,0,0,0.4983689788204132,0,0,-0,0.055318956649065866,0,0.055318956649065866
030220,2026-02-01,Apurímac,Andahuaylas,José María Arguedas,146,31.06,Bajo,92.3,0,0,342.6339348903043,0,12602,1936567,8091034,0,0,5652,0,0,0.49384591546323553,0,0,-0,0.05481689661641914,0,0.05481689661641914
150729,2026-02-01,Lima,Huarochirí,Santiago de Anchucaya,147,31.06,Bajo,92.3,0,0,342.90076923076913,0,4644.18,80238.77999999997,194092,0,0,234,0,0,0.4939115582778348,0,0,-0,0.05482418296883966,0,0.05482418296883966
190303,2026-02-01,Pasco,Oxapampa,Huancabamba,148,31.04,Bajo,92.2,0,0,337.4086972653566,0,300402.67,2455323.09,7181973,0,0,7277,0,0,0.49255010018296463,0,0,-0,0.05467306112030908,0,0.05467306112030908
060418,2026-02-01,Cajamarca,Chota,Tocmoche,149,30.97,Bajo,92.1,0,0,319.311286407767,0,41445.94,263112.5,925108,0,0,824,0,0,0.48790211229601116,0,0,-0,0.05415713446485724,0,0.05415713446485724
030610,2026-02-01,Apurímac,Chincheros,El Porvenir,150,30.95,Bajo,92.1,0,0,316.3509209744504,0,3952.95,532418.6,2453389,0,0,1683,0,0,0.48711688056184804,0,0,-0,0.054069973742365135,0,0.054069973742365135
211301,2026-02-01,Puno,Yunguyo,Yunguyo,151,30.93,Bajo,92,0,0,311.17408553384485,0,344412.03,7341530.200000001,6630080,0,0,23593,0,0,0.48572596348229935,0,0,-0,0.05391558194653523,0,0.05391558194653523
120705,2026-02-01,Junín,Tarma,La Unión,152,30.91,Bajo,92,0,0,306.533474824356,0,91770.81,1047118.3500000001,1738469,0,0,3416,0,0,0.4844593720740154,0,0,-0,0.05377499030021571,0,0.05377499030021571
120805,2026-02-01,Junín,Yauli,Morococha,153,30.91,Bajo,91.9,1,3.836055085449166,6493.889845291049,0,446180.57,33579904.390000015,105594419,1859549.31,0,5171,0.125,0.6287678476996298,0.7424099766889342,0,0.076375,-0.10500423056583819,0.08240750741247169,0,0.0537782768466335
160304,2026-02-01,Loreto,Loreto,Trompeteros,154,30.89,Bajo,91.9,2,3.387462310785691,0.005006343567622431,0,0.23,59.19,15359832,502804.94,0,11823,0.25,0.5938656795346378,4.2232411263907517e-4,0,0.15275,-0.09917556848228451,4.687797650293735e-5,0,0.05362130949421842
050617,2026-02-01,Ayacucho,Lucanas,San Pedro,155,30.88,Bajo,91.8,0,0,299.8835507246374,0,21917.789999999997,744910.7399999993,2057918,0,0,2484,0,0,0.48261064542740717,0,0,-0,0.053569781642442194,0,0.053569781642442194
090504,2026-02-01,Huancavelica,Churcampa,El Carmen,156,30.88,Bajo,91.8,0,0,299.92962350780545,0,37045.740000000005,653246.7200000002,7307415,0,0,2178,0,0,0.4826235940279838,0,0,-0,0.05357121893710621,0,0.05357121893710621
060403,2026-02-01,Cajamarca,Chota,Chadin,157,30.85,Bajo,91.7,0,0,292.6035649102149,0,155816.48,993974.31,2012113,0,0,3397,0,0,0.4805393126713211,0,0,-0,0.053339863706516645,0,0.053339863706516645
210113,2026-02-01,Puno,Puno,San Antonio,158,30.85,Bajo,91.7,0,0,292.0493047034764,0,0,714060.5499999998,2158573,0,0,2445,0,0,0.4803795141686682,0,0,-0,0.05332212607272217,0,0.05332212607272217
090101,2026-02-01,Huancavelica,Huancavelica,Huancavelica,159,30.84,Bajo,91.6,0,0,290.79373951020966,0,934419.41,12717282.61,23538217,0,0,43733,0,0,0.48001640210127317,0,0,-0,0.05328182063324132,0,0.05328182063324132
060609,2026-02-01,Cajamarca,Cutervo,San Juan de Cutervo,160,30.83,Bajo,91.6,0,0,288.0458711903393,0,78821.81,500911.77,965187,0,0,1739,0,0,0.47921623073233083,0,0,-0,0.053193001611288725,0,0.053193001611288725
210213,2026-02-01,Puno,Azángaro,San Juan de Salinas,161,30.79,Bajo,91.5,0,0,278.7815868506494,0,22763.24,686917.8300000001,993019,0,0,2464,0,0,0.4764613055809477,0,0,-0,0.052887204919485196,0,0.052887204919485196
061302,2026-02-01,Cajamarca,Santa Cruz,Andabamba,162,30.78,Bajo,91.5,0,0,277.56957427536224,0,50636.79,306436.80999999994,762162,0,0,1104,0,0,0.47609415817786827,0,0,-0,0.052846451557743375,0,0.052846451557743375
120608,2026-02-01,Junín,Satipo,Río Tambo,163,30.77,Bajo,91.4,0,0,275.8469159907512,0,276429.27,7516000.919999998,21577415,0,0,27247,0,0,0.47556956596905237,0,0,-0,0.05278822182256481,0,0.05278822182256481
020106,2026-02-01,Áncash,Huaraz,Jangas,164,30.73,Bajo,91.4,1,7.406379399183054,467.7715768945019,2240.785913610055,197023.64,2518482.169999998,5139136,205297.66,12064391.358876538,5384,0.125,0.8053939714436806,0.5201077919086994,0.47593333146220534,0.076375,-0.13450079323109468,0.057731964901865634,0.052828599792304795,0.05243477146307575
120303,2026-02-01,Junín,Chanchamayo,Pichanaqui,165,30.73,Bajo,91.3,0,0,266.00680715995423,0,341236.4,10224237.64,16733971,0,0,38436,0,0,0.47250897515788903,0,0,-0,0.052448496242525684,0,0.052448496242525684
060507,2026-02-01,Cajamarca,Contumazá,Tantarica,166,30.72,Bajo,91.2,0,0,265.2573528308961,0,100786.5,707441.3599999999,1776030,0,0,2667,0,0,0.47227126751888765,0,0,-0,0.05242211069459653,0,0.05242211069459653
050502,2026-02-01,Ayacucho,La Mar,Anco,167,30.71,Bajo,91.2,2,9.013551210184149,105.56740428943672,0,941.27,526675.7799999998,6521115,536847.66,0,4989,0.25,0.8635642517186674,0.39483284705095545,0,0.15275,-0.14421523003701744,0.043826446022656056,0,0.05236121598563861
120603,2026-02-01,Junín,Satipo,Llaylla,168,30.7,Bajo,91.1,0,0,260.5647808812906,0,77875.25,2164251.0699999994,13524715,0,0,8306,0,0,0.4707675202169336,0,0,-0,0.05225519474407963,0,0.05225519474407963
130504,2026-02-01,La Libertad,Julcán,Huaso,169,30.7,Bajo,91.1,0,0,260.8691913057376,0,93930.33,1632258.5300000003,1612961,0,0,6257,0,0,0.47086588456997297,0,0,-0,0.052266113187267,0,0.052266113187267
200114,2026-02-01,Piura,Piura,Tambo Grande,170,30.7,Bajo,91,1,0.6780592972796315,32.70815602520658,0,8082.0599999999995,4401471.139999999,11110223,45333.9,0,134568,0.125,0.3421470121628768,0.2974909758890506,0,0.076375,-0.05713855103120043,0.03302149832368462,0,0.05225794729248419
030710,2026-02-01,Apurímac,Grau,Santa Rosa,171,30.68,Bajo,91,0,0,256.34672645739914,0,731.17,114330.64000000001,511664,0,0,446,0,0,0.4693926284251504,0,0,-0,0.052102581755191696,0,0.052102581755191696
060506,2026-02-01,Cajamarca,Contumazá,Santa Cruz de Toledo,172,30.68,Bajo,90.9,0,0,257.1314639175258,0,35675.39,249417.52000000002,618563,0,0,970,0,0,0.46965011494717396,0,0,-0,0.05213116275913631,0,0.05213116275913631
060413,2026-02-01,Cajamarca,Chota,Paccha,173,30.66,Bajo,90.9,0,0,253.20303847039855,0,172387.58,1099154.3900000001,2448661,0,0,4341,0,0,0.4683531940155758,0,0,-0,0.051987204535728915,0,0.051987204535728915
151007,2026-02-01,Lima,Yauyos,Carania,174,30.66,Bajo,90.8,0,0,253.29653225806467,0,5220.570000000001,31408.77000000002,333692,0,0,124,0,0,0.46838429200023884,0,0,-0,0.05199065641202651,0,0.05199065641202651
090407,2026-02-01,Huancavelica,Castrovirreyna,Huachos,175,30.63,Bajo,90.8,0,0,247.73131756756757,0,5058.46,146656.94,642472,0,0,592,0,0,0.4665129735950651,0,0,-0,0.05178294006905223,0,0.05178294006905223
150503,2026-02-01,Lima,Cañete,Calango,176,30.63,Bajo,90.7,0,0,246.90714400320908,0,93513.70999999999,615539.5100000002,1052864,0,0,2493,0,0,0.46623228885291373,0,0,-0,0.051751784062673424,0,0.051751784062673424
120415,2026-02-01,Junín,Jauja,Marco,177,30.6,Bajo,90.7,0,0,240.98012679628064,0,11344.560000000001,285079.49,1511392,0,0,1183,0,0,0.46418583808403324,0,0,-0,0.05152462802732769,0,0.05152462802732769
090406,2026-02-01,Huancavelica,Castrovirreyna,Cocas,178,30.59,Bajo,90.6,0,0,240.35877650897234,0,5374.5,147339.93000000005,645870,0,0,613,0,0,0.46396840527995603,0,0,-0,0.05150049298607512,0,0.05150049298607512
150809,2026-02-01,Lima,Huaura,Santa Leonor,179,30.54,Bajo,90.6,0,0,230.04138134592685,0,34361.3,194845.05000000005,387475,0,0,847,0,0,0.46027379040675775,0,0,-0,0.051090390735150114,0,0.051090390735150114
210207,2026-02-01,Puno,Azángaro,José Domingo Choquehuanca,180,30.54,Bajo,90.5,0,0,231.28067491319456,0,35246.89,1065741.3500000006,1453275,0,0,4608,0,0,0.4607262005488529,0,0,-0,0.05114060826092267,0,0.05114060826092267
050615,2026-02-01,Ayacucho,Lucanas,San Cristóbal,181,30.52,Bajo,90.5,0,0,227.16054678692237,0,12397.03,402982.8100000003,1335442,0,0,1774,0,0,0.45921268045091485,0,0,-0,0.05097260753005155,0,0.05097260753005155
210114,2026-02-01,Puno,Puno,Tiquillaca,182,30.52,Bajo,90.4,0,0,227.55487900078057,0,20208.21,291497.79999999993,662095,0,0,1281,0,0,0.4593587153856229,0,0,-0,0.05098881740780414,0,0.05098881740780414
210210,2026-02-01,Puno,Azángaro,Saman,183,30.51,Bajo,90.3,0,0,225.99645931645935,0,52744.15,1580393.2400000002,1199038,0,0,6993,0,0,0.4587801014772563,0,0,-0,0.05092459126397545,0,0.05092459126397545
090612,2026-02-01,Huancavelica,Huaytará,San Isidro,184,30.5,Bajo,90.3,0,0,224.2670183486239,0,10495.560000000001,244451.05000000005,1227205,0,0,1090,0,0,0.45813332172181864,0,0,-0,0.05085279871112187,0,0.05085279871112187
150302,2026-02-01,Lima,Cajatambo,Copa,185,30.5,Bajo,90.2,0,0,223.39548672566366,0,14226.769999999999,176705.82999999996,332464,0,0,791,0,0,0.45780550047757035,0,0,-0,0.05081641055301031,0,0.05081641055301031
120504,2026-02-01,Junín,Junín,Ulcumayo,186,30.48,Bajo,90.2,0,0,220.87043397396158,0,26709.16,712528.02,3841995,0,0,3226,0,0,0.4568484795307277,0,0,-0,0.050710181227910774,0,0.050710181227910774
061006,2026-02-01,Cajamarca,San Marcos,José Manuel Quiroz,187,30.46,Bajo,90.1,0,0,216.73393089190796,0,115248.64000000001,733861.0900000003,1756817,0,0,3386,0,0,0.45525691500477367,0,0,-0,0.05053351756552988,0,0.05053351756552988
120709,2026-02-01,Junín,Tarma,Tapo,188,30.46,Bajo,90.1,0,0,217.34428913738017,0,32204.83,816345.1499999999,2625707,0,0,3756,0,0,0.4554936490828437,0,0,-0,0.050559795048195647,0,0.050559795048195647
120406,2026-02-01,Junín,Jauja,Curicaca,189,30.44,Bajo,90,0,0,213.62097732603596,0,25421.55,273221.23,1001685,0,0,1279,0,0,0.4540391041799041,0,0,-0,0.05039834056396936,0,0.05039834056396936
060810,2026-02-01,Cajamarca,Jaén,San Felipe,190,30.43,Bajo,90,0,0,211.75980782918145,0,140317.59,892567.5899999999,3245667,0,0,4215,0,0,0.4533025346396491,0,0,-0,0.05031658134500105,0,0.05031658134500105
211104,2026-02-01,Puno,San Román,Caracoto,191,30.42,Bajo,89.9,0,0,209.9240271668822,0,146734.49,1622712.7299999995,3101673,0,0,7730,0,0,0.45256967350535665,0,0,-0,0.05023523375909459,0,0.05023523375909459
030219,2026-02-01,Apurímac,Andahuaylas,Kaquiabamba,192,30.41,Bajo,89.9,0,0,208.9831420765027,0,2033.7199999999998,305951.31999999995,1064146,0,0,1464,0,0,0.452191587098938,0,0,-0,0.050193266167982115,0,0.050193266167982115
060802,2026-02-01,Cajamarca,Jaén,Bellavista,193,30.36,Bajo,89.8,0,0,201.53170451105055,0,520092.21,3328296.0999999996,8343684,0,0,16515,0,0,0.44913604831016596,0,0,-0,0.049854101362428425,0,0.049854101362428425
090403,2026-02-01,Huancavelica,Castrovirreyna,Aurahua,194,30.36,Bajo,89.8,0,0,200.64482758620696,0,8913.69,238566.70000000007,1279215,0,0,1189,0,0,0.4487649123505849,0,0,-0,0.04981290527091493,0,0.04981290527091493
211305,2026-02-01,Puno,Yunguyo,Ollaraya,195,30.35,Bajo,89.7,0,0,198.81490717511295,0,27599.28,396238.1100000001,674814,0,0,1993,0,0,0.44799394978346685,0,0,-0,0.04972732842596482,0,0.04972732842596482
120411,2026-02-01,Junín,Jauja,Janjaillo,196,30.34,Bajo,89.7,0,0,198.36605427974953,0,3593.0600000000004,95017.34000000003,341044,0,0,479,0,0,0.4478037655675361,0,0,-0,0.04970621797799651,0,0.04970621797799651
120707,2026-02-01,Junín,Tarma,Palcamayo,197,30.34,Bajo,89.6,0,0,197.604372895623,0,18404.339999999997,469507.9900000002,1353788,0,0,2376,0,0,0.4474800503268651,0,0,-0,0.049670285586282024,0,0.049670285586282024
030711,2026-02-01,Apurímac,Grau,Turpay,198,30.31,Bajo,89.6,0,0.2707550152280133,915.7117803030302,191.52162878059778,2604.74,483495.81999999995,1277908,3460,101123.41999615563,528,0,0.3030142781597039,0.576826172576539,0.3244976586119264,0,-0.050603384452670555,0.06402770515599583,0.03601924010592383,0.04944356080924911
210110,2026-02-01,Puno,Puno,Paucarcolla,199,30.31,Bajo,89.5,0,0,192.91368979591826,0,49782.29,708957.8099999996,1298926,0,0,3675,0,0,0.44545872043869456,0,0,-0,0.049445917968695095,0,0.049445917968695095
060411,2026-02-01,Cajamarca,Chota,Llama,200,30.28,Bajo,89.5,0,0,188.72899900042842,0,205949.62,1321669.1800000002,2994163,0,0,7003,0,0,0.4436137315760726,0,0,-0,0.04924112420494406,0,0.04924112420494406
130303,2026-02-01,La Libertad,Bolívar,Condormarca,201,30.28,Bajo,89.4,0,0,189.34914802475015,0,22934.460000000003,397822.56000000006,508448,0,0,2101,0,0,0.4438897026898473,0,0,-0,0.04927175699857305,0,0.04927175699857305
120304,2026-02-01,Junín,Chanchamayo,San Luis de Shuaro,202,30.27,Bajo,89.3,0,0,187.26730312837097,0,18833.44,520790.36999999965,1135883,0,0,2781,0,0,0.442959680431092,0,0,-0,0.04916852452785121,0,0.04916852452785121
150508,2026-02-01,Lima,Cañete,Lunahuana,203,30.27,Bajo,89.3,0,0,187.39770315303767,0,147224.15,731038.44,1531055,0,0,3901,0,0,0.44301823522986533,0,0,-0,0.04917502411051505,0,0.04917502411051505
090615,2026-02-01,Huancavelica,Huaytará,Santo Domingo de Capillas,204,30.26,Bajo,89.2,0,0,185.68323630136987,0,4610.89,108439.01000000001,629551,0,0,584,0,0,0.44224511471319145,0,0,-0,0.049089207733164254,0,0.049089207733164254
151024,2026-02-01,Lima,Yauyos,Quinches,205,30.26,Bajo,89.2,0,0,186.19718676122966,0,13043.88,78761.41000000015,404427,0,0,423,0,0,0.4424776178857855,0,0,-0,0.04911501558532219,0,0.04911501558532219
120419,2026-02-01,Junín,Jauja,Monobamba,206,30.19,Bajo,89.1,0,0,176.47752297794122,0,15100.900000000001,384015.0900000001,5326300,0,0,2176,0,0,0.43796853163684923,0,0,-0,0.04861450701169027,0,0.04861450701169027
120417,2026-02-01,Junín,Jauja,Masma Chicche,207,30.14,Bajo,89.1,0,0,169.4710973724884,0,4111.88,109647.79999999999,439963,0,0,647,0,0,0.43456225291876915,0,0,-0,0.048236410073983375,0,0.048236410073983375
130306,2026-02-01,La Libertad,Bolívar,Ucuncha,208,30.12,Bajo,89,0,0,167.477403628118,0,8608.970000000001,147715.07000000007,219448,0,0,882,0,0,0.4335673749503575,0,0,-0,0.04812597861948969,0,0.04812597861948969
130502,2026-02-01,La Libertad,Julcán,Calamarca,209,30.1,Bajo,89,0,0,164.82902649006618,0,43804.979999999996,746675.4899999998,2060157,0,0,4530,0,0,0.43222743831328564,0,0,-0,0.047977245652774704,0,0.047977245652774704
210903,2026-02-01,Puno,Moho,Huayrapata,210,30.1,Bajo,88.9,0,0,164.76605468749995,0,22865.420000000002,337440.8799999999,375266,0,0,2048,0,0,0.43219531812170386,0,0,-0,0.04797368031150913,0,0.04797368031150913
050413,2026-02-01,Ayacucho,Huanta,Putis,211,30.08,Bajo,88.9,0,0,162.5808518518518,0,3715.3799999999997,43896.82999999999,130077,0,0,270,0,0,0.43107308103662767,0,0,-0,0.047849111995065675,0,0.047849111995065675
040127,2026-02-01,Arequipa,Arequipa,Yarabamba,212,30.07,Bajo,88.8,0,17.409333752716254,33885.27367368986,9871520.150506265,9300319.29,62721641.56999993,187643947,22444887.25,18272183798.587097,1851,0,0.960867265996827,0.8821171271285642,0.9935135029352227,0,-0.16046483342147014,0.09791500111127062,0.11027999882580972,0.0477301665156102
090401,2026-02-01,Huancavelica,Castrovirreyna,Castrovirreyna,213,30.07,Bajo,88.8,0,0,160.5268747807787,0,16380.72,457662.1200000001,3240871,0,0,2851,0,0,0.43000448353459936,0,0,-0,0.04773049767234053,0,0.04773049767234053
130604,2026-02-01,La Libertad,Otuzco,Charat,214,30.07,Bajo,88.7,0,0,161.25488842105267,0,22323.059999999998,382980.3600000001,961585,0,0,2375,0,0,0.4303847849492145,0,0,-0,0.04777271112936281,0,0.04777271112936281
210603,2026-02-01,Puno,Huancané,Huatasani,215,30.07,Bajo,88.7,0,0,160.63988954344623,0,30373.78,436297.93999999994,798935,0,0,2716,0,0,0.4300636326945961,0,0,-0,0.047737063229100166,0,0.047737063229100166
120203,2026-02-01,Junín,Concepción,Andamarca,216,30.06,Bajo,88.6,0,0,159.71775716014525,0,14926.86,395940.32000000007,1762591,0,0,2479,0,0,0.4295797985005593,0,0,-0,0.04768335763356208,0,0.04768335763356208
120701,2026-02-01,Junín,Tarma,Tarma,217,30.06,Bajo,88.6,0,0,160.24283763499145,0,251188.24000000002,7686207.949999999,9954116,0,0,47966,0,0,0.4298556425435789,0,0,-0,0.04771397632233726,0,0.04771397632233726
090404,2026-02-01,Huancavelica,Castrovirreyna,Capillas,218,30.05,Bajo,88.5,0,1.9262482968568961,890.0856205420828,11690.280188179242,6035.74,623950.02,1716679,25567.5,8194886.411913648,701,0,0.48069804336329985,0.5744284278769232,0.5778172669595024,0,-0.08027657324167108,0.06376155549433847,0.06413771663250477,0.04762269888517216
050411,2026-02-01,Ayacucho,Huanta,Pucacolpa,219,30.03,Bajo,88.4,0,0,155.50764668769722,0,21203.44,246479.6200000001,647174,0,0,1585,0,0,0.42733492894823505,0,0,-0,0.04743417711325409,0,0.04743417711325409
211103,2026-02-01,Puno,San Román,Cabanillas,220,30.03,Bajo,88.4,1,1.7044631367235104,149.57116484103662,0,39211.57000000001,559844.8700000001,1525407,26000,0,3743,0.125,0.4547858276044421,0.424064735221596,0,0.076375,-0.07594923320994183,0.04707118560959715,0,0.04749695239965532
090306,2026-02-01,Huancavelica,Angaraes,Congalla,221,30.01,Bajo,88.3,0,0,153.75602634115003,0,38693.149999999994,478642.51,2536433,0,0,3113,0,0,0.4263831059282933,0,0,-0,0.04732852475804056,0,0.04732852475804056
090609,2026-02-01,Huancavelica,Huaytará,Quito-Arma,222,30.01,Bajo,88.3,0,0,153.34820689655174,0,3765.17,88941.96,560206,0,0,580,0,0,0.42615995263307427,0,0,-0,0.04730375474227124,0,0.04730375474227124
210606,2026-02-01,Puno,Huancané,Rosaspata,223,29.98,Bajo,88.2,0,0,150.48146842878117,0,36002.79,512389.3999999999,821538,0,0,3405,0,0,0.4245744708843547,0,0,-0,0.04712776626816337,0,0.04712776626816337
210904,2026-02-01,Puno,Moho,Tilali,224,29.97,Bajo,88.2,0,0,148.77343684431392,0,24507.95,354527.1000000001,888978,0,0,2383,0,0,0.4236154976186949,0,0,-0,0.04702132023567513,0,0.04702132023567513
211206,2026-02-01,Puno,Sandia,Quiaca,225,29.97,Bajo,88.1,0,0.8281341261804746,1444.5816896398394,284.20971019294564,313807.99,3248864.219999999,4564478,37800,639187.6382239347,2249,0,0.3590692755156002,0.6153450508104048,0.34874248586216994,0,-0.05996456901110524,0.06830330063995493,0.03871041593070086,0.04704914755955056
090410,2026-02-01,Huancavelica,Castrovirreyna,San Juan,226,29.96,Bajo,88.1,0,0,148.50102015113353,0,4252.37,117909.81000000003,953011,0,0,794,0,0,0.4234615389094023,0,0,-0,0.04700423081894366,0,0.04700423081894366
090312,2026-02-01,Huancavelica,Angaraes,Secclla,227,29.95,Bajo,88,0,0,146.6736418226775,0,19733.25,415233.07999999996,1054230,0,0,2831,0,0,0.42242146969164807,0,0,-0,0.04688878313577294,0,0.04688878313577294
120432,2026-02-01,Junín,Jauja,Tunan Marca,228,29.95,Bajo,88,0,0,147.04944987775056,0,4740.1,120286.44999999995,535074,0,0,818,0,0,0.4226364116278224,0,0,-0,0.04691264169068829,0,0.04691264169068829
211102,2026-02-01,Puno,San Román,Cabana,229,29.95,Bajo,87.9,0,0,146.906769771529,0,58071.42,835899.52,1747942,0,0,5690,0,0,0.42255487062230407,0,0,-0,0.04690359063907575,0,0.04690359063907575
090413,2026-02-01,Huancavelica,Castrovirreyna,Ticrapo,230,29.92,Bajo,87.9,0,0,142.95315866084425,0,6359.46,196417.64,638506,0,0,1374,0,0,0.42026354864951654,0,0,-0,0.04664925390009634,0,0.04664925390009634
120703,2026-02-01,Junín,Tarma,Huaricolca,231,29.92,Bajo,87.8,0,0,143.7177488855869,0,7743.22,193444.08999999997,430688,0,0,1346,0,0,0.4207115370978276,0,0,-0,0.04669898061785886,0,0.04669898061785886
120306,2026-02-01,Junín,Chanchamayo,Vitoc,232,29.91,Bajo,87.8,0,0,142.84104136947226,0,7212.47,200263.14000000013,666221,0,0,1402,0,0,0.42019765695775785,0,0,-0,0.046641939922311124,0,0.046641939922311124
120708,2026-02-01,Junín,Tarma,San Pedro de Cajas,233,29.91,Bajo,87.7,0,0,142.86658469945354,0,13783.06,366024.18999999994,686144,0,0,2562,0,0,0.4202126733712212,0,0,-0,0.046643606744205555,0,0.046643606744205555
151013,2026-02-01,Lima,Yauyos,Huampara,234,29.88,Bajo,87.7,0,0,138.76586538461532,0,2360.81,14431.649999999994,79019,0,0,104,0,0,0.41776713508410707,0,0,-0,0.046372151994335885,0,0.046372151994335885
150404,2026-02-01,Lima,Canta,Huaros,235,29.84,Bajo,87.6,0,0,134.58921379310337,0,7803.39,97577.17999999993,187291,0,0,725,0,0,0.41520141931546156,0,0,-0,0.04608735754401624,0,0.04608735754401624
061002,2026-02-01,Cajamarca,San Marcos,Chancay,236,29.83,Bajo,87.5,0,0,133.78056399864911,0,61918.55,396124.25,1024112,0,0,2961,0,0,0.4146955437443795,0,0,-0,0.046031205355626124,0,0.046031205355626124
060502,2026-02-01,Cajamarca,Contumazá,Chilete,237,29.8,Bajo,87.5,0,0,131.24565436241608,0,44780.09,312889.6399999999,757030,0,0,2384,0,0,0.4130898537545188,0,0,-0,0.045852973766751584,0,0.045852973766751584
120135,2026-02-01,Junín,Huancayo,Santo Domingo de Acobamba,238,29.8,Bajo,87.4,0,0,130.91793900184848,0,26406.25,708266.0500000003,2112806,0,0,5410,0,0,0.4128800254200112,0,0,-0,0.04582968282162124,0,0.04582968282162124
151022,2026-02-01,Lima,Yauyos,Omas,239,29.8,Bajo,87.4,0,0,131.19628899835763,0,13164.189999999999,79898.5399999998,441186,0,0,609,0,0,0.4130582795741602,0,0,-0,0.04584946903273178,0,0.04584946903273178
050603,2026-02-01,Ayacucho,Lucanas,Cabana,240,29.79,Bajo,87.3,0,0,130.1326984126984,0,6756.389999999999,221355.71999999997,572419,0,0,1701,0,0,0.4123751261439223,0,0,-0,0.045773639001975376,0,0.045773639001975376
090110,2026-02-01,Huancavelica,Huancavelica,Manta,241,29.78,Bajo,87.3,0,0,128.725,0,7230.57,86760.65,690882,0,0,674,0,0,0.41146237947873876,0,0,-0,0.04567232412214,0,0.04567232412214
120425,2026-02-01,Junín,Jauja,Parco,242,29.78,Bajo,87.2,0,0,128.86819856704196,0,4824.3499999999995,125904.22999999998,539865,0,0,977,0,0,0.41155568030349665,0,0,-0,0.04568268051368813,0,0.04568268051368813
060703,2026-02-01,Cajamarca,Hualgayoc,Hualgayoc,243,29.73,Bajo,87.2,0,3.5105009859329366,2041.3648012094698,55523.34448167545,4763018.44,31730974.47,58362996,1759990.28,863054866.6231632,15544,0,0.6049709148598625,0.6445717311829026,0.6739275836039079,0,-0.10103014278159705,0.07154746216130219,0.07480596178003378,0.04532328115973891
090604,2026-02-01,Huancavelica,Huaytará,Huayacundo Arma,244,29.73,Bajo,87.1,0,0,123.83176352705411,0,2657.23,61792.05,553769,0,0,499,0,0,0.4082107193929103,0,0,-0,0.04531138985261304,0,0.04531138985261304
101002,2026-02-01,Huánuco,Lauricocha,Baños,245,29.72,Bajo,87.1,0,0,123.11382598331348,0,18695.66,103292.5,329377,0,0,839,0,0,0.40772293993272,0,0,-0,0.04525724633253192,0,0.04525724633253192
090616,2026-02-01,Huancavelica,Huaytará,Tambo,246,29.69,Bajo,87,0,0,120.13046680497924,0,4789.24,115805.76999999999,2083035,0,0,964,0,0,0.40566530590234395,0,0,-0,0.045028848955160176,0,0.045028848955160176
090115,2026-02-01,Huancavelica,Huancavelica,Pilchaca,247,29.68,Bajo,87,0,0,119.06630165289255,0,44.260000000000005,57628.09,243514,0,0,484,0,0,0.40491906260643834,0,0,-0,0.044946015949314654,0,0.044946015949314654
051004,2026-02-01,Ayacucho,Víctor Fajardo,Asquipata,248,29.67,Bajo,86.9,0,0,118.30197033898298,0,7239.92,55838.52999999997,207470,0,0,472,0,0,0.40437898444035547,0,0,-0,0.04488606727287946,0,0.04488606727287946
130503,2026-02-01,La Libertad,Julcán,Carabamba,249,29.67,Bajo,86.9,0,0,118.84284561049449,0,47553.130000000005,824412.8200000003,1228965,0,0,6937,0,0,0.404761524544803,0,0,-0,0.044928529224473136,0,0.044928529224473136
120424,2026-02-01,Junín,Jauja,Pancan,250,29.65,Bajo,86.8,0,0,117.03471145564173,0,5046.3,135877.30000000005,600112,0,0,1161,0,0,0.4034758660589421,0,0,-0,0.04478582113254257,0,0.04478582113254257
150511,2026-02-01,Lima,Cañete,Pacaran,251,29.64,Bajo,86.8,0,0,115.66022346368712,0,15406.019999999999,207031.79999999993,730586,0,0,1790,0,0,0.402485302665069,0,0,-0,0.044675868595822656,0,0.044675868595822656
090509,2026-02-01,Huancavelica,Churcampa,San Pedro de Coris,252,29.63,Bajo,86.7,0,3.97395156220035,1218.4101519243757,222694.85617218632,292975.3,3608930.8700000006,11800247,441157.6,659622163.9820158,2962,0,0.6372289793759915,0.6009561346314077,0.759612877392129,0,-0.10641723955579059,0.06670613094408626,0.08431702939052632,0.044605920778821986
110203,2026-02-01,Ica,Chincha,Chavin,253,29.63,Bajo,86.6,0,6.3003508220836375,5072.824130156291,762465.1583992466,1625492.83,19799232.580000006,37832282,1710058.46,2975901513.2322598,3903,0,0.7678476996298255,0.7215281774963087,0.8355368391155537,0,-0.12823056583818085,0.08008962770209027,0.09274458914182646,0.04460365100573588
120426,2026-02-01,Junín,Jauja,Pomacancha,254,29.62,Bajo,86.6,0,0,113.771594068582,0,4476.57,122759.54999999999,419559,0,0,1079,0,0,0.401105002957055,0,0,-0,0.0445226553282331,0,0.0445226553282331
151017,2026-02-01,Lima,Yauyos,Huañec,255,29.62,Bajo,86.5,0,0,113.61748283752853,0,8269.61,49650.83999999997,324762,0,0,437,0,0,0.4009913706831344,0,0,-0,0.04451004214582792,0,0.04451004214582792
120908,2026-02-01,Junín,Chupaca,Tres de Diciembre,256,29.6,Bajo,86.5,0,0,111.90835760517798,0,14981.09,414956.18999999994,1409173,0,0,3708,0,0,0.39972082172701556,0,0,-0,0.04436901121169873,0,0.04436901121169873
170202,2026-02-01,Madre de Dios,Manu,Fitzcarrald,257,29.6,Bajo,86.4,0,0,112.5970515970516,0,707.79,183308,124665,0,0,1628,0,0,0.40023508928826085,0,0,-0,0.04442609491099696,0,0.04442609491099696
051009,2026-02-01,Ayacucho,Víctor Fajardo,Huancaraylla,258,29.57,Bajo,86.4,0,0,109.58543264942018,0,16164.289999999999,122845.27000000002,463945,0,0,1121,0,0,0.397962795156238,0,0,-0,0.044173870262342416,0,0.044173870262342416
150610,2026-02-01,Lima,Huaral,Santa Cruz de Andamarca,259,29.55,Bajo,86.3,0,3.3545661395844557,1129.5616618075799,73972.0368041808,178830.91,774879.2999999998,2086708,54000,50744817.24766803,686,0,0.5912215758857747,0.5945582774663871,0.6916249039061169,0,-0.09873400317292438,0.06599596879876897,0.07677036433357898,0.04403232995942356
150513,2026-02-01,Lima,Cañete,San Antonio,260,29.54,Bajo,86.3,0,0,107.16295110593715,0,85602.95999999999,552317.8500000001,2631449,0,0,5154,0,0,0.39608964128072743,0,0,-0,0.04396595018216075,0,0.04396595018216075
050412,2026-02-01,Ayacucho,Huanta,Chaca,261,29.53,Bajo,86.2,0,0,106.72912219451378,0,18282.65,213991.89000000013,620561,0,0,2005,0,0,0.39574976374959714,0,0,-0,0.04392822377620528,0,0.04392822377620528
120427,2026-02-01,Junín,Jauja,Ricran,262,29.53,Bajo,86.2,0,0,106.49539325842696,0,4030.89,104258.98999999999,561499,0,0,979,0,0,0.39556608412188426,0,0,-0,0.04390783533752916,0,0.04390783533752916
120431,2026-02-01,Junín,Jauja,Sincos,263,29.53,Bajo,86.1,0,0,106.0051797468355,0,16146.2,418720.4600000002,2499399,0,0,3950,0,0,0.39517954126414023,0,0,-0,0.04386492908031957,0,0.04386492908031957
120412,2026-02-01,Junín,Jauja,Julcán,264,29.52,Bajo,86.1,0,0,105.92272727272729,0,2771.9500000000003,73404.45000000001,468214,0,0,693,0,0,0.39511435195967454,0,0,-0,0.04385769306752387,0,0.04385769306752387
120502,2026-02-01,Junín,Junín,Carhuamayo,265,29.5,Bajo,86,0,0,104.07644563808113,0,20479.95,561908.73,2659218,0,0,5399,0,0,0.39364131094448157,0,0,-0,0.043694185514837454,0,0.043694185514837454
150515,2026-02-01,Lima,Cañete,Santa Cruz de Flores,266,29.5,Bajo,86,0,0,104.31187606112053,0,29304.49,368638.1699999999,1405556,0,0,3534,0,0,0.39383058069573734,0,0,-0,0.043715194457226846,0,0.043715194457226846
120416,2026-02-01,Junín,Jauja,Masma,267,29.48,Bajo,85.9,0,0,102.74945822454303,0,6091.56,157412.16999999993,563648,0,0,1532,0,0,0.3925665092171187,0,0,-0,0.04357488252310018,0,0.04357488252310018
090721,2026-02-01,Huancavelica,Tayacaja,Roble,268,29.47,Bajo,85.9,0,0,101.68830445544553,0,6114.9,82164.15,1206709,0,0,808,0,0,0.3916970823058288,0,0,-0,0.043478376135946996,0,0.043478376135946996
090112,2026-02-01,Huancavelica,Huancavelica,Moya,269,29.46,Bajo,85.8,0,0,101.0051202749141,0,4885.64,58784.98000000001,487788,0,0,582,0,0,0.39113256716039,0,0,-0,0.04341571495480329,0,0.04341571495480329
130304,2026-02-01,La Libertad,Bolívar,Longotea,270,29.46,Bajo,85.7,0,0,100.51550883095042,0,13849.48,239025.88000000012,430570,0,0,2378,0,0,0.3907256705819276,0,0,-0,0.04337054943459396,0,0.04337054943459396
151025,2026-02-01,Lima,Yauyos,Quinocay,271,29.44,Bajo,85.7,0,0,99.08451428571416,0,5445.87,34679.57999999996,289029,0,0,350,0,0,0.3895250804455377,0,0,-0,0.04323728392945468,0,0.04323728392945468
120429,2026-02-01,Junín,Jauja,San Pedro de Chunan,272,29.43,Bajo,85.6,0,0,98.45912248628888,0,2254.75,53857.140000000014,387226,0,0,547,0,0,0.38899498289522144,0,0,-0,0.04317844310136958,0,0.04317844310136958
150401,2026-02-01,Lima,Canta,Canta,273,29.43,Bajo,85.6,0,0,98.3997378104876,0,17101.54,213921.03000000003,885124,0,0,2174,0,0,0.38894447380650937,0,0,-0,0.043172836592522544,0,0.043172836592522544
120113,2026-02-01,Junín,Huancayo,Cullhuas,274,29.41,Bajo,85.5,0,0,97.113357400722,0,4043.5400000000004,107601.59999999998,436735,0,0,1108,0,0,0.3878428844281772,0,0,-0,0.04305056017152767,0,0.04305056017152767
050908,2026-02-01,Ayacucho,Sucre,San Pedro de Larcay,275,29.4,Bajo,85.5,0,0,96.22543589743593,0,6312.610000000001,75055.84000000003,148033,0,0,780,0,0,0.38707405651843785,0,0,-0,0.0429652202735466,0,0.0429652202735466
151004,2026-02-01,Lima,Yauyos,Ayaviri,276,29.4,Bajo,85.4,0,0,96.03875283446732,0,6887.42,42353.090000000084,487143,0,0,441,0,0,0.38691151946622715,0,0,-0,0.04294717866075121,0,0.04294717866075121
120404,2026-02-01,Junín,Jauja,Ataura,277,29.38,Bajo,85.4,0,0,94.92821503865072,0,5127.38,135082.84999999998,661671,0,0,1423,0,0,0.3859381107244122,0,0,-0,0.042839130290409755,0,0.042839130290409755
151026,2026-02-01,Lima,Yauyos,San Joaquín,278,29.38,Bajo,85.3,0,0,95.15913385826742,0,2010.66,12085.209999999963,79114,0,0,127,0,0,0.38614144043931387,0,0,-0,0.042861699888763836,0,0.042861699888763836
120120,2026-02-01,Junín,Huancayo,Huasicancha,279,29.37,Bajo,85.3,0,0,93.79564986737398,0,2600.98,70721.91999999998,77897,0,0,754,0,0,0.3849337184944086,0,0,-0,0.04272764275287935,0,0.04272764275287935
050109,2026-02-01,Ayacucho,Huamanga,San José de Ticllas,280,29.36,Bajo,85.2,0,0,93.03472205618647,0,13180.03,155647.08999999997,3809326,0,0,1673,0,0,0.38425214289220005,0,0,-0,0.042651987861034205,0,0.042651987861034205
120402,2026-02-01,Junín,Jauja,Acolla,281,29.36,Bajo,85.2,0,0,93.57616809400521,0,18843.08,469845.9400000002,1440009,0,0,5021,0,0,0.3847376881139079,0,0,-0,0.04270588338064378,0,0.04270588338064378
150403,2026-02-01,Lima,Canta,Huamantanga,282,29.35,Bajo,85.1,0,0,92.83344122657577,0,4344.1900000000005,54493.22999999998,224148,0,0,587,0,0,0.38407092984356034,0,0,-0,0.042631873212635195,0,0.042631873212635195
210607,2026-02-01,Puno,Huancané,Taraco,283,29.35,Bajo,85.1,0,0,92.6049320599425,0,82405.44,1192658.9199999995,4791276,0,0,12879,0,0,0.38386473138642385,0,0,-0,0.04260898518389305,0,0.04260898518389305
120414,2026-02-01,Junín,Jauja,Llocllapampa,284,29.32,Bajo,85,0,0,90.48471910112359,0,3811.01,96637.68,475912,0,0,1068,0,0,0.3819271657615737,0,0,-0,0.04239391539953468,0,0.04239391539953468
151021,2026-02-01,Lima,Yauyos,Miraflores,285,29.32,Bajo,85,0,0,90.5392810457517,0,2301.66,13852.51000000001,267067,0,0,153,0,0,0.38197758797271353,0,0,-0,0.042399512264971205,0,0.042399512264971205
120305,2026-02-01,Junín,Chanchamayo,San Ramón,286,29.31,Bajo,84.9,0,0,89.69503809492396,0,99021.71,2719463.8599999994,8272562,0,0,30319,0,0,0.38119401317748086,0,0,-0,0.042312535462700376,0,0.042312535462700376
030501,2026-02-01,Apurímac,Cotabambas,Tambobamba,287,29.29,Bajo,84.8,1,4.4568238459054195,3626.251797862002,0,759941.1900000001,37314131,111102311,3928098.83,0,10290,0.125,0.6652564780539397,0.6931452432790459,0,0.076375,-0.11109783183500795,0.0769391220039741,0,0.04221629016896615
151027,2026-02-01,Lima,Yauyos,San Pedro de Pilas,288,29.29,Bajo,84.8,0,0,88.17185520361983,0,3253.27,19485.97999999998,104871,0,0,221,0,0,0.3797616561679409,0,0,-0,0.04215354383464144,0,0.04215354383464144
170104,2026-02-01,Madre de Dios,Tambopata,Laberinto,289,29.28,Bajo,84.7,0,0,22.209755102040816,5.279383854745479,188.14,157800.31,510979,0,37510.022287966625,7105,0,0,0.26593268351555915,0.11333969316250621,0,-0,0.029518527870227067,0.01258070594103819,0.042099233811265256
130305,2026-02-01,La Libertad,Bolívar,Uchumarca,290,29.27,Bajo,84.7,0,0,87.15431318681314,0,11198.140000000001,190345.0199999999,409431,0,0,2184,0,0,0.3787910917525191,0,0,-0,0.04204581118452962,0,0.04204581118452962
101006,2026-02-01,Huánuco,Lauricocha,San Francisco de Asís,291,29.26,Bajo,84.6,0,0,86.40871693121692,0,11770.349999999999,65324.98999999999,171063,0,0,756,0,0,0.378072779395349,0,0,-0,0.04196607851288374,0,0.04196607851288374
130610,2026-02-01,La Libertad,Otuzco,Paranday,292,29.26,Bajo,84.6,0,0,86.70465208747515,0,2471.47,43612.44,87710,0,0,503,0,0,0.37835861593614445,0,0,-0,0.04199780636891203,0,0.04199780636891203
101001,2026-02-01,Huánuco,Lauricocha,Jesús,293,29.24,Bajo,84.5,0,0,85.4004651162791,0,43971.07,249710.96000000008,939338,0,0,2924,0,0,0.37709161621006876,0,0,-0,0.041857169399317634,0,0.041857169399317634
151028,2026-02-01,Lima,Yauyos,Tanta,294,29.23,Bajo,84.5,0,0,84.65826510721237,0,7253.27,43429.689999999944,557844,0,0,513,0,0,0.3763620125368237,0,0,-0,0.04177618339158743,0,0.04177618339158743
120202,2026-02-01,Junín,Concepción,Aco,295,29.21,Bajo,84.4,0,0,83.32869624573381,0,4615.3099999999995,122076.54000000004,667468,0,0,1465,0,0,0.37503906032230994,0,0,-0,0.041629335695776405,0,0.041629335695776405
170201,2026-02-01,Madre de Dios,Manu,Manu,296,29.18,Bajo,84.4,0,0,81.56007181328545,0,187.62,181715.83999999997,196114,0,0,2228,0,0,0.3732465368676441,0,0,-0,0.04143036559230849,0,0.04143036559230849
120418,2026-02-01,Junín,Jauja,Molinos,297,29.16,Bajo,84.3,0,0,80.24049659863944,0,4475.84,117953.52999999997,627798,0,0,1470,0,0,0.37188393739409353,0,0,-0,0.041279117050744385,0,0.041279117050744385
101003,2026-02-01,Huánuco,Lauricocha,Jivia,298,29.15,Bajo,84.3,0,0,79.50712802768166,0,8332.43,45955.119999999995,133611,0,0,578,0,0,0.37111705735313144,0,0,-0,0.04119399336619759,0,0.04119399336619759
050202,2026-02-01,Ayacucho,Cangallo,Chuschi,299,29.14,Bajo,84.2,0,0,78.52397446899805,0,61701.259999999995,732000.4899999998,2078206,0,0,9322,0,0,0.3700779450221931,0,0,-0,0.04107865189746344,0,0.04107865189746344
050304,2026-02-01,Ayacucho,Huanca Sancos,Santiago de Lucanamarca,300,29.14,Bajo,84.2,0,0,78.54603812467799,0,13037.310000000001,152457.86,626336,0,0,1941,0,0,0.3701014050884862,0,0,-0,0.04108125596482197,0,0.04108125596482197
051104,2026-02-01,Ayacucho,Vilcas Huamán,Concepción,301,29.13,Bajo,84.1,0,0,78.09077372262782,0,9158.3,106984.3600000001,502695,0,0,1370,0,0,0.3696160037285446,0,0,-0,0.04102737641386845,0,0.04102737641386845
120902,2026-02-01,Junín,Chupaca,Ahuac,302,29.13,Bajo,84.1,0,0,78.30496724059115,0,18490,513915.49999999977,1418746,0,0,6563,0,0,0.3698447232138301,0,0,-0,0.04105276427673514,0,0.04105276427673514
050111,2026-02-01,Ayacucho,Huamanga,Santiago de Pischa,303,29.12,Bajo,84,0,0,77.72624709976795,0,11381.11,134000.04999999993,868907,0,0,1724,0,0,0.36922532815358927,0,0,-0,0.04098401142504841,0,0.04098401142504841
120116,2026-02-01,Junín,Huancayo,Huacrapuquio,304,29.12,Bajo,84,0,0,77.32531674208144,0,3812.56,102533.37,231762,0,0,1326,0,0,0.3687935430095705,0,0,-0,0.040936083274062326,0,0.040936083274062326
120907,2026-02-01,Junín,Chupaca,San Juan de Jarpa,305,29.09,Bajo,83.9,0,0,75.67419131238445,0,5871.0199999999995,163758.94999999995,544797,0,0,2164,0,0,0.3669917443865647,0,0,-0,0.04073608362690868,0,0.04073608362690868
210501,2026-02-01,Puno,El Collao,Ilave,306,29.09,Bajo,83.8,1,2.4463426163602984,228.39473410417258,0,604793.43,10449287.48,18389799,449877.49,0,45751,0.125,0.5187731359069275,0.45966890498529894,0,0.076375,-0.0866351136964569,0.051023248453368183,0,0.040763134756911276
151033,2026-02-01,Lima,Yauyos,Vitis,307,29.08,Bajo,83.8,0,0,75.09892682926844,0,2508.44,15395.280000000028,90202,0,0,205,0,0,0.3663548568537455,0,0,-0,0.040665389110765754,0,0.040665389110765754
130102,2026-02-01,La Libertad,Trujillo,El Porvenir,308,29.05,Bajo,83.7,0,0,73.32423457936412,0,584086.04,10029362.130000003,17234598,0,0,136781,0,0,0.3643592794920512,0,0,-0,0.040443880023617686,0,0.040443880023617686
190101,2026-02-01,Pasco,Pasco,Chaupimarca,309,29.05,Bajo,83.7,1,2.978076376495226,456.1786121992167,0,1022523.05,11412676.520000003,21453616,638905.07,0,25018,0.125,0.5594923320994183,0.5179900664451269,0,0.076375,-0.09343521946060286,0.057496897375409084,0,0.04043667791480622
090722,2026-02-01,Huancavelica,Tayacaja,Pichos,310,29.03,Bajo,83.6,0,0,72.27433878157504,0,7379.78,97281.26000000001,1569402,0,0,1346,0,0,0.36315615258697365,0,0,-0,0.040310332937154074,0,0.040310332937154074
120122,2026-02-01,Junín,Huancayo,Ingenio,311,29.03,Bajo,83.6,0,0,72.27996887505554,0,5931.01,162557.6499999999,348025,0,0,2249,0,0,0.3631626502486448,0,0,-0,0.04031105417759957,0,0.04031105417759957
090202,2026-02-01,Huancavelica,Acobamba,Andabamba,312,29.01,Bajo,83.5,0,0,71.41466501240694,0,12868.06,172680.65999999997,1359376,0,0,2418,0,0,0.36215810323095277,0,0,-0,0.040199549458635755,0,0.040199549458635755
081302,2026-02-01,Cusco,Urubamba,Chinchero,313,29,Bajo,83.5,1,1.9412811192550332,110.46809020968468,0,106731.03000000001,1464585.9399999995,8288799,160908.88999999998,0,13258,0.125,0.48228450555261765,0.3986351165661629,0,0.076375,-0.08054151242728715,0.044248497938844084,0,0.040081985511556936
120909,2026-02-01,Junín,Chupaca,Yanacancha,314,28.99,Bajo,83.4,0,0,70.23787300177618,0,5727.11,158175.68999999994,560937,0,0,2252,0,0,0.3607725085762295,0,0,-0,0.040045748451961474,0,0.040045748451961474
050905,2026-02-01,Ayacucho,Sucre,Huacaña,315,28.97,Bajo,83.4,0,0,68.94934853420195,0,1803.6399999999999,21167.449999999997,36109,0,0,307,0,0,0.35922885653252906,0,0,-0,0.039874403075110726,0,0.039874403075110726
050902,2026-02-01,Ayacucho,Sucre,Belén,316,28.93,Bajo,83.3,0,0,67.16156363636367,0,1529.22,18469.430000000008,157415,0,0,275,0,0,0.35703932297491336,0,0,-0,0.039631364850215386,0,0.039631364850215386
120127,2026-02-01,Junín,Huancayo,Quichuay,317,28.93,Bajo,83.3,0,0,66.82417448923248,0,4504.79,121018.58000000002,410962,0,0,1811,0,0,0.356619681202265,0,0,-0,0.03958478461345141,0,0.03958478461345141
130107,2026-02-01,La Libertad,Trujillo,Moche,318,28.93,Bajo,83.2,0,0,67.15499719317214,0,188857.53,3229953.9000000004,6360345,0,0,48097,0,0,0.3570311755259739,0,0,-0,0.039630460483383104,0,0.039630460483383104
120132,2026-02-01,Junín,Huancayo,Saño,319,28.9,Bajo,83.2,0,0,65.7434600979545,0,17013.37,456391.1000000001,1648592,0,0,6942,0,0,0.35526130604693,0,0,-0,0.03943400497120923,0,0.03943400497120923
090203,2026-02-01,Huancavelica,Acobamba,Anta,320,28.89,Bajo,83.1,0,0,65.02607383627607,0,15143.5,202556.21999999997,1955950,0,0,3115,0,0,0.3543474055205424,0,0,-0,0.03933256201278021,0,0.03933256201278021
120413,2026-02-01,Junín,Jauja,Leonor Ordóñez,321,28.89,Bajo,83.1,0,0,64.94905844155844,0,3770.67,100021.54999999999,460558,0,0,1540,0,0,0.35424870360864497,0,0,-0,0.03932160610055959,0,0.03932160610055959
051103,2026-02-01,Ayacucho,Vilcas Huamán,Carhuanca,322,28.88,Bajo,83,0,0,64.26763852242743,0,34.199999999999996,48714.869999999995,134242,0,0,758,0,0,0.35337034936541356,0,0,-0,0.0392241087795609,0,0.0392241087795609
090107,2026-02-01,Huancavelica,Huancavelica,Huayllahuara,323,28.86,Bajo,82.9,0,0,63.642100694444444,0,2973.13,36657.85,254611,0,0,576,0,0,0.35255591648330303,0,0,-0,0.03913370672964664,0,0.03913370672964664
120211,2026-02-01,Junín,Concepción,Mito,324,28.86,Bajo,82.9,0,0,63.46530453257791,0,3269.35,89613.01000000001,206143,0,0,1412,0,0,0.35232430396565734,0,0,-0,0.039107997740187965,0,0.039107997740187965
150906,2026-02-01,Lima,Oyón,Pachangara,325,28.85,Bajo,82.8,2,35.520193229851174,283.2261854684511,0,55458.6,592509.1799999997,2815300,1000000,0,2092,0.25,0.9984135378106822,0.47779420237856113,0,0.15275,-0.16673506081438394,0.05303515646402029,0,0.039050095649636345
120106,2026-02-01,Junín,Huancayo,Chicche,326,28.81,Bajo,82.8,0,0,61.08768946395564,0,1207.25,33048.44,177505,0,0,541,0,0,0.3491462570647353,0,0,-0,0.03875523453418562,0,0.03875523453418562
120117,2026-02-01,Junín,Huancayo,Hualhuas,327,28.81,Bajo,82.7,0,0,61.30658252427183,0,14036.289999999999,378874.67999999993,1057371,0,0,6180,0,0,0.3494438839332228,0,0,-0,0.03878827111658773,0,0.03878827111658773
120212,2026-02-01,Junín,Concepción,Nueve de Julio,328,28.8,Bajo,82.7,0,0,60.67592426850256,0,6464.99,176263.55999999994,521911,0,0,2905,0,0,0.34858352931498676,0,0,-0,0.03869277175396353,0,0.03869277175396353
120904,2026-02-01,Junín,Chupaca,Huachac,329,28.8,Bajo,82.6,0,0,60.786330645161286,0,5934.22,165825.11,641339,0,0,2728,0,0,0.34873478097323435,0,0,-0,0.03870956068802901,0,0.03870956068802901
040303,2026-02-01,Arequipa,Caravelí,Atico,330,28.78,Bajo,82.6,1,4.905668455597579,874.32318430792,6.994192397609859,283235.37,5906053.109999999,15508704,368546.79,47245.7696458546,6755,0.125,0.6927551560021152,0.5729190995399407,0.12823412915497348,0.076375,-0.11569011105235324,0.06359402004893341,0.014233988336202057,0.03851289733278222
090109,2026-02-01,Huancavelica,Huancavelica,Laria,331,28.75,Bajo,82.5,0,0,58.35610108303249,0,2685.16,32329.28,203803,0,0,554,0,0,0.34534126921712605,0,0,-0,0.038332880883100995,0,0.038332880883100995
051107,2026-02-01,Ayacucho,Vilcas Huamán,Saurama,332,28.74,Bajo,82.5,0,0,58.04966014418129,0,4840.63,56366.22000000003,306286,0,0,971,0,0,0.3449035304645783,0,0,-0,0.03828429188156819,0,0.03828429188156819
120213,2026-02-01,Junín,Concepción,Orcotuna,333,28.74,Bajo,82.4,0,0,57.968208326014405,0,12365.25,330013.01,794700,0,0,5693,0,0,0.34478679759497477,0,0,-0,0.0382713345330422,0,0.0382713345330422
200204,2026-02-01,Piura,Ayabaca,Lagunas,334,28.72,Bajo,82.4,0,0,56.868518317011244,0,605.08,313573.01,2200828,0,0,5514,0,0,0.34319479489578636,0,0,-0,0.03809462223343229,0,0.03809462223343229
061307,2026-02-01,Cajamarca,Santa Cruz,Pulan,335,28.71,Bajo,82.3,0,1.1079521119725382,307.59375928677565,1252.2580702468365,203722.82,1035053,1881890,20850.44,4213848.406380605,3365,0,0.3870967741935484,0.4847504387567492,0.4400594882774147,0,-0.06464516129032258,0.053807298701999164,0.04884660319879303,0.03800874061046962
120428,2026-02-01,Junín,Jauja,San Lorenzo,336,28.67,Bajo,82.3,0,0,54.781273395721946,0,6501.429999999999,163905.57000000007,720589,0,0,2992,0,0,0.3400881352174312,0,0,-0,0.03774978300913486,0,0.03774978300913486
120201,2026-02-01,Junín,Concepción,Concepción,337,28.66,Bajo,82.2,0,0,54.40050535987749,0,36086.740000000005,959135.31,3680617,0,0,17631,0,0,0.33950888175280575,0,0,-0,0.03768548587456144,0,0.03768548587456144
050302,2026-02-01,Ayacucho,Huanca Sancos,Carapo,338,28.62,Bajo,82.2,0,0,52.787626800250486,0,7161.81,84301.84000000003,140232,0,0,1597,0,0,0.3370102750607356,0,0,-0,0.03740814053174165,0,0.03740814053174165
120125,2026-02-01,Junín,Huancayo,Pilcomayo,339,28.62,Bajo,82.1,0,0,52.747609149079054,0,56100.48,1492071.6199999992,4764493,0,0,28287,0,0,0.33694733300862373,0,0,-0,0.03740115396395723,0,0.03740115396395723
120129,2026-02-01,Junín,Huancayo,San Agustín,340,28.6,Bajo,82,0,0,51.88644019181643,0,42470.95,1157742.1400000001,3427857,0,0,22313,0,0,0.3355813604240288,0,0,-0,0.037249531007067196,0,0.037249531007067196
021807,2026-02-01,Áncash,Santa,Samanco,341,28.59,Bajo,82,1,3.6156940692840283,807.294998195597,0,358003.62,4474028.879999999,7526410,207563.16,0,5542,0.125,0.6107879428873612,0.5661818358585478,0,0.076375,-0.10200158646218932,0.0628461837802988,0,0.037219597318109476
120104,2026-02-01,Junín,Huancayo,Carhuacallanga,342,28.59,Bajo,81.9,0,0,51.70436170212765,0,764.29,19440.839999999997,166287,0,0,376,0,0,0.33528970298301924,0,0,-0,0.03721715703111514,0,0.03721715703111514
120421,2026-02-01,Junín,Jauja,Muquiyauyo,343,28.53,Bajo,81.9,0,0,49.22363994743758,0,314.72999999999996,112377.57,604797,0,0,2283,0,0,0.3312124401985544,0,0,-0,0.036764580862039535,0,0.036764580862039535
050206,2026-02-01,Ayacucho,Cangallo,Totos,344,28.5,Bajo,81.8,0,0,47.89848460615753,0,10269.3,119794.10999999999,5378174,0,0,2501,0,0,0.3289511195873285,0,0,-0,0.03651357427419346,0,0.03651357427419346
120204,2026-02-01,Junín,Concepción,Chambara,345,28.49,Bajo,81.8,0,0,47.82295048701303,0,4457.33,117835.75000000012,633765,0,0,2464,0,0,0.32882038409836106,0,0,-0,0.036499062634918075,0,0.036499062634918075
120210,2026-02-01,Junín,Concepción,Matahuasi,346,28.49,Bajo,81.7,0,0,47.73971428571427,0,11635.029999999999,320810.8799999999,839956,0,0,6720,0,0,0.3286760832848094,0,0,-0,0.03648304524461384,0,0.03648304524461384
120130,2026-02-01,Junín,Huancayo,San Jerónimo de Tunan,347,28.46,Bajo,81.7,0,0,46.43234735315448,0,23978.02,640302.0700000003,1981860,0,0,13790,0,0,0.3263766786593335,0,0,-0,0.03622781133118602,0,0.03622781133118602
050115,2026-02-01,Ayacucho,Huamanga,Jesús Nazareno,348,28.37,Bajo,81.6,0,0,43.290326856727816,0,81147.23,953599.3200000003,10483799,0,0,22028,0,0,0.3205804922729025,0,0,-0,0.035584434642292176,0,0.035584434642292176
210705,2026-02-01,Puno,Lampa,Ocuviri,349,28.35,Bajo,81.6,1,3.700378988449665,747.2520533980585,0,183798.91999999998,1539339.2300000004,2711956,100352.65,0,2060,0.125,0.6171337916446324,0.5596542084919334,0,0.076375,-0.10306134320465363,0.062121617142604606,0,0.03543527393795098
090709,2026-02-01,Huancavelica,Tayacaja,Huaribamba,350,28.34,Bajo,81.5,0,0,42.500472861842105,0,7819.76,103361.15,1702206,0,0,2432,0,0,0.31905872020388365,0,0,-0,0.035415517942631085,0,0.035415517942631085
120112,2026-02-01,Junín,Huancayo,Colca,351,28.34,Bajo,81.5,0,0,42.549017278617725,0,1387.8300000000002,39400.390000000014,44260,0,0,926,0,0,0.3191530422421841,0,0,-0,0.035425987688882436,0,0.035425987688882436
120802,2026-02-01,Junín,Yauli,Chacapalpa,352,28.33,Bajo,81.4,0,0.01050835065788186,5434.053155080214,0,88822.23999999999,3048503.8200000003,7612993,800,0,561,0,0.27181385510312006,0.7273443533508439,0,0,-0.045392913802221053,0.08073522322194368,0,0.03534230941972263
120105,2026-02-01,Junín,Huancayo,Chacapampa,353,28.22,Bajo,81.4,0,0,38.7205320435308,0,1226.42,32021.879999999976,154392,0,0,827,0,0,0.3113711155436102,0,0,-0,0.03456219382534073,0,0.03456219382534073
130703,2026-02-01,La Libertad,Pacasmayo,Jequetepeque,354,28.21,Bajo,81.3,0,0,38.392722330097094,0,609.49,197722.52000000002,743026,0,0,5150,0,0,0.310670281596564,0,0,-0,0.034484401257218605,0,0.034484401257218605
230302,2026-02-01,Tacna,Jorge Basadre,Ilabaya,355,28.19,Bajo,81.3,0,14.904266411953992,25354.10537358491,1408856.5906792542,19343337.95,201565137.72000003,217107375,17687152.84,11200409895.90007,7950,0,0.9450026441036489,0.8575896497025848,0.8734125003234011,0,-0.15781544156530938,0.09519245111698692,0.09694878753589753,0.03432579708757506
090508,2026-02-01,Huancavelica,Churcampa,San Miguel de Mayocc,356,28.16,Bajo,81.2,0,0,36.87774957698816,0,5388.5,21794.75,405211,0,0,591,0,0,0.3073537282250611,0,0,-0,0.03411626383298178,0,0.03411626383298178
120214,2026-02-01,Junín,Concepción,San José de Quero,357,28.1,Bajo,81.1,0,0,35.285175590097836,0,0,183871.0499999998,808329,0,0,5211,0,0,0.3037211112175064,0,0,-0,0.03371304334514321,0,0.03371304334514321
090207,2026-02-01,Huancavelica,Acobamba,Pomacocha,358,28.06,Bajo,81.1,0,0,34.167726449275364,0,6046.54,75442.34,611012,0,0,2208,0,0,0.3010757597601938,0,0,-0,0.033419409333381514,0,0.033419409333381514
211101,2026-02-01,Puno,San Román,Juliaca,359,27.85,Bajo,81,1,2.4892121669030787,95.13086063026243,0,1632914.04,25252011.300000012,48796871,356115.77,0,265445,0.125,0.5230037017451085,0.38611657141265254,0,0.076375,-0.08734161819143312,0.04285893942680443,0,0.031892321235371314
050903,2026-02-01,Ayacucho,Sucre,Chalcos,360,27.81,Bajo,81,0,0,27.97783132530121,0,998.1899999999999,11610.800000000003,91386,0,0,415,0,0,0.2847034379564218,0,0,-0,0.031602081613162816,0,0.031602081613162816
200104,2026-02-01,Piura,Piura,Castilla,361,27.79,Bajo,80.9,0,0,27.646965946334205,0,25390.06,5812138.710000001,10170329,0,0,210227,0,0,0.28373228695070873,0,0,-0,0.03149428385152867,0,0.03149428385152867
050409,2026-02-01,Ayacucho,Huanta,Canayre,362,27.75,Bajo,80.9,1,2.989111457025485,173.2402379110252,0,75782.26,895652.0300000003,2577388,77041,0,5170,0.125,0.5605499735589635,0.4364117095473488,0,0.076375,-0.09361184558434692,0.04844169975975572,0,0.031204854175408803
220704,2026-02-01,San Martín,Picota,Pilluana,363,27.66,Bajo,80.8,0,0,24.90882966396293,0,82.24,21496.320000000007,180987,0,0,863,0,0,0.2752361930427207,0,0,-0,0.030551217427741997,0,0.030551217427741997
080704,2026-02-01,Cusco,Chumbivilcas,Colquemarca,364,27.42,Bajo,80.8,1,4.750002284224882,1220.5728746132313,0,241634.83,8284028.1000000015,17620857,477052.53,0,6787,0.125,0.6842940243257536,0.6011059913666126,0,0.076375,-0.11427710206240085,0.066722765041694,0,0.028820662979293143
021016,2026-02-01,Áncash,Huari,Uco,365,27.39,Bajo,80.7,0,0.4897798376802506,6585.72752389227,0,542866.32,7580172.380000003,18549314,90850.8,0,1151,0,0.32310946589106293,0.7435974029966748,0,0,-0.05395928080380751,0.0825393117326309,0,0.028580030928823393
020101,2026-02-01,Áncash,Huaraz,Huaraz,366,27.35,Bajo,80.7,0,0.550093828491077,6992.098954938886,0,118194973.82,501662123.72000027,59589576,163045.4,0,71747,0,0.32786885245901637,0.7486602955291861,0,0,-0.054754098360655735,0.08310129280373967,0,0.02834719444308393
110304,2026-02-01,Ica,Nasca,Marcona,367,27.29,Bajo,80.6,0,9.415809736206928,6771.322781785816,555071.6456341096,11098548.51,144540656.10000002,561570850,37962004.53,11848559347.705704,21346,0,0.8709677419354839,0.7459473567204474,0.8159530634388272,0,-0.1454516129032258,0.08280015659596966,0.09057079004170983,0.027919333734453683
100904,2026-02-01,Huánuco,Puerto Inca,Tournavista,368,27.02,Bajo,80.6,1,1.2738996113062067,5.112557438253876,0,6441.74,35603.84999999999,2590471,33000,0,6964,0.125,0.4034902168164992,0.15309869465621478,0,0.076375,-0.06738286620835537,0.01699395510683984,0,0.025986088898484465
170303,2026-02-01,Madre de Dios,Tahuamanu,Tahuamanu,369,27.01,Bajo,80.5,0,0,14.805972081218266,0,179.48,58335.52999999997,178454,0,0,3940,0,0,0.23344264082538685,0,0,-0,0.02591213313161794,0,0.02591213313161794
150608,2026-02-01,Lima,Huaral,Pacaraos,370,26.97,Bajo,80.5,0,1.6794659552086006,382.58097029702964,655.231745652847,71333.47,579610.1699999999,2836616,3000,992676.0946640633,1515,0,0.446853516657853,0.5031462646661985,0.4001473711189279,0,-0.07462453728186146,0.05584923537794803,0.044416358194201,0.025641056290287574
020508,2026-02-01,Áncash,Bolognesi,Huallanca,371,26.94,Bajo,80.4,0,5.779429811445853,1637.242831034483,120725.4820936887,699875.87,9496008.420000002,21552695,932902.6799999999,700207796.1433945,5800,0,0.7435219460602855,0.6259256566627961,0.7218418934955529,0,-0.12416816499206769,0.06947774788957037,0.08012445017800637,0.025434033075509052
090304,2026-02-01,Huancavelica,Angaraes,Ccochaccasa,372,26.84,Bajo,80.4,0,4.226363656016995,355.0133482642776,96468.91351320744,185694.5,951080.7599999998,4394345,185721,258440219.30188274,2679,0,0.6530936012691697,0.49683891270855507,0.7080052494849929,0,-0.10906663141195135,0.055149119310649614,0.07858858269283421,0.02467107059153248
220803,2026-02-01,San Martín,Rioja,Elías Soplin Vargas,373,26.8,Bajo,80.3,0,0,12.410586803475129,0,19915.64,331412.3099999998,1056721,0,0,26704,0,0,0.21954432005418834,0,0,-0,0.024369419526014905,0,0.024369419526014905
180202,2026-02-01,Moquegua,General Sánchez Cerro,Chojata,374,26.73,Bajo,80.2,1,5.599067306440514,1680.1346958637478,0,71138.62,690535.3600000003,860304,48169,0,411,0.125,0.7318878900052882,0.6281113162820229,0,0.076375,-0.12222527763088313,0.06972035610730454,0,0.023870078476421405
160102,2026-02-01,Loreto,Maynas,Alto Nanay,375,26.71,Bajo,80.2,1,0.38218170552977937,0.012717977847202508,0,0.17,44.78000000000003,14487088,29967,0,3521,0.125,0.3157059756742464,0.00106876197748058,0,0.076375,-0.052722897937599156,1.186325795003444e-4,0,0.023770734641901187
060801,2026-02-01,Cajamarca,Jaén,Jaén,376,26.69,Bajo,80.1,1,3.957368896331136,296.3225316204463,0,3857589.39,32846167.33999999,40136024,1130481.71,0,110846,0.125,0.6361713379164463,0.48160378636027934,0,0.076375,-0.10624061343204654,0.05345802028599101,0,0.023592406853944474
030406,2026-02-01,Apurímac,Aymaraes,Cotaruse,377,26.63,Bajo,80.1,0,0.03411291081082003,1608.975208105148,0,500740.24,2937988.7300000004,8208036,2800,0,1826,0,0.2760444209413009,0.6244536995524221,0,0,-0.04609941829719725,0.06931436065031886,0,0.02321494235312161
100704,2026-02-01,Huánuco,Marañón,La Morada,378,26.51,Bajo,80,0,0,9.783546635182999,0,4688.16,41433.32,285444,0,0,4235,0,0,0.2011063851757713,0,0,-0,0.022322808754510617,0,0.022322808754510617
100316,2026-02-01,Huánuco,Dos de Mayo,Quivilla,379,26.46,Bajo,80,0,0,9.371861413043481,0,943.8000000000001,6897.690000000002,78350,0,0,736,0,0,0.19781454472118398,0,0,-0,0.021957414464051424,0,0.021957414464051424
051005,2026-02-01,Ayacucho,Víctor Fajardo,Canaria,380,26.44,Bajo,79.9,0,5.120213106498961,450.7801225919436,152882.67869489157,335031.09,1801768.1499999985,8012895,410277.3,611072066.7434816,3997,0,0.7022739291380222,0.516985512450367,0.7364097712952533,0,-0.11727974616604972,0.05738539188199073,0.08174148461377312,0.02184713032971413
060202,2026-02-01,Cajamarca,Cajabamba,Cachachi,381,26.44,Bajo,79.9,0,3.1819036352858605,1300.4565828812308,1777.2920892360798,3514786.8899999997,33318998.110000014,60297569,1918610.54,45536000.618317604,25621,0,0.5790586991010047,0.6064629853394392,0.4616449316876994,0,-0.0967028027498678,0.06731739137267775,0.05124258741733463,0.021857176040144588
100203,2026-02-01,Huánuco,Ambo,Colpas,382,26.33,Bajo,79.8,0,0,8.386793703396853,0,1622.28,10122.86,169073,0,0,1207,0,0,0.18937519502511116,0,0,-0,0.021020646647787338,0,0.021020646647787338
100705,2026-02-01,Huánuco,Marañón,Santa Rosa de Alto Yanajanca,383,26.27,Bajo,79.8,0,0,7.979089376053963,0,3681.79,23658,239607,0,0,2965,0,0,0.18561989243424376,0,0,-0,0.020603808060201057,0,0.020603808060201057
100602,2026-02-01,Huánuco,Leoncio Prado,Daniel Alomía Robles,384,26.26,Bajo,79.7,0,0,7.926870107277474,0,8488.27,54679.55000000002,407971,0,0,6898,0,0,0.18512663402707993,0,0,-0,0.020549056377005874,0,0.020549056377005874
021701,2026-02-01,Áncash,Recuay,Recuay,385,26.24,Bajo,79.7,0,5.671564832642629,641.8876370463078,175647.7652756309,202823.72999999998,2564341.1099999994,4372589,204182.22,701712822.2761455,3995,0,0.7366472765732417,0.5468192102216258,0.7449727762067784,0,-0.12302009518773137,0.06069693233460047,0.0826919781589524,0.020368815305821505
101101,2026-02-01,Huánuco,Yarowilca,Chavinillo,386,26.24,Bajo,79.6,0,0,7.788441669032073,0,2687.82,27438.679999999993,181452,0,0,3523,0,0,0.18380495671492408,0,0,-0,0.020402350195356574,0,0.020402350195356574
030414,2026-02-01,Apurímac,Aymaraes,Tapairihua,387,26.22,Bajo,79.6,1,5.336712236039994,846.7599210206562,0,47834.3,1393766.83,4907609,0,0,1646,0.125,0.7149656266525648,0.5702132631498763,0,0.076375,-0.11939925965097833,0.06329367220963628,0,0.02026941255865794
021302,2026-02-01,Áncash,Mariscal Luzuriaga,Casca,388,26.21,Bajo,79.5,0,0.26384629888359573,1860.9303481359639,0,557439.1900000001,6788673.909999996,17645311,46556.5,0,3648,0,0.30248545742993127,0.6367495769850797,0,0,-0.05051507139079853,0.07067920304534385,0,0.020164131654545323
230406,2026-02-01,Tacna,Tarata,Susapaya,389,26.2,Bajo,79.5,0,0.3741633408632877,2304.7166880341883,0,81680.58,1078607.4100000001,1888015,7064.26,0,468,0,0.31464833421470123,0.6548285040468071,0,0,-0.05254627181385511,0.07268596394919559,0,0.020139692135340483
020203,2026-02-01,Áncash,Aija,Huacllan,390,26.19,Bajo,79.4,0,0.2374605024031003,1733.0728089887639,0,30741.57,462730.43999999994,1263368,3000,0,267,0,0.2993125330512956,0.6307332772625623,0,0,-0.049985193019566374,0.07001139377614442,0,0.020026200756578044
030601,2026-02-01,Apurímac,Chincheros,Chincheros,391,26.17,Bajo,79.3,0,0.03407401842679989,1116.4258549905844,0,1012648.22,5928221.290000003,8945232,3048,0,5310,0,0.27551560021152827,0.5935699340425786,0,0,-0.04601110523532522,0.06588626267872623,0,0.019875157443401008
220805,2026-02-01,San Martín,Rioja,Pardo Miguel,392,26.07,Bajo,79.3,0,0,6.737792223141471,0,4018.25,114016.91999999998,814856,0,0,16922,0,0,0.17303757410566661,0,0,-0,0.019207170725728993,0,0.019207170725728993
220802,2026-02-01,San Martín,Rioja,Awajun,393,26.06,Bajo,79.2,0,0,6.63406009436305,0,1956.27,53430.72,549626,0,0,8054,0,0,0.17189618491361702,0,0,-0,0.01908047652541149,0,0.01908047652541149
101105,2026-02-01,Huánuco,Yarowilca,Jacas Chico,394,26.05,Bajo,79.2,0,0,6.622366522366521,0,708.5799999999999,4589.299999999999,63305,0,0,693,0,0,0.17176654625436402,0,0,-0,0.019066086634234407,0,0.019066086634234407
021509,2026-02-01,Áncash,Pallasca,Pampas,395,26.04,Bajo,79.1,0,3.5456912743541653,725.4304704037628,5095.275541535082,158153.06,1850573.129999999,3728469,75500,12998047.906455996,2551,0,0.6065573770491803,0.5571512162904463,0.5265947328146141,0,-0.10129508196721312,0.06184378500823954,0.05845201534242217,0.019000718383448585
080908,2026-02-01,Cusco,La Convención,Santa Teresa,396,26.04,Bajo,79.1,1,4.117012830478474,215.87620679639858,0,104702.33,1486523.5600000005,30215319,1243968.56,0,6886,0.125,0.6462189317821259,0.45492311341685704,0,0.076375,-0.10791856160761502,0.05049646558927113,0,0.018952903981656104
100108,2026-02-01,Huánuco,Huánuco,San Pedro de Chaulan,397,26.03,Bajo,79,0,0,6.517108540925263,0,2274.6,14650.459999999992,417476,0,0,2248,0,0,0.17059058965333873,0,0,-0,0.0189355554515206,0,0.0189355554515206
100607,2026-02-01,Huánuco,Leoncio Prado,Pucayacu,398,26.03,Bajo,79,0,0,6.48050279329609,0,4767.31,25520.22,318509,0,0,3938,0,0,0.1701777626231414,0,0,-0,0.018889731651168695,0,0.018889731651168695
100507,2026-02-01,Huánuco,Huamalíes,Monzón,399,26,Bajo,78.9,0,0,6.298599538309332,0,10893.87,57298.359999999986,677127,0,0,9097,0,0,0.16809588871443834,0,0,-0,0.018658643647302655,0,0.018658643647302655
131002,2026-02-01,La Libertad,Santiago de Chuco,Angasmarca,400,26,Bajo,78.9,0,2.5689808026153558,1067.8906232356135,446.5102383897309,79876.48999999999,4917636.32,7061066,181397.43,2056179.6477847109,4605,0,0.5304071919619249,0.5898145399899176,0.37653187468910165,0,-0.08857800105764146,0.06546941393888085,0.04179503809049028,0.01868645097172967
100610,2026-02-01,Huánuco,Leoncio Prado,Santo Domingo de Anda,401,25.98,Bajo,78.8,0,0,6.215364517488413,0,2764.48,14749.060000000005,366377,0,0,2373,0,0,0.16712590400838637,0,0,-0,0.018550975344930887,0,0.018550975344930887
220101,2026-02-01,San Martín,Moyobamba,Moyobamba,402,25.98,Bajo,78.8,0,0,6.194738109117604,0,20299.83,573843.3700000001,5207218,0,0,92634,0,0,0.1668838028257428,0,0,-0,0.018524102113657452,0,0.018524102113657452
151016,2026-02-01,Lima,Yauyos,Huantan,403,25.94,Bajo,78.7,0,1.7575914478369086,278.9573727933538,513.5227097116492,44399.96,268635.9499999997,1610727,13230,494522.3694523182,963,0,0.4632469592808038,0.4765144232118277,0.38513999225230255,0,-0.07736224219989424,0.052893100976512876,0.04275053914000558,0.01828139791662422
100801,2026-02-01,Huánuco,Pachitea,Panao,404,25.93,Bajo,78.7,0,0,5.933283072211095,0,15914.49,100735.27999999997,9738134,0,0,16978,0,0,0.1637533631604378,0,0,-0,0.018176623310808594,0,0.018176623310808594
100606,2026-02-01,Huánuco,Leoncio Prado,Mariano Damaso Beraun,405,25.9,Bajo,78.6,0,0,5.762566005176878,0,12212.109999999999,66788.14000000001,451692,0,0,11590,0,0,0.16164497509314854,0,0,-0,0.017942592235339488,0,0.017942592235339488
030404,2026-02-01,Apurímac,Aymaraes,Chapimarca,406,25.89,Bajo,78.6,0,0.1178479456667546,1105.4765824384083,0,76697.52,1749969.4300000002,6364133,7500,0,1583,0,0.28662083553675305,0.5927371869576146,0,0,-0.04786567953463776,0.06579382775229521,0,0.017928148217657452
021206,2026-02-01,Áncash,Huaylas,Pamparomas,407,25.86,Bajo,78.5,0,3.3156262994544266,641.6971679344651,3164.4707660660747,444044.18,5483302.3000000045,13438332,438057.37,27040402.69603461,8545,0,0.588048651507139,0.5467941512118515,0.49721786568928783,0,-0.09820412480169223,0.06069415078451552,0.05519118309151095,0.017681209074334236
021001,2026-02-01,Áncash,Huari,Huari,408,25.84,Bajo,78.5,0,1.0001988583600103,5288.341372448458,0,3631053.5100000002,51556040.04000002,98547529,938775.56,0,9749,0,0.3770491803278688,0.7250461487393622,0,0,-0.0629672131147541,0.08048012251006921,0,0.017512909395315107
100601,2026-02-01,Huánuco,Leoncio Prado,Rupa-Rupa,409,25.82,Bajo,78.4,0,0,5.385003288998701,0,51748.85,335641.87,4813656,0,0,62329,0,0,0.15678646468514237,0,0,-0,0.017403297580050804,0,0.017403297580050804
101107,2026-02-01,Huánuco,Yarowilca,Pampamarca,410,25.82,Bajo,78.3,0,0,5.383803486529319,0,522.3,3397.1800000000003,57142,0,0,631,0,0,0.15677057191822938,0,0,-0,0.017401533482923462,0,0.017401533482923462
100322,2026-02-01,Huánuco,Dos de Mayo,Sillapata,411,25.8,Bajo,78.3,0,0,5.309445392491466,0,1170.04,6222.669999999998,81202,0,0,1172,0,0,0.15577973883680277,0,0,-0,0.017291551010885108,0,0.017291551010885108
220801,2026-02-01,San Martín,Rioja,Rioja,412,25.8,Bajo,78.2,0,0,5.2788224339230725,0,5363.179999999999,147395.28000000003,1934421,0,0,27922,0,0,0.15536828406305841,0,0,-0,0.017245879530999483,0,0.017245879530999483
220808,2026-02-01,San Martín,Rioja,Yorongos,413,25.8,Bajo,78.2,0,0,5.276242144951819,0,439.48999999999995,12594.389999999992,196835,0,0,2387,0,0,0.15533352328589609,0,0,-0,0.017242021084734466,0,0.017242021084734466
050804,2026-02-01,Ayacucho,Pàucar del Sara Sara,Lampa,414,25.78,Bajo,78.1,0,0.24102671560568223,1295.5817267441862,0,49402.07,2228400.5700000003,6137162,14792.199999999999,0,1720,0,0.3003701745108408,0.606145621940384,0,0,-0.050161819143310415,0.06728216403538263,0,0.017120344892072217
040608,2026-02-01,Arequipa,Condesuyos,Yanaquihua,415,25.76,Bajo,78.1,0,4.205031955798321,1479.2171448467968,4286.135701437933,237169.08000000002,5310389.550000001,8891970,268390.18,15387227.168162178,3590,0,0.6515071390798519,0.6173473861008636,0.5159292293620852,0,-0.10880169222633528,0.06852555985719586,0.057268144459191456,0.016992012090052036
101103,2026-02-01,Huánuco,Yarowilca,Chacabamba,416,25.76,Bajo,78,0,0,5.091210084033608,0,577.4,3029.269999999997,100399,0,0,595,0,0,0.15280283166083203,0,0,-0,0.016961114314352356,0,0.016961114314352356
020514,2026-02-01,Áncash,Bolognesi,San Miguel de Corpanqui,417,25.75,Bajo,78,0,0.6161645643174263,2305.9303910614526,0,58024.950000000004,825523.0800000001,1880991,11590,0,358,0,0.33421470121628766,0.6548730083795656,0,0,-0.05581385510312004,0.07269090393013179,0,0.01687704882701175
220807,2026-02-01,San Martín,Rioja,San Fernando,418,25.75,Bajo,77.9,0,0,5.0660221914008305,0,690.47,18263.009999999995,154000,0,0,3605,0,0,0.1524524044542519,0,0,-0,0.01692221689442196,0,0.01692221689442196
100202,2026-02-01,Huánuco,Ambo,Cayna,419,25.72,Bajo,77.9,0,0,4.901711111111112,0,1684.4,8823.080000000002,128285,0,0,1800,0,0,0.1501300831028736,0,0,-0,0.01666443922441897,0,0.01666443922441897
100803,2026-02-01,Huánuco,Pachitea,Molino,420,25.7,Bajo,77.8,0,0,4.840178611297166,0,7576.12,43358.32000000001,629228,0,0,8958,0,0,0.14924372215412218,0,0,-0,0.01656605315910756,0,0.01656605315910756
220804,2026-02-01,San Martín,Rioja,Nueva Cajamarca,421,25.69,Bajo,77.8,0,0,4.761754098684081,0,9048.24,241359.03000000003,1201147,0,0,50687,0,0,0.1481004011629495,0,0,-0,0.016439144529087395,0,0.016439144529087395
220806,2026-02-01,San Martín,Rioja,Posic,422,25.69,Bajo,77.7,0,0,4.790782720273738,0,415.55,11200.849999999999,164455,0,0,2338,0,0,0.14852540225212674,0,0,-0,0.016486319649986068,0,0.016486319649986068
021101,2026-02-01,Áncash,Huarmey,Huarmey,423,25.67,Bajo,77.7,0,0.02918694889365249,753.1589552654485,0,1754305.34,21634490.99000001,30835700,9000,0,28725,0,0.2744579587519831,0.5603191957331004,0,0,-0.04583447911158118,0.062195430726374144,0,0.016360951614792965
100311,2026-02-01,Huánuco,Dos de Mayo,Marías,424,25.66,Bajo,77.6,0,0,4.644783901211983,0,3890.56,20311.64,94382,0,0,4373,0,0,0.14636589170768416,0,0,-0,0.016246613979552942,0,0.016246613979552942
100511,2026-02-01,Huánuco,Huamalíes,Tantamayo,425,25.66,Bajo,77.6,0,0,4.646029654036246,0,1068.13,5640.2800000000025,94729,0,0,1214,0,0,0.14638455321513394,0,0,-0,0.01624868540687987,0,0.01624868540687987
100509,2026-02-01,Huánuco,Huamalíes,Puños,426,25.65,Bajo,77.5,0,0,4.608251170476454,0,2651.5099999999998,16732.560000000005,312831,0,0,3631,0,0,0.14581678839273818,0,0,-0,0.016185663511593937,0,0.016185663511593937
100110,2026-02-01,Huánuco,Huánuco,Yarumayo,427,25.64,Bajo,77.4,0,0,4.5584200385356475,0,1098.76,7097.460000000003,175934,0,0,1557,0,0,0.1450620090898938,0,0,-0,0.01610188300897821,0,0.01610188300897821
240101,2026-02-01,Tumbes,Tumbes,Tumbes,428,25.64,Bajo,77.4,2,7.722274636067139,0.016402121157648775,0,141.92,2007.390000000003,24981737,1350182.23,0,122386,0.25,0.8191433104177683,0.0013758545527384725,0,0.15275,-0.13679693283976732,1.5271985535397046e-4,0,0.016105787015586646
100404,2026-02-01,Huánuco,Huacaybamba,Pinra,429,25.61,Bajo,77.3,0,0,4.440711030082042,0,3730.13,24357.300000000003,201182,0,0,5485,0,0,0.14325188653255502,0,0,-0,0.01590095940511361,0,0.01590095940511361
100323,2026-02-01,Huánuco,Dos de Mayo,Yanas,430,25.6,Bajo,77.3,0,0,4.385125951962505,0,1170.68,7485.409999999996,185697,0,0,1707,0,0,0.14238344491015445,0,0,-0,0.015804562385027143,0,0.015804562385027143
101102,2026-02-01,Huánuco,Yarowilca,Cahuac,431,25.6,Bajo,77.2,0,0,4.3935889070146885,0,418.28,2693.270000000004,5578,0,0,613,0,0,0.14251624403609772,0,0,-0,0.015819303088006848,0,0.015819303088006848
100402,2026-02-01,Huánuco,Huacaybamba,Canchabamba,432,25.59,Bajo,77.2,0,0,4.365415309446254,0,1502.25,10721.46,160788,0,0,2456,0,0,0.14207333830693786,0,0,-0,0.015770140552070103,0,0.015770140552070103
100804,2026-02-01,Huánuco,Pachitea,Umari,433,25.58,Bajo,77.1,0,0,4.323746927308907,0,6972.99,36937.76999999999,754752,0,0,8543,0,0,0.1414140046498251,0,0,-0,0.015696954516130585,0,0.015696954516130585
220902,2026-02-01,San Martín,San Martín,Alberto Leveau,434,25.58,Bajo,77.1,0,0,4.328784355179703,0,53.05,4095.029999999999,37605,0,0,946,0,0,0.14149398736279964,0,0,-0,0.01570583259727076,0,0.01570583259727076
080805,2026-02-01,Cusco,Espinar,Pallpata,435,25.57,Bajo,77,1,7.0858727188423805,2157.1273190723728,0,1129450.68,10789950.850000009,19979768,1117954.96,0,5002,0.125,0.7953463775780011,0.6492342205373823,0,0.076375,-0.1328228450555262,0.07206499847964944,0,0.015617153424123245
100802,2026-02-01,Huánuco,Pachitea,Chaglla,436,25.54,Bajo,77,0,0,4.166342554443792,0,6690.25,35393.080000000016,630544,0,0,8495,0,0,0.13887589562066013,0,0,-0,0.015415224413893275,0,0.015415224413893275
100106,2026-02-01,Huánuco,Huánuco,Quisqui (Kichki),437,25.53,Bajo,76.9,0,0,4.131485992691841,0,1923.13,10175.850000000006,289181,0,0,2463,0,0,0.13830338885388524,0,0,-0,0.015351676162781262,0,0.015351676162781262
040313,2026-02-01,Arequipa,Caravelí,Yauca,438,25.52,Bajo,76.9,0,0.10021567414094351,777.5079232192418,0,76883.64,1680972.1300000008,3516416,3524,0,2162,0,0.2829190904283448,0.5630064539702649,0,0,-0.047247488101533584,0.06249371639069941,0,0.015246228289165824
100604,2026-02-01,Huánuco,Leoncio Prado,José Crespo y Castillo,439,25.5,Bajo,76.8,0,0,4.000970174123135,0,17931.289999999997,96047.28999999998,989002,0,0,24006,0,0,0.13612461319279576,0,0,-0,0.015109832064400329,0,0.015109832064400329
060612,2026-02-01,Cajamarca,Cutervo,Santo Domingo de la Capilla,440,25.45,Bajo,76.8,1,4.90446583050508,313.13225386996896,0,237512.24000000002,1517125.7699999996,3914076,191964.52,0,4845,0.125,0.6922263352723427,0.4862547796292311,0,0.076375,-0.11560179799048123,0.05397428053884465,0,0.014747482548363416
060701,2026-02-01,Cajamarca,Hualgayoc,Bambamarca,441,25.45,Bajo,76.7,0,0.004051199916595928,600.6666934580672,0,4322359.25,36470078.96000001,92618979,3752.18,0,60716,0,0.27128503437334744,0.5412151469742797,0,0,-0.045304600740349026,0.060074881314145054,0,0.014770280573796028
030301,2026-02-01,Apurímac,Antabamba,Antabamba,442,25.44,Bajo,76.7,0,0.07099894665962736,678.9958610885458,0,9174.64,1671687.8099999996,7042358,5000,0,2462,0,0.2786885245901639,0.5515649355176295,0,0,-0.046540983606557375,0.06122370784245688,0,0.014682724235899502
021907,2026-02-01,Áncash,Sihuas,Quiches,443,25.43,Bajo,76.6,0,0.07755457499285044,696.0207125777142,0,118697.48000000001,1455379.3100000005,2475676,1920,0,2091,0,0.28027498677948176,0.553656187525606,0,0,-0.04680592279217346,0.061455836815342266,0,0.014649914023168807
210305,2026-02-01,Puno,Carabaya,Corani,444,25.43,Bajo,76.5,0,0.1509953537748332,814.9343503368626,0,254002.76,4233583.950000001,7897594,11925,0,5195,0,0.2892649391856161,0.5669773583353549,0,0,-0.048307244843997885,0.0629344867752244,0,0.014627241931226512
100313,2026-02-01,Huánuco,Dos de Mayo,Pachas,445,25.42,Bajo,76.5,0,0,3.701377429253324,0,2053.52,10856.14,157939,0,0,2933,0,0,0.1309002588550208,0,0,-0,0.014529928732907309,0,0.014529928732907309
100113,2026-02-01,Huánuco,Huánuco,San Pablo de Pillao,446,25.39,Bajo,76.4,0,0,3.612576780057841,0,5034.29,26230.919999999984,396854,0,0,7261,0,0,0.1292876268369534,0,0,-0,0.01435092657890183,0,0.01435092657890183
100317,2026-02-01,Huánuco,Dos de Mayo,Ripan,447,25.39,Bajo,76.4,0,0,3.588939021666296,0,2905.18,16067.680000000008,232396,0,0,4477,0,0,0.12885312867396154,0,0,-0,0.01430269728280973,0,0.01430269728280973
061201,2026-02-01,Cajamarca,San Pablo,San Pablo,448,25.36,Bajo,76.3,0,0.1779765614566912,845.7375837977862,0,1070633.68,10773851.079999998,30222356,53788.71,0,12739,0,0.29455314648334213,0.5701112177647969,0,0,-0.049190375462718136,0.06328234517189246,0,0.014091969709174326
100506,2026-02-01,Huánuco,Huamalíes,Miraflores,449,25.34,Bajo,76.3,0,0,3.4439884601514605,0,1479.11,9550.18,5951,0,0,2773,0,0,0.126138760614068,0,0,-0,0.01400140242816155,0,0.01400140242816155
120101,2026-02-01,Junín,Huancayo,Huancayo,450,25.34,Bajo,76.2,0,0.017420674225902023,566.9639510834012,0,2085064.23,71930149.51000002,20120289,3505.09,0,126869,0,0.27287149656266524,0.5363401222850548,0,0,-0.045569539925965095,0.05953375357364108,0,0.013964213647675985
220809,2026-02-01,San Martín,Rioja,Yuracyacu,451,25.34,Bajo,76.2,0,0,3.442792442345096,0,430,12390.61,181181,0,0,3599,0,0,0.1261159974173612,0,0,-0,0.013998875713327094,0,0.013998875713327094
021405,2026-02-01,Áncash,Ocros,Cochas,452,25.33,Bajo,76.1,0,0.3236063301514649,1112.2760600375234,0,141193.1,1778529.42,2969534,9609.6,0,1599,0,0.31094658910629297,0.5932552855356039,0,0,-0.05192808038075093,0.06585133669445203,0,0.013923256313701102
101108,2026-02-01,Huánuco,Yarowilca,Choras,453,25.33,Bajo,76.1,0,0,3.3977538461538446,0,816.3499999999999,4417.079999999998,182339,0,0,1300,0,0,0.12525431034637005,0,0,-0,0.013903228448447076,0,0.013903228448447076
220708,2026-02-01,San Martín,Picota,Shamboyacu,454,25.33,Bajo,76,0,0,3.409881788590031,0,850.13,39806.96000000002,474377,0,0,11674,0,0,0.1254872096220305,0,0,-0,0.013929080268045386,0,0.013929080268045386
080803,2026-02-01,Cusco,Espinar,Coporaque,455,25.25,Bajo,76,0,0.5350252224778405,1389.3622341119662,0,1134863.3800000001,10646682.799999997,17843013,95464.62,0,7663,0,0.3268112109994712,0.6120513097707699,0,0,-0.054577472236911694,0.06793769538455546,0,0.01336022314764377
100401,2026-02-01,Huánuco,Huacaybamba,Huacaybamba,456,25.21,Bajo,75.9,0,0,3.007793573515093,0,2871.88,15445.020000000004,400722,0,0,5135,0,0,0.11740183988018868,0,0,-0,0.013031604226700943,0,0.013031604226700943
060101,2026-02-01,Cajamarca,Cajamarca,Cajamarca,457,25.19,Bajo,75.9,0,1.5125577212000454,608.1528485583092,33.59066883529218,29254267.46,154032345.32999998,129605760,1960361.9300000002,8507811.011933967,253279,0,0.42834479111581175,0.542260890077936,0.21860059286820333,0,-0.07153358011634056,0.0601909587986509,0.02426466580837057,0.012922044490680906
021210,2026-02-01,Áncash,Huaylas,Yuracmarca,458,25.18,Bajo,75.8,0,0.12772092785872866,656.4841551126523,0,124391.19,1515165.4300000016,4310570,5505.5,0,2308,0,0.2876784769962983,0.5487178389430019,0,0,-0.048042305658381815,0.060907680122673204,0,0.012865374464291389
100109,2026-02-01,Huánuco,Huánuco,Santa María del Valle,459,25.18,Bajo,75.8,0,0,2.9141706245283845,0,12079.890000000001,65653.34999999998,758126,0,0,22529,0,0,0.11540285394744469,0,0,-0,0.01280971678816636,0,0.01280971678816636
020607,2026-02-01,Áncash,Carhuaz,Pariahuanca,460,25.16,Bajo,75.7,0,0.17732809366184552,722.739672473868,0,84915.12999999999,1037131.4300000006,2453080,0,0,1435,0,0.2940243257535695,0.5568373803335019,0,0,-0.049102062400846115,0.06180894921701872,0,0.012706886816172602
021103,2026-02-01,Áncash,Huarmey,Culebras,461,25.16,Bajo,75.6,0,0.18552707895267181,744.7996986380758,0,208874.57,2570303.76,4312039,8000,0,3451,0,0.29561078794288737,0.5593765837799417,0,0,-0.04936700158646219,0.06209080079957353,0,0.012723799213111335
100204,2026-02-01,Huánuco,Ambo,Conchamarca,462,25.16,Bajo,75.6,0,0,2.8666825441300112,0,1992.1699999999998,10231.19000000001,383274,0,0,3569,0,0,0.11437056123035245,0,0,-0,0.012695132296569123,0,0.012695132296569123
100208,2026-02-01,Huánuco,Ambo,Tomay Kichwa,463,25.16,Bajo,75.5,0,0,2.8573458840900714,0,1195.2700000000002,7740.550000000003,168146,0,0,2709,0,0,0.1141661108277297,0,0,-0,0.012672438301877998,0,0.012672438301877998
100903,2026-02-01,Huánuco,Puerto Inca,Honoria,464,25.16,Bajo,75.5,1,2.0300624045134317,5.599704524469064,0,4620.719999999999,24257.919999999984,3340784,67820,0,4332,0.125,0.48757271285034376,0.15958339742303304,0,0.076375,-0.08142464304600741,0.017713757113956667,0,0.012664114067949254
150125,2026-02-01,Lima,Lima,Puente Piedra,465,25.15,Bajo,75.4,1,1.690059412690908,2.262666490897168,0,31650.41,1004087.6699999999,5057337,85472,0,443763,0.125,0.4484399788471708,0.10000637478237205,0,0.076375,-0.07488947646747753,0.011100707600843298,0,0.012586231133365771
040306,2026-02-01,Arequipa,Caravelí,Cahuacho,466,25.14,Bajo,75.4,1,5.891975842516496,705.8324236983844,0,17996.03,393148.66000000015,948112,6000,0,557,0.125,0.7509254362771021,0.5548383310958844,0,0.076375,-0.12540454785827604,0.061587054751643174,0,0.012557506893367133
080703,2026-02-01,Cusco,Chumbivilcas,Chamaca,467,25.14,Bajo,75.3,0,0.7436505920620142,1930.2338784972017,0,289126.43,12073612.909999996,36015484,222650.15,0,6255,0,0.3500793231094659,0.6398401721471753,0,0,-0.058463246959280804,0.07102225910833646,0,0.012559012149055651
100508,2026-02-01,Huánuco,Huamalíes,Punchao,468,25.14,Bajo,75.3,0,0,2.802683499706401,0,915.37,4772.970000000001,67586,0,0,1703,0,0,0.11295911551225522,0,0,-0,0.01253846182186033,0,0.01253846182186033
100608,2026-02-01,Huánuco,Leoncio Prado,Castillo Grande,469,25.14,Bajo,75.2,0,0,2.8138349448454316,0,7543.25,41323.98000000001,394342,0,0,14686,0,0,0.11320675223087384,0,0,-0,0.012565949497626997,0,0.012565949497626997
040519,2026-02-01,Arequipa,Caylloma,Yanque,470,25.13,Bajo,75.2,0,0.32882755755336446,974.5232090997092,0,116799.71999999999,2013364.9499999993,7316905,24060,0,2066,0,0.3120042305658382,0.5820847302108517,0,0,-0.05210470650449498,0.06461140505340454,0,0.01250669854890956
180103,2026-02-01,Moquegua,Mariscal Nieto,Cuchumbaya,471,25.13,Bajo,75.1,0,1.4693952620661648,7208.223416927898,0,445339.2,4598846.539999999,6636015,64364.64,0,638,0,0.4246430460074035,0.7512343525443602,0,0,-0.0709153886832364,0.08338701313242398,0,0.01247162444918759
100301,2026-02-01,Huánuco,Dos de Mayo,La Unión,472,25.07,Bajo,75.1,0,0,2.60707649122807,0,3264.56,18575.42,315747,0,0,7125,0,0,0.1084930893661238,0,0,-0,0.012042732919639742,0,0.012042732919639742
021007,2026-02-01,Áncash,Huari,Huachis,473,25.05,Bajo,75,0,1.5334748663278013,7510.175410865411,0,2013764.54,27509772.53,55595517,852543.28,0,3663,0,0.43046007403490216,0.7547042714410188,0,0,-0.07188683236382866,0.0837721741299531,0,0.011885341766124435
100307,2026-02-01,Huánuco,Dos de Mayo,Chuquis,474,25.05,Bajo,75,0,0,2.5532759381898478,0,1638.1499999999999,5783.1700000000055,153484,0,0,2265,0,0,0.10722222093849533,0,0,-0,0.011901666524172981,0,0.011901666524172981
150109,2026-02-01,Lima,Lima,Cieneguilla,475,25.04,Bajo,74.9,0,0,2.5330984818076656,0,3535.7400000000002,107284.32000000007,1139284,0,0,42353,0,0,0.10674062416143432,0,0,-0,0.011848209281919209,0,0.011848209281919209
211205,2026-02-01,Puno,Sandia,Phara,476,24.99,Bajo,74.9,0,0.9584554085773812,497.513449908369,8.753617248535381,215209.86,3257718.0700000003,5033098,48240,57318.685743409675,6548,0,0.3738762559492332,0.5253100374515589,0.14050550802545997,0,-0.06243733474352194,0.05830941415712304,0.015596111390826057,0.011468190804427155
021406,2026-02-01,Áncash,Ocros,Congas,477,24.95,Bajo,74.8,0,0.6384614138837016,1360.6666098807493,0,129083.16,1597422.5999999996,1605422,10250,0,1174,0,0.33844526705446853,0.6102876349625006,0,0,-0.056520359598096245,0.06774192748083757,0,0.011221567882741326
230301,2026-02-01,Tacna,Jorge Basadre,Locumba,478,24.94,Bajo,74.7,0,2.423643530776465,31258.36992232353,0,6033704.18,92556033.33999997,176827473,2924774.49,0,2961,0,0.5150713907985193,0.8752931995349954,0,0,-0.08601692226335272,0.0971575451483845,0,0.011140622885031773
150106,2026-02-01,Lima,Lima,Carabayllo,479,24.93,Bajo,74.7,0,0,2.236282295245271,0,34520.85,1050618.8399999999,4758181,0,0,469806,0,0,0.09931971247821363,0,0,-0,0.011024488085081713,0,0.011024488085081713
220705,2026-02-01,San Martín,Picota,Pucacaca,480,24.92,Bajo,74.6,0,0,2.2134594065862405,0,183.67000000000002,6788.68,105812,0,0,3067,0,0,0.09872120417737669,0,0,-0,0.010958053663688813,0,0.010958053663688813
140110,2026-02-01,Lambayeque,Chiclayo,Oyotun,481,24.9,Bajo,74.6,0,0,2.1821559689540475,0,0,17712.560000000005,926020,0,0,8117,0,0,0.09789335115386658,0,0,-0,0.01086616197807919,0,0.01086616197807919
220710,2026-02-01,San Martín,Picota,Tres Unidos,482,24.9,Bajo,74.5,0,0,2.1679608323133404,0,215.86,8856.119999999995,66074,0,0,4085,0,0,0.09751525813077433,0,0,-0,0.01082419365251595,0,0.01082419365251595
040307,2026-02-01,Arequipa,Caravelí,Chala,483,24.88,Bajo,74.5,0,4.70749437222974,773.7165462328766,8416.539173895799,404710.49,9037009.259999998,20415279,621746.83,98305177.55110294,11680,0,0.6805922792173453,0.5625935931371021,0.5575508006801816,0,-0.11365891062929667,0.062447888838218335,0.06188813887550016,0.010677117084421824
061310,2026-02-01,Cajamarca,Santa Cruz,Uticyacu,484,24.88,Bajo,74.4,0,0.1474584198177932,530.7237264150942,0,92821.45000000001,562567.1499999999,1034868,1526,0,1060,0,0.28873611845584346,0.5307641720060301,0,0,-0.048218931782125864,0.05891482309266934,0,0.010695891310543479
060416,2026-02-01,Cajamarca,Chota,San Juan de Licupis,485,24.83,Bajo,74.4,0,0.039301653289548384,409.70610745614044,0,51536.03,373651.9700000001,915992,360,0,912,0,0.2765732416710735,0.5089246092704611,0,0,-0.04618773135906928,0.05649063162902119,0,0.010302900269951912
021207,2026-02-01,Áncash,Huaylas,Pueblo Libre,486,24.82,Bajo,74.3,0,0.4812835277886716,926.7161909519044,0,532211.24,6493500.349999994,18277376,87966,0,7007,0,0.3225806451612903,0.5778353100141694,0,0,-0.053870967741935484,0.0641397194115728,0,0.010268751669637317
100502,2026-02-01,Huánuco,Huamalíes,Arancay,487,24.8,Bajo,74.3,0,0,1.9270571696344894,0,384.31,2056.17,108739,0,0,1067,0,0,0.09082666479810036,0,0,-0,0.010081759792589141,0,0.010081759792589141
190112,2026-02-01,Pasco,Pasco,Vicco,488,24.79,Bajo,74.2,0,0.3801618012211426,794.4014519572956,0,401994.35,3348402.120000001,8259641,31400,0,4215,0,0.31517715494447385,0.5648219587965233,0,0,-0.052634584875727135,0.06269523742641409,0,0.01006065255068695
030611,2026-02-01,Apurímac,Chincheros,Los Chankas,489,24.78,Bajo,74.2,0,0.21511766936514273,588.1963671875001,0,4215.24,602313.0800000001,1998906,4300,0,1024,0,0.298783712321523,0.5394439292736859,0,0,-0.049896879957694346,0.059878276149379135,0,0.00998139619168479
100105,2026-02-01,Huánuco,Huánuco,Margos,490,24.78,Bajo,74.1,0,0,1.892969993876302,0,7.59,6182.440000000002,342497,0,0,3266,0,0,0.08983603576844415,0,0,-0,0.0099717999702973,0,0.0099717999702973
100107,2026-02-01,Huánuco,Huánuco,San Francisco de Cayran,491,24.77,Bajo,74.1,0,0,1.8664567792891613,0,2407.91,8507.309999999998,272134,0,0,4558,0,0,0.08905741448650595,0,0,-0,0.00988537300800216,0,0.00988537300800216
150142,2026-02-01,Lima,Lima,Villa El Salvador,492,24.77,Bajo,74,0,0,1.8825869263177264,0,26059.079999999998,838732.0099999998,3723983,0,0,445521,0,0,0.08953196662156487,0,0,-0,0.009938048294993701,0,0.009938048294993701
030105,2026-02-01,Apurímac,Abancay,Huanipaca,493,24.76,Bajo,74,0,0.3174414864973831,701.2005966587114,0,6019.28,1469015.2500000005,4315756,13700,0,2095,0,0.3093601269169751,0.5542823336410697,0,0,-0.05166314119513485,0.06152533903415874,0,0.009862197839023888
130813,2026-02-01,La Libertad,Pataz,Urpay,494,24.76,Bajo,73.9,0,0.5865674092725381,1034.1526625386996,0,154781.7,2338219.17,4622057,22193.48,0,2261,0,0.33157059756742463,0.5871022166601798,0,0,-0.05537228979375992,0.06516834604927996,0,0.00979605625552004
080808,2026-02-01,Cusco,Espinar,Alto Pichigua,495,24.75,Bajo,73.8,0,0.7596986643024853,1460.6876982378851,0,274019.12,2652608.8599999994,4926864,31321.43,0,1816,0,0.3511369645690111,0.61628206716364,0,0,-0.05863987308302486,0.06840730945516404,0,0.009767436372139185
220402,2026-02-01,San Martín,Huallaga,Alto Saposoa,496,24.75,Bajo,73.8,0,0,1.8241618231875196,0,427.67,11926.370000000003,266277,0,0,6538,0,0,0.08780029322191568,0,0,-0,0.00974583254763264,0,0.00974583254763264
220707,2026-02-01,San Martín,Picota,San Hilarión,497,24.75,Bajo,73.7,0,0,1.8311091954022973,0,172.5,6372.259999999995,147797,0,0,3480,0,0,0.0880080749910172,0,0,-0,0.00976889632400291,0,0.00976889632400291
220605,2026-02-01,San Martín,Mariscal Cáceres,Pajarillo,498,24.74,Bajo,73.7,0,0,1.8008679368181073,0,400.46,11059.129999999997,377656,0,0,6141,0,0,0.08709987136980106,0,0,-0,0.009668085722047918,0,0.009668085722047918
220905,2026-02-01,San Martín,San Martín,Chipurana,499,24.74,Bajo,73.6,0,0,1.8176038461538448,0,172.28,4725.769999999997,87952,0,0,2600,0,0,0.08760368796793198,0,0,-0,0.00972400936444045,0,0.00972400936444045
220202,2026-02-01,San Martín,Bellavista,Alto Biavo,500,24.72,Bajo,73.6,0,0,1.7726834571480345,0,773.6700000000001,19566.880000000005,638564,0,0,11038,0,0,0.08624456483631161,0,0,-0,0.00957314669683059,0,0.00957314669683059
220604,2026-02-01,San Martín,Mariscal Cáceres,Pachiza,501,24.71,Bajo,73.5,0,0,1.7357331821617537,0,520.81,13778.25,278116,0,0,7938,0,0,0.08510997867096064,0,0,-0,0.009447207632476631,0,0.009447207632476631
220911,2026-02-01,San Martín,San Martín,Papaplaya,502,24.69,Bajo,73.5,0,0,1.7047870074547373,0,115.72999999999999,3201.5899999999965,135738,0,0,1878,0,0,0.08414789840433905,0,0,-0,0.009340416722881634,0,0.009340416722881634
220706,2026-02-01,San Martín,Picota,San Cristóbal,503,24.68,Bajo,73.4,0,0,1.6900762711864414,0,47.18,1994.2900000000009,100875,0,0,1180,0,0,0.0836866922229239,0,0,-0,0.009289222836744552,0,0.009289222836744552
230107,2026-02-01,Tacna,Tacna,Palca,504,24.68,Bajo,73.4,0,6.699697738059188,5439.052208271788,5464.407774176696,1336690.21,14728953.380000003,14331940,622569.41,14797616.252470493,2708,0,0.7810682178741407,0.7274221022755649,0.5309085760398308,0,-0.1304383923849815,0.08074385335258771,0.05893085194042122,0.009236312908027428
150129,2026-02-01,Lima,Lima,San Bartolo,505,24.67,Bajo,73.3,0,0,1.6632325086973319,0,575.98,17211.12999999999,452747,0,0,10348,0,0,0.0828385575666067,0,0,-0,0.009195079889893343,0,0.009195079889893343
220906,2026-02-01,San Martín,San Martín,El Porvenir,506,24.65,Bajo,73.3,0,0,1.6201798825256986,0,145.71,4413.370000000003,92902,0,0,2724,0,0,0.08146028590511852,0,0,-0,0.009042091735468155,0,0.009042091735468155
021306,2026-02-01,Áncash,Mariscal Luzuriaga,Llumpa,507,24.63,Bajo,73.2,0,0.5740185289094013,924.5290234435643,0,488535.43000000005,5954891.439999998,12625028,64470,0,6441,0,0.33051295610787945,0.577635696731764,0,0,-0.055195663670015875,0.0641175623372258,0,0.00892189866720993
220506,2026-02-01,San Martín,Lamas,Pinto Recodo,508,24.63,Bajo,73.2,0,0,1.5826853004413257,0,525.97,13986.189999999995,401557,0,0,8837,0,0,0.08024137057424194,0,0,-0,0.008906792133740855,0,0.008906792133740855
100111,2026-02-01,Huánuco,Huánuco,Pillco Marca,509,24.62,Bajo,73.1,0,0,1.5705070342427947,0,16885.98,93883.34000000003,2017221,0,0,59779,0,0,0.07984165598905454,0,0,-0,0.008862423814785055,0,0.008862423814785055
150115,2026-02-01,Lima,Lima,La Victoria,510,24.62,Bajo,73.1,0,0,1.5572207935053026,0,9408.22,297312.3799999999,1095599,0,0,190925,0,0,0.07940340974766671,0,0,-0,0.008813778481991006,0,0.008813778481991006
220304,2026-02-01,San Martín,El Dorado,Santa Rosa,511,24.62,Bajo,73,0,0,1.5565773695624445,0,453.28000000000003,12202.010000000002,382756,0,0,7839,0,0,0.0793821286652605,0,0,-0,0.008811416281843915,0,0.008811416281843915
220404,2026-02-01,San Martín,Huallaga,Piscoyacu,512,24.62,Bajo,73,0,0,1.5588565368299274,0,296.71000000000004,8084.230000000003,240701,0,0,5186,0,0,0.07945748743960587,0,0,-0,0.008819781105796252,0,0.008819781105796252
150133,2026-02-01,Lima,Lima,San Juan de Miraflores,513,24.61,Bajo,72.9,0,0,1.5433948878575179,0,23023.92,675065.4899999998,3668626,0,0,437390,0,0,0.07894493847650504,0,0,-0,0.008762888170892059,0,0.008762888170892059
021307,2026-02-01,Áncash,Mariscal Luzuriaga,Lucma,514,24.6,Bajo,72.8,0,0.4970243154235591,814.286720679013,0,170712.31,2110631.1800000016,3017961,15000,0,2592,0,0.3246959280803807,0.5669102071002212,0,0,-0.05422421998942358,0.06292703298812456,0,0.00870281299870098
221004,2026-02-01,San Martín,Tocache,Shunte,515,24.6,Bajo,72.8,0,0,1.5166374071573256,0,92.51,2246.1399999999994,119837,0,0,1481,0,0,0.07805052969087813,0,0,-0,0.008663608795687472,0,0.008663608795687472
150110,2026-02-01,Lima,Lima,Comas,516,24.59,Bajo,72.7,0,0,1.5129550337147832,0,30378.41,914106.25,4522972,0,0,604186,0,0,0.07792669703456499,0,0,-0,0.008649863370836714,0,0.008649863370836714
150127,2026-02-01,Lima,Lima,Punta Negra,517,24.59,Bajo,72.7,0,0,1.5056767941859297,0,509.67,14916.740000000005,680837,0,0,9907,0,0,0.07768140616182058,0,0,-0,0.008622636083962085,0,0.008622636083962085
220503,2026-02-01,San Martín,Lamas,Barranquita,518,24.58,Bajo,72.6,0,0,1.4839758608448699,0,465.88,12541.079999999994,266924,0,0,8451,0,0,0.07694579059096583,0,0,-0,0.008540982755597207,0,0.008540982755597207
220913,2026-02-01,San Martín,San Martín,Sauce,519,24.58,Bajo,72.6,0,0,1.476763153413928,0,269.93,8673.029999999999,73591,0,0,5873,0,0,0.07669987145782287,0,0,-0,0.008513685731818339,0,0.008513685731818339
221003,2026-02-01,San Martín,Tocache,Polvora,520,24.58,Bajo,72.5,0,0,1.4773210652039284,0,612.79,16698.160000000003,562007,0,0,11303,0,0,0.07671891914421403,0,0,-0,0.008515800025007757,0,0.008515800025007757
150128,2026-02-01,Lima,Lima,Rímac,521,24.57,Bajo,72.5,0,0,1.4646605813730293,0,8477.439999999999,274705.8799999999,998222,0,0,187556,0,0,0.07628561763560981,0,0,-0,0.00846770355755269,0,0.00846770355755269
150137,2026-02-01,Lima,Lima,Santa Anita,522,24.57,Bajo,72.4,0,0,1.458706467661691,0,12092.369999999999,343923.59999999986,2415144,0,0,235773,0,0,0.07608106965427652,0,0,-0,0.008444998731624694,0,0.008444998731624694
061204,2026-02-01,Cajamarca,San Pablo,Tumbaden,523,24.56,Bajo,72.4,0,1.1889912262777969,2708.4911197243755,0,1933018.93,9433674.57,21729432,219745.54,0,3483,0,0.3939714436805923,0.6684753079058254,0,0,-0.06579323109465891,0.07420075917754662,0,0.008407528082887708
220904,2026-02-01,San Martín,San Martín,Chazuta,524,24.55,Bajo,72.3,0,0,1.4281037076364924,0,599.0799999999999,16139,251830,0,0,11301,0,0,0.0750218625601932,0,0,-0,0.008327426744181446,0,0.008327426744181446
220205,2026-02-01,San Martín,Bellavista,San Pablo,525,24.54,Bajo,72.3,0,0,1.418640968906487,0,450.84,12181.870000000003,371405,0,0,8587,0,0,0.074691639547416,0,0,-0,0.008290771989763177,0,0.008290771989763177
040310,2026-02-01,Arequipa,Caravelí,Jaqui,526,24.53,Bajo,72.2,0,0.27391990701014635,529.7283020050126,0,38355.74,845446.3700000001,1679323,4250,0,1596,0,0.30354309888947645,0.5306057048879601,0,0,-0.05069169751454257,0.058897233242563574,0,0.008205535728021005
220405,2026-02-01,San Martín,Huallaga,Sacanche,527,24.53,Bajo,72.2,0,0,1.3865178571428565,0,100.96000000000001,2950.5099999999984,135016,0,0,2128,0,0,0.07356091607485675,0,0,-0,0.008165261684309099,0,0.008165261684309099
220504,2026-02-01,San Martín,Lamas,Caynarachi,528,24.53,Bajo,72.1,0,0,1.3990236339255777,0,678.97,16693.149999999994,347501,0,0,11932,0,0,0.07400291442837999,0,0,-0,0.008214323501550179,0,0.008214323501550179
030605,2026-02-01,Apurímac,Chincheros,Ocobamba,529,24.51,Bajo,72.1,0,0.11513586855819138,374.32428791141183,0,13771.68,2433856.5199999996,11441352,13173.1,0,6502,0,0.2850343733474352,0.5013060214327798,0,0,-0.04760074034902168,0.05564496837903856,0,0.008044228030016878
220603,2026-02-01,San Martín,Mariscal Cáceres,Huicungo,530,24.51,Bajo,72,0,0,1.3504022570076448,0,552.04,14838.220000000001,127927,0,0,10988,0,0,0.07227133910989875,0,0,-0,0.00802211864119876,0,0.00802211864119876
120702,2026-02-01,Junín,Tarma,Acobamba,531,24.5,Bajo,71.9,1,4.491708747459607,97.33858243656168,0,28311.18,732667.5099999998,611126,25450,0,7527,0.125,0.6673717609730302,0.38803679460827173,0,0.076375,-0.11145108408249604,0.04307208420151816,0,0.007996000119022115
220511,2026-02-01,San Martín,Lamas,Zapatero,532,24.5,Bajo,71.9,0,0,1.3363686876940672,0,291.25,8177.239999999998,262169,0,0,6119,0,0,0.07176489002661514,0,0,-0,0.00796590279295428,0,0.00796590279295428
060610,2026-02-01,Cajamarca,Cutervo,San Luis de Lucma,533,24.49,Bajo,71.8,0,0.03090567635865458,307.7558113207547,0,128072.08,815552.8999999999,2070817,640,0,2650,0,0.2749867794817557,0.4847948367583231,0,0,-0.04592279217345321,0.05381222688017386,0,0.007889434706720655
221002,2026-02-01,San Martín,Tocache,Nuevo Progreso,534,24.49,Bajo,71.8,0,0,1.3243226834636113,0,673.29,17450.600000000006,204737,0,0,13177,0,0,0.07132773677852128,0,0,-0,0.007917378782415862,0,0.007917378782415862
150138,2026-02-01,Lima,Lima,Santa María del Mar,535,24.47,Bajo,71.7,0,0,1.2833506300963675,0,63.29,1731.2399999999998,269582,0,0,1349,0,0,0.06982370305836137,0,0,-0,0.007750431039478112,0,0.007750431039478112
150108,2026-02-01,Lima,Lima,Chorrillos,536,24.46,Bajo,71.7,0,0,1.2765673544131257,0,15858.45,490768.6599999997,1527396,0,0,384444,0,0,0.06957209599258705,0,0,-0,0.007722502655177163,0,0.007722502655177163
190107,2026-02-01,Pasco,Pasco,Paucartambo,537,24.44,Bajo,71.6,0,0.6265612797291553,877.0230977520434,0,465574.52,5149879.629999999,13681645,85723.89,0,5872,0,0.3358011634056055,0.5731795484619341,0,0,-0.05607879428873612,0.06362292987927469,0,0.00754413559053857
040807,2026-02-01,Arequipa,La Uniòn,Quechualla,538,24.42,Bajo,71.6,0,0.7126222071274351,1041.5045583038861,0,16828.03,294745.7899999998,659536,4700,0,283,0,0.3463775780010576,0.5877007210391155,0,0,-0.05784505552617662,0.06523478003534182,0,0.007389724509165196
220509,2026-02-01,San Martín,Lamas,Shanao,539,24.42,Bajo,71.5,0,0,1.202318932655655,0,78.98,1892.4500000000007,92883,0,0,1574,0,0,0.06676797302740355,0,0,-0,0.007411245006041794,0,0.007411245006041794
220505,2026-02-01,San Martín,Lamas,Cuñumbuqui,540,24.41,Bajo,71.5,0,0,1.1789915288422756,0,113.76,2922.720000000001,220067,0,0,2479,0,0,0.0658674256641864,0,0,-0,0.00731128424872469,0,0.00731128424872469
220510,2026-02-01,San Martín,Lamas,Tabalosos,541,24.39,Bajo,71.4,0,0,1.1485744345081539,0,660.6800000000001,17467.520000000004,300689,0,0,15208,0,0,0.06467859155662439,0,0,-0,0.007179323662785308,0,0.007179323662785308
220302,2026-02-01,San Martín,El Dorado,Agua Blanca,542,24.38,Bajo,71.4,0,0,1.130544276457883,0,112.16,2617.209999999999,200579,0,0,2315,0,0,0.06396592259394415,0,0,-0,0.007100217407927801,0,0.007100217407927801
220105,2026-02-01,San Martín,Moyobamba,Soritor,543,24.37,Bajo,71.3,0,0,1.1262226090061136,0,928.4799999999999,25235.26999999999,552023,0,0,22407,0,0,0.06379420622227806,0,0,-0,0.007081156890672865,0,0.007081156890672865
220106,2026-02-01,San Martín,Moyobamba,Yantalo,544,24.37,Bajo,71.3,0,0,1.1246459878624413,0,115.7,3335.7000000000007,119027,0,0,2966,0,0,0.06373147413147055,0,0,-0,0.007074193628593232,0,0.007074193628593232
220508,2026-02-01,San Martín,Lamas,San Roque de Cumbaza,545,24.37,Bajo,71.2,0,0,1.110549635445877,0,84.48,1980.1099999999988,215382,0,0,1783,0,0,0.06316851748145917,0,0,-0,0.0070117054404419685,0,0.0070117054404419685
040602,2026-02-01,Arequipa,Condesuyos,Andaray,546,24.36,Bajo,71.2,0,0.8203873989797528,1214.2159126365061,0,40406.079999999994,778312.4000000004,1572952,12904.3,0,641,0,0.3574828133262824,0.6006647534882746,0,0,-0.05969962982548917,0.06667378763719849,0,0.0069741578117093195
220403,2026-02-01,San Martín,Huallaga,El Eslabón,547,24.36,Bajo,71.1,0,0,1.110098219766727,0,69.04,1808.3499999999985,165615,0,0,1629,0,0,0.06315042752179065,0,0,-0,0.007009697454918762,0,0.007009697454918762
220401,2026-02-01,San Martín,Huallaga,Saposoa,548,24.34,Bajo,71,0,0,1.0707480216053258,0,663.8199999999999,17048.449999999997,674835,0,0,15922,0,0,0.06155845477457199,0,0,-0,0.006832988479977491,0,0.006832988479977491
220507,2026-02-01,San Martín,Lamas,Rumisapa,549,24.33,Bajo,71,0,0,1.0567345960201389,0,156.95,4407.639999999999,240766,0,0,4171,0,0,0.06098420503925029,0,0,-0,0.006769246759356782,0,0.006769246759356782
220206,2026-02-01,San Martín,Bellavista,San Rafael,550,24.32,Bajo,70.9,0,0,1.0458493762513483,0,258.83000000000004,6790.700000000004,305001,0,0,6493,0,0,0.06053543813798557,0,0,-0,0.006719433633316399,0,0.006719433633316399
090501,2026-02-01,Huancavelica,Churcampa,Churcampa,551,24.31,Bajo,70.9,1,5.496525690699759,247.55100490677137,0,62608.17,1261272.37,6336943,348311.7,0,5095,0.125,0.7276573241671074,0.46645164496038827,0,0.076375,-0.12151877313590694,0.0517761325906031,0,0.00663235945469616
221005,2026-02-01,San Martín,Tocache,Uchiza,552,24.3,Bajo,70.8,0,0,1.010437677741555,0,576.5600000000001,14567.479999999996,549376,0,0,14417,0,0,0.059058816641941736,0,0,-0,0.006555528647255533,0,0.006555528647255533
050805,2026-02-01,Ayacucho,Pàucar del Sara Sara,Marcabamba,553,24.29,Bajo,70.8,0,0.7804244572538112,1054.4580149812734,0,13462.73,563080.5800000001,1922031,15000,0,534,0,0.3527234267583289,0.5887450408958064,0,0,-0.05890481226864093,0.06535069953943451,0,0.006445887270793579
210710,2026-02-01,Puno,Lampa,Vilavila,554,24.28,Bajo,70.7,0,0.4762183071305033,606.0367811704833,0,29906.25,476344.9099999999,923946,0,0,786,0,0.3220518244315177,0.5419666046805827,0,0,-0.053782654680063456,0.060158293119544674,0,0.006375638439481218
150134,2026-02-01,Lima,Lima,San Luis,555,24.27,Bajo,70.7,0,0,0.9566520024537721,0,1904.71,54581.77999999997,439289,0,0,57055,0,0,0.05676551439678566,0,0,-0,0.006300972098043208,0,0.006300972098043208
220703,2026-02-01,San Martín,Picota,Caspisapa,556,24.27,Bajo,70.6,0,0,0.9697701149425283,0,68,2193.619999999999,62638,0,0,2262,0,0,0.057330602358498184,0,0,-0,0.0063636968617932985,0,0.0063636968617932985
221006,2026-02-01,San Martín,Tocache,Santa Lucia,557,24.25,Bajo,70.6,0,0,0.9351937602627255,0,226.87,5695.329999999998,291165,0,0,6090,0,0,0.05583294104907318,0,0,-0,0.006197456456447123,0,0.006197456456447123
230401,2026-02-01,Tacna,Tarata,Tarata,558,24.25,Bajo,70.5,0,0.8392030974620298,1174.9545477599327,0,313855.83999999997,4169913.6900000013,5363617,45011.64,0,3549,0,0.36012691697514543,0.5978873820511056,0,0,-0.06014119513484929,0.06636549940767272,0,0.0062243042728234305
220301,2026-02-01,San Martín,El Dorado,San José de Sisa,559,24.24,Bajo,70.5,0,0,0.9175236909081066,0,624.99,16943.910000000003,763203,0,0,18467,0,0,0.05505720456857829,0,0,-0,0.00611134970711219,0,0.00611134970711219
220103,2026-02-01,San Martín,Moyobamba,Habana,560,24.23,Bajo,70.4,0,0,0.9063894023413436,0,59.419999999999995,1471.0700000000006,154821,0,0,1623,0,0,0.05456471644382109,0,0,-0,0.006056683525264141,0,0.006056683525264141
220914,2026-02-01,San Martín,San Martín,Shapaja,561,24.2,Bajo,70.4,0,0,0.8646314325452018,0,71.05,1865.0100000000002,52108,0,0,2157,0,0,0.0526917143097256,0,0,-0,0.005848780288379542,0,0.005848780288379542
210106,2026-02-01,Puno,Puno,Chucuito,562,24.18,Bajo,70.3,1,5.187786781139232,156.24112393297503,0,69161.89,988381.3500000001,1896699,49137.310000000005,0,6326,0.125,0.7075621364357483,0.4277303369738178,0,0.076375,-0.11816287678476997,0.04747806740409378,0,0.005690190619323805
220201,2026-02-01,San Martín,Bellavista,Bellavista,563,24.18,Bajo,70.3,0,0,0.8314035520473608,0,651,16852.550000000003,670202,0,0,20270,0,0,0.05117110255455744,0,0,-0,0.0056799923835558755,0,0.0056799923835558755
220601,2026-02-01,San Martín,Mariscal Cáceres,Juanjuí,564,24.18,Bajo,70.2,0,0,0.8291389053334053,0,1178.43,30812.460000000006,1136015,0,0,37162,0,0,0.051066463177697016,0,0,-0,0.005668377412724369,0,0.005668377412724369
220102,2026-02-01,San Martín,Moyobamba,Calzada,565,24.17,Bajo,70.1,0,0,0.814349919743178,0,151.26,4058.7199999999993,223390,0,0,4984,0,0,0.05037992703542977,0,0,-0,0.005592171900932704,0,0.005592171900932704
060903,2026-02-01,Cajamarca,San Ignacio,Huarango,566,24.16,Bajo,70.1,0,0.17044325246868633,326.41036392591724,0,868302.38,5533961.3100000005,12618452,21507.3,0,16954,0,0.2924378635642517,0.48975594684456797,0,0,-0.04883712321523004,0.054362910099747044,0,0.005525786884517006
050807,2026-02-01,Ayacucho,Pàucar del Sara Sara,Pararca,567,24.15,Bajo,70,0,0.9558559646715635,1364.8814539007087,0,8988.130000000001,384896.56999999983,1150801,11000,0,282,0,0.372818614489688,0.6105490012185635,0,0,-0.0622607086197779,0.06777093913526054,0,0.005510230515482641
221001,2026-02-01,San Martín,Tocache,Tocache,568,24.15,Bajo,70,0,0,0.7944744087097986,0,1009.62,25394.58,1083670,0,0,31964,0,0,0.049448396641776395,0,0,-0,0.00548877202723718,0,0.00548877202723718
150105,2026-02-01,Lima,Lima,Breña,569,24.13,Bajo,69.9,0,0,0.764021691709871,0,2557.39,75304.27000000002,435443,0,0,98563,0,0,0.04800092444393863,0,0,-0,0.005328102613277188,0,0.005328102613277188
140203,2026-02-01,Lambayeque,Ferreñafe,Incahuasi,570,24.09,Bajo,69.9,0,0,0.7071090139928407,0,326.46000000000004,10864.729999999996,296584,0,0,15365,0,0,0.04522749545987861,0,0,-0,0.0050202519960465255,0,0.0050202519960465255
020906,2026-02-01,Áncash,Corongo,Yanac,571,24.08,Bajo,69.8,0,0.6970328794662621,790.3742456140347,0,36164.15,450513.31999999983,1152026,8030,0,570,0,0.34531993654151244,0.5643926899705174,0,0,-0.05766842940243258,0.06264758858672743,0,0.004979159184294854
140304,2026-02-01,Lambayeque,Lambayeque,Jayanca,572,24.03,Bajo,69.8,0,0,0.6307294041028985,0,296.04,13558.790000000008,293477,0,0,21497,0,0,0.04135645221064563,0,0,-0,0.004590566195381665,0,0.004590566195381665
150141,2026-02-01,Lima,Lima,Surquillo,573,24.03,Bajo,69.7,0,0,0.6322008240096766,0,2229.23,66902.02000000002,629756,0,0,105824,0,0,0.04143272487997475,0,0,-0,0.004599032461677198,0,0.004599032461677198
050614,2026-02-01,Ayacucho,Lucanas,Saisa,574,24.02,Bajo,69.7,0,0.30294103469146183,386.0365102286403,0,10036.32,320796.3400000001,933515,2828,0,831,0,0.3077736647276573,0.5039047026008036,0,0,-0.05139820200951878,0.0559334219886892,0,0.004535219979170418
210208,2026-02-01,Puno,Azángaro,Muñani,575,24.02,Bajo,69.6,0,0.45141469106104726,472.6900333586049,0,104600.22,3117390.7699999996,5096201,23005,0,6595,0,0.31887890005288205,0.5209904838907604,0,0,-0.0532527763088313,0.05782994371187441,0,0.004577167403043106
190105,2026-02-01,Pasco,Pasco,Ninacaca,576,23.99,Bajo,69.6,0,0.8088578319961844,884.3086977414706,0,302064.12,3680492.8000000007,8361572,55228.13,0,4162,0,0.355367530407192,0.573878382149218,0,0,-0.05934637757800106,0.0637005004185632,0,0.004354122840562143
210211,2026-02-01,Puno,Azángaro,San Anton,577,23.98,Bajo,69.5,0,0.33211169655465633,409.4390919988013,0,91948.28,2732596.5,3292850,0,0,6674,0,0.31253305129561076,0.5088696100496944,0,0,-0.052193019566367,0.056484526715516084,0,0.004291507149149082
140309,2026-02-01,Lambayeque,Lambayeque,Pacora,578,23.97,Bajo,69.5,0,0,0.5645054294175718,0,29.919999999999998,5718.440000000002,105892,0,0,10130,0,0,0.03785042942587324,0,0,-0,0.004201397666271929,0,0.004201397666271929
220912,2026-02-01,San Martín,San Martín,San Antonio,579,23.96,Bajo,69.4,0,0,0.5509994538503551,0,42.98,1008.8800000000001,5446,0,0,1831,0,0,0.03711719926625916,0,0,-0,0.004120009118554767,0,0.004120009118554767
150104,2026-02-01,Lima,Lima,Barranco,580,23.95,Bajo,69.4,0,0,0.5392661309698602,0,605.03,20200.369999999995,395860,0,0,37459,0,0,0.036475003586252504,0,0,-0,0.004048725398074028,0,0.004048725398074028
140310,2026-02-01,Lambayeque,Lambayeque,Salas,581,23.94,Bajo,69.3,0,0,0.5257832357561063,0,0.78,7364.120000000024,488474,0,0,14006,0,0,0.03573097681391489,0,0,-0,0.003966138426344553,0,0.003966138426344553
150116,2026-02-01,Lima,Lima,Lince,582,23.94,Bajo,69.2,0,0,0.5227034180623374,0,1143.03,34362,429553,0,0,65739,0,0,0.03556010086642103,0,0,-0,0.0039471711961727345,0,0.0039471711961727345
050706,2026-02-01,Ayacucho,Parinacochas,Puyusca,583,23.93,Bajo,69.2,0,0.2776113978827504,340.7900986500519,0,141804.94,656361.73,1188712,3300,0,1926,0,0.3046007403490217,0.49339092306347576,0,0,-0.050868323638286625,0.05476639246004581,0,0.003898068821759186
220909,2026-02-01,San Martín,San Martín,La Banda de Shilcayo,584,23.93,Bajo,69.1,0,0,0.5158062042523531,0,1138.46,29596.96000000002,684475,0,0,57380,0,0,0.035176169234133046,0,0,-0,0.003904554784988768,0,0.003904554784988768
140101,2026-02-01,Lambayeque,Chiclayo,Chiclayo,585,23.92,Bajo,69.1,0,0,0.5061112669565383,0,4926.19,151550.96999999974,4183097,0,0,299442,0,0,0.034633539020908766,0,0,-0,0.003844322831320873,0,0.003844322831320873
050620,2026-02-01,Ayacucho,Lucanas,Santa Ana de Huaycahuacho,586,23.9,Bajo,69,0,0.09348517905313053,222.44193548387094,0,6010.98,193079.59999999998,3102096,2900,0,868,0,0.28186144896879956,0.4574453662597951,0,0,-0.04707086197778953,0.050776435654837256,0,0.003705573677047727
090602,2026-02-01,Huancavelica,Huaytará,Ayavi,587,23.89,Bajo,69,0,0.23760269468803877,302.73743589743583,0,10221.34,236135.19999999995,2332886,5543,0,780,0,0.29984135378106824,0.483409001400843,0,0,-0.0500735060814384,0.05365839915549357,0,0.0035848930740551704
140202,2026-02-01,Lambayeque,Ferreñafe,Cañaris,588,23.88,Bajo,68.9,0,0,0.45993621789346606,0,3.0100000000000002,5336.179999999993,412712,0,0,11602,0,0,0.03200021421034111,0,0,-0,0.0035520237773478632,0,0.0035520237773478632
022002,2026-02-01,Áncash,Yungay,Cascapara,589,23.87,Bajo,68.9,0,0.6074579847405993,546.2336047275116,0,67034.26,831913.7800000003,1425613,8660,0,1523,0,0.3336858804865151,0.5331956711047888,0,0,-0.05572554204124802,0.05918471949263156,0,0.0034591774513835355
150136,2026-02-01,Lima,Lima,San Miguel,590,23.87,Bajo,68.8,0,0,0.4475262001264655,0,2869.1600000000003,86344.81,682563,0,0,192938,0,0,0.03127827437300175,0,0,-0,0.003471888455403194,0,0.003471888455403194
150604,2026-02-01,Lima,Huaral,Aucallama,591,23.87,Bajo,68.8,0,0.02030528109455719,186.77233329269785,0,340357.95999999996,4596280.3500000015,13093441,2658.66,0,24609,0,0.27340031729243786,0.4427370495341203,0,0,-0.04565785298783712,0.04914381249828735,0,0.0034859595104502275
220908,2026-02-01,San Martín,San Martín,Juan Guerra,592,23.86,Bajo,68.7,0,0,0.440470982142857,0,78.92999999999999,1973.3099999999995,95532,0,0,4480,0,0,0.030865079797221064,0,0,-0,0.003426023857491538,0,0.003426023857491538
140303,2026-02-01,Lambayeque,Lambayeque,Illimo,593,23.85,Bajo,68.7,0,0,0.42688428820334123,0,66.69,4165.110000000001,362766,0,0,9757,0,0,0.030063631311069476,0,0,-0,0.0033370630755287117,0,0.0033370630755287117
220910,2026-02-01,San Martín,San Martín,Morales,594,23.84,Bajo,68.6,0,0,0.4116780681751741,0,769.5200000000001,21122.790000000008,755160,0,0,51309,0,0,0.02915755023106139,0,0,-0,0.0032364880756478144,0,0.0032364880756478144
020611,2026-02-01,Áncash,Carhuaz,Yungar,595,23.83,Bajo,68.6,0,0.49027435753047405,442.7938040520113,0,119755.5,1464319.1100000013,2855544,14000,0,3307,0,0.32363828662083555,0.5154771810374681,0,0,-0.05404759386567954,0.05721796709515896,0,0.0031703732294794187
022008,2026-02-01,Áncash,Yungay,Yanama,596,23.82,Bajo,68.5,0,0.5930776472961032,515.6101077818502,0,193632.29,2391915.290000003,4839164,28700,0,4639,0,0.33262823902696986,0.5283255806823237,0,0,-0.05554891591750397,0.05864413945573793,0,0.0030952235382339585
061103,2026-02-01,Cajamarca,San Miguel,Calquis,597,23.82,Bajo,68.5,0,0.618718378309483,534.9589675727229,0,238055.77000000002,2243617.91,5413610,20255,0,4194,0,0.3347435219460603,0.5314351036805328,0,0,-0.05590216816499207,0.058989296508539145,0,0.0030871283435470742
130901,2026-02-01,La Libertad,Sánchez Carrión,Huamachuco,598,23.81,Bajo,68.4,0,2.972049544774337,573.2755218741117,209.75536472074825,3247023.52,52442098.19,80502052,2371267.93,19188001.25392461,91478,0,0.558434690639873,0.5372747201612059,0.33007987957797463,0,-0.0932585933368588,0.05963749393789386,0.03663886663315519,0.003017767234190241
140305,2026-02-01,Lambayeque,Lambayeque,Mochumi,599,23.81,Bajo,68.4,0,0,0.38199736351652336,0,36.760000000000005,8403.559999999998,594888,0,0,21999,0,0,0.027360522925085763,0,0,-0,0.00303701804468452,0,0.00303701804468452
210702,2026-02-01,Puno,Lampa,Cabanilla,600,23.81,Bajo,68.3,0,0.09611293293878999,208.78238892572946,0,77920.4,1259375.37,2061117,1981,0,6032,0,0.28239026969857217,0.45211069693680844,0,0,-0.047159175039661556,0.05018428735998574,0,0.0030251123203241803
050616,2026-02-01,Ayacucho,Lucanas,San Juan,601,23.79,Bajo,68.2,0,0.39458264336173887,377.4148832271763,0,10567,355524.82000000007,760297,3000,0,942,0,0.316234796404019,0.5019995487410707,0,0,-0.05281121099947118,0.05572194991025885,0,0.0029107389107876705
150113,2026-02-01,Lima,Lima,Jesús María,602,23.77,Bajo,68.2,0,0,0.34007183450784256,0,788.13,29919.51999999999,365127,0,0,87980,0,0,0.024755246489054365,0,0,-0,0.0027478323602850344,0,0.0027478323602850344
150120,2026-02-01,Lima,Lima,Magdalena del Mar,603,23.77,Bajo,68.1,0,0,0.3443775662945112,0,845.04,25077.23000000001,595223,0,0,72819,0,0,0.02502653549832489,0,0,-0,0.002777945440314063,0,0.002777945440314063
230407,2026-02-01,Tacna,Tarata,Tarucachi,604,23.77,Bajo,68.1,0,1.6153626971579838,3340.9937883959033,0,73557.64,978911.1799999997,1087960,17574.5,0,293,0,0.4394500264410365,0.6862184079682159,0,0,-0.07338815441565309,0.07617024328447196,0,0.002782088868818866
150114,2026-02-01,Lima,Lima,La Molina,605,23.75,Bajo,68,0,0,0.3185093167701862,0,1962.14,55074.71999999997,765484,0,0,172914,0,0,0.02338342011669091,0,0,-0,0.002595559632952691,0,0.002595559632952691
030204,2026-02-01,Apurímac,Andahuaylas,Huancarama,606,23.72,Bajo,68,0,0.7358616428062501,640.3152617863066,0,3417.38,2702770.72,4314398,31748,0,4221,0,0.3490216816499207,0.5466121184471773,0,0,-0.05828662083553676,0.06067394514763668,0,0.0023873243120999185
030304,2026-02-01,Apurímac,Antabamba,Juan Espinoza Medrano,607,23.72,Bajo,67.9,0,0.8235092054451468,762.254966216216,0,6852.96,1128137.3499999996,4512275,37159,0,1480,0,0.3585404547858276,0.56133308888229,0,0,-0.05987625594923321,0.062307972865934196,0,0.0024317169167009864
150121,2026-02-01,Lima,Lima,Pueblo Libre,608,23.72,Bajo,67.9,0,0,0.28862362563689986,0,973.84,30135.76999999999,404970,0,0,104412,0,0,0.021444503082019794,0,0,-0,0.002380339842104197,0,0.002380339842104197
021004,2026-02-01,Áncash,Huari,Chavin de Huantar,609,23.71,Bajo,67.8,0,2.1952925827747585,9691.20737783074,0,5699379.53,81309229.89999992,137579562,2178324.7399999998,0,8390,0,0.5018508725542041,0.7762634110041126,0,0,-0.0838090957165521,0.08616523862145649,0,0.002356142904904393
030108,2026-02-01,Apurímac,Abancay,San Pedro de Cachora,610,23.71,Bajo,67.8,0,0.5648998520008705,449.6739629258517,0,2336.03,897549.23,4163538,23519.82,0,1996,0,0.3294553146483342,0.5167781963662266,0,0,-0.05501903754627182,0.05736237979665115,0,0.0023433422503793336
140206,2026-02-01,Lambayeque,Ferreñafe,Pueblo Nuevo,611,23.67,Bajo,67.7,0,0,0.24716151582045617,0,36.94,4030.709999999999,218625,0,0,16308,0,0,0.018678722467762057,0,0,-0,0.0020733381939215885,0,0.0020733381939215885
150130,2026-02-01,Lima,Lima,San Borja,612,23.65,Bajo,67.7,0,0,0.22528666229125646,0,1161.8700000000001,30893.559999999998,626194,0,0,137130,0,0,0.01718224781717326,0,0,-0,0.001907229507706232,0,0.001907229507706232
140114,2026-02-01,Lambayeque,Chiclayo,Santa Rosa,613,23.63,Bajo,67.6,0,0,0.20492606952750217,0,0,3118.3600000000006,245488,0,0,15217,0,0,0.01576516130698694,0,0,-0,0.0017499329050755504,0,0.0017499329050755504
150701,2026-02-01,Lima,Huarochirí,Matucana,614,23.63,Bajo,67.6,0,0.260868884689866,256.21536872384934,0,58058.350000000006,979767.5699999998,5750015,15000,0,3824,0,0.30142781597038604,0.46934945088058067,0,0,-0.05033844526705447,0.05209778904774445,0,0.0017593437806899814
060614,2026-02-01,Cajamarca,Cutervo,Socota,615,23.6,Bajo,67.5,0,0.3231992112320611,293.82951282351564,0,393366.15,2509010.21,5683801,18370,0,8539,0,0.31041776837652035,0.4808916962368407,0,0,-0.051839767318878904,0.05337897828228932,0,0.0015392109634104131
040510,2026-02-01,Arequipa,Caylloma,Lari,616,23.59,Bajo,67.5,0,0.9324683597787298,837.4599323410015,0,104033.15999999999,618882.8900000001,1230712,7516,0,739,0,0.36964569011105236,0.5692804112476935,0,0,-0.06173083024854575,0.06319012564849398,0,0.0014592953999482336
140205,2026-02-01,Lambayeque,Ferreñafe,Pitipo,617,23.59,Bajo,67.4,0,0,0.16817683008431086,0,70.85000000000001,3770.019999999997,146728,0,0,22417,0,0,0.013145732609985621,0,0,-0,0.001459176319708404,0,0.001459176319708404
140117,2026-02-01,Lambayeque,Chiclayo,Patapo,618,23.58,Bajo,67.3,0,0,0.16132097334878304,0,120,4315.819999999992,467330,0,0,26753,0,0,0.012647948810090284,0,0,-0,0.0014039223179200216,0,0.0014039223179200216
140204,2026-02-01,Lambayeque,Ferreñafe,Manuel Antonio Mesones Muro,619,23.58,Bajo,67.3,0,0,0.1623287671232875,0,6.4,687.2999999999993,20170,0,0,4234,0,0,0.012721305733759635,0,0,-0,0.0014120649364473194,0,0.0014120649364473194
140106,2026-02-01,Lambayeque,Chiclayo,La Victoria,620,23.57,Bajo,67.2,0,0,0.154142912358682,0,411.68,15952.25,469376,0,0,103490,0,0,0.01212361169536957,0,0,-0,0.0013457208981860224,0,0.0013457208981860224
050611,2026-02-01,Ayacucho,Lucanas,Lucanas,621,23.56,Bajo,67.2,0,0.3456929525340964,304.347332242226,0,21513.57,743824.8800000004,1353224,4678,0,2444,0,0.3141195134849286,0.48385605671640675,0,0,-0.05245795875198308,0.05370802229552115,0,0.0012500635435380714
150722,2026-02-01,Lima,Huarochirí,San Mateo,622,23.56,Bajo,67.1,0,0.4617574053732635,343.68839879154075,0,119609.73,1251369.46,3578719,16525,0,3641,0,0.3209941829719725,0.4941050231347221,0,0,-0.053606028556319414,0.054845657567954155,0,0.0012396290116347408
140103,2026-02-01,Lambayeque,Chiclayo,Eten,623,23.55,Bajo,67.1,0,0,0.1317892811928543,0,21.53,1873.7800000000025,190408,0,0,14218,0,0,0.010469599692786845,0,0,-0,0.0011621255658993397,0,0.0011621255658993397
140112,2026-02-01,Lambayeque,Chiclayo,Pimentel,624,23.54,Bajo,67,0,0,0.129925324321378,0,191.91,7150.830000000002,572393,0,0,55038,0,0,0.010330207570187232,0,0,-0,0.0011466530402907827,0,0.0011466530402907827
150122,2026-02-01,Lima,Lima,Miraflores,625,23.54,Bajo,67,0,0,0.12622672315969088,0,560.02,15461.890000000014,316267,0,0,122493,0,0,0.010052933279719189,0,0,-0,0.00111587559404883,0,0.00111587559404883
150131,2026-02-01,Lima,Lima,San Isidro,626,23.54,Bajo,66.9,0,0,0.12481510719627734,0,379.47,9012.150000000009,285459,0,0,72204,0,0,0.009946868027564544,0,0,-0,0.0011041023510596644,0,0.0011041023510596644
140107,2026-02-01,Lambayeque,Chiclayo,Lagunas,627,23.51,Bajo,66.9,0,0,0.10489733239733239,0,0.36,1195.4099999999999,384649,0,0,11396,0,0,0.008435940654318975,0,0,-0,9.363894126294063e-4,0,9.363894126294063e-4
050401,2026-02-01,Ayacucho,Huanta,Huanta,628,23.49,Bajo,66.8,1,5.5131811225257374,135.37380291796222,0,445971.28,6225976.57,10269573,450806.03,0,45991,0.125,0.7292437863564252,0.4156893675099447,0,0.076375,-0.121783712321523,0.04614151979360386,0,7.328074720808556e-4
140113,2026-02-01,Lambayeque,Chiclayo,Reque,629,23.49,Bajo,66.8,0,0,0.08091116645911203,0,10.82,1559.320000000007,257230,0,0,19272,0,0,0.00657981987238459,0,0,-0,7.303600058346895e-4,0,7.303600058346895e-4
190301,2026-02-01,Pasco,Oxapampa,Oxapampa,630,23.49,Bajo,66.7,0,0.1571685519558369,188.75591433912462,0,457088.24,3433092.5699999984,12725192,20000,0,18188,0,0.2903225806451613,0.4436257278234076,0,0,-0.04848387096774194,0.04924245578839824,0,7.585848206562995e-4
190308,2026-02-01,Pasco,Oxapampa,Constitución,631,23.49,Bajo,66.7,0,0.6834402667626989,489.3482957472535,0,997549.81,9308872.630000003,21595523,65840,0,19023,0,0.3437334743521946,0.5239134158370732,0,0,-0.0574034902168165,0.058154389157915126,0,7.508989410986294e-4
130614,2026-02-01,La Libertad,Otuzco,Usquil,632,23.48,Bajo,66.6,0,0.07188877512490224,155.09457046887226,0,195119.59,3370670.3000000007,5564151,4000,0,21733,0,0.27974616604970914,0.4271114284641757,0,0,-0.04671760973030143,0.047409368559523504,0,6.917588292220736e-4
010302,2026-02-01,Amazonas,Bongará,Chisquilla,633,23.46,Bajo,66.6,0,0,0.06219999999999999,0,1.4100000000000001,18.659999999999997,15000,0,0,300,0,0,0.005103068867821226,0,0,-0,5.664406443281561e-4,0,5.664406443281561e-4
010311,2026-02-01,Amazonas,Bongará,Valera,634,23.46,Bajo,66.5,0,0,0.06388467374810322,0,3.3099999999999996,42.10000000000002,75552,0,0,659,0,0,0.005237090659266941,0,0,-0,5.813170631786304e-4,0,5.813170631786304e-4
090409,2026-02-01,Huancavelica,Castrovirreyna,Mollepampa,635,23.46,Bajo,66.4,0,0.4313935005591523,298.6573346693386,0,11209.05,298060.0199999999,1506745,0,0,998,0,0.31729243786356426,0.4822652909442336,0,0,-0.05298783712321523,0.05353144729480993,0,5.436101715946967e-4
120121,2026-02-01,Junín,Huancayo,Huayucachi,636,23.46,Bajo,66.4,1,4.903892186766113,67.52520332469389,0,27061.77,755539.5,2120556,89439.78,0,11189,0.125,0.6916975145425701,0.35748929540622,0,0.076375,-0.11551348492860922,0.03968131179009042,0,5.428268614812021e-4
010303,2026-02-01,Amazonas,Bongará,Churuja,637,23.45,Bajo,66.3,0,0,0.048286713286713294,0,1.12,13.810000000000002,1000,0,0,286,0,0,0.003988021080125823,0,0,-0,4.4267033989396637e-4,0,4.4267033989396637e-4
010117,2026-02-01,Amazonas,Chachapoyas,Quinjalca,638,23.44,Bajo,66.3,0,0,0.04299600532623168,0,0,32.28999999999999,2660881,0,0,751,0,0,0.0035601213191121615,0,0,-0,3.9517346642144993e-4,0,3.9517346642144993e-4
010516,2026-02-01,Amazonas,Luya,San Cristóbal,639,23.44,Bajo,66.2,0,0,0.04067391304347825,0,1.52,18.709999999999994,56235,0,0,460,0,0,0.0033716302363109383,0,0,-0,3.7425095623051417e-4,0,3.7425095623051417e-4
010519,2026-02-01,Amazonas,Luya,San Juan de Lopecancha,640,23.44,Bajo,66.2,0,0,0.04612021857923496,0,1.19,16.879999999999995,85536,0,0,366,0,0,0.0038130618749679067,0,0,-0,4.2324986812143764e-4,0,4.2324986812143764e-4
010521,2026-02-01,Amazonas,Luya,Santo Tomas,641,23.44,Bajo,66.1,0,0,0.04305691669807765,0,8.09,114.23000000000002,176385,0,0,2653,0,0,0.0035650600246763292,0,0,-0,3.957216627390725e-4,0,3.957216627390725e-4
010611,2026-02-01,Amazonas,Rodríguez de Mendoza,Totora,642,23.44,Bajo,66.1,0,0,0.04234042553191491,0,0.97,11.940000000000005,115691,0,0,282,0,0,0.0035069485203818576,0,0,-0,3.892712857623862e-4,0,3.892712857623862e-4
030213,2026-02-01,Apurímac,Andahuaylas,San Jerónimo,643,23.44,Bajo,66,0,0.466820440212051,318.3177241622885,0,49709.84,7210214.769999998,28016089,130784.83,0,22651,0,0.32152300370174514,0.4876393836952713,0,0,-0.05369434161819144,0.054127971590175114,0,4.33629971983672e-4
120804,2026-02-01,Junín,Yauli,Marcapomacocha,644,23.44,Bajo,66,0,1.7645041731168234,4104.672873194223,0,86458.18999999999,2557211.200000001,6408759,18677.3,0,623,0,0.46536224219989425,0.7036228388507118,0,0,-0.07771549444738235,0.078102135112429,0,3.866406650466503e-4
010115,2026-02-01,Amazonas,Chachapoyas,Montevideo,645,23.43,Bajo,65.9,0,0,0.038943820224719095,0,1.4,17.33,29092,0,0,445,0,0,0.0032309198783496483,0,0,-0,3.5863210649681094e-4,0,3.5863210649681094e-4
010308,2026-02-01,Amazonas,Bongará,Recta,646,23.43,Bajo,65.9,0,0,0.033910891089108885,0,0.42000000000000004,6.849999999999994,94552,0,0,202,0,0,0.0028202499690941525,0,0,-0,3.1304774656945095e-4,0,3.1304774656945095e-4
010510,2026-02-01,Amazonas,Luya,Luya Viejo,647,23.43,Bajo,65.8,0,0,0.03254641909814198,0,0.9400000000000001,12.269999999999527,156143,0,0,377,0,0,0.002708569217836641,0,0,-0,3.006511831798672e-4,0,3.006511831798672e-4
010605,2026-02-01,Amazonas,Rodríguez de Mendoza,Limabamba,648,23.43,Bajo,65.8,0,0,0.035256290773532165,0,5.970000000000001,75.660000000000025,83149,0,0,2146,0,0,0.002930225451917318,0,0,-0,3.2525502516282234e-4,0,3.2525502516282234e-4
010102,2026-02-01,Amazonas,Chachapoyas,Asunción,649,23.42,Bajo,65.7,0,0,0.031198501872659223,0,0.68,8.330000000000013,12215,0,0,267,0,0,0.0025980984572947477,0,0,-0,2.88388928759717e-4,0,2.88388928759717e-4
010309,2026-02-01,Amazonas,Bongará,San Carlos,650,23.42,Bajo,65.7,0,0,0.029762658227848106,0,1.36,18.810000000000002,1318,0,0,632,0,0,0.00248026259357109,0,0,-0,2.7530914788639096e-4,0,2.7530914788639096e-4
010506,2026-02-01,Amazonas,Luya,Inguilpata,651,23.42,Bajo,65.6,0,0,0.031373056994818654,0,0.9299999999999999,12.11,1000,0,0,386,0,0,0.0026124125442036836,0,0,-0,2.899777924066089e-4,0,2.899777924066089e-4
060503,2026-02-01,Cajamarca,Contumazá,Cupisnique,652,23.42,Bajo,65.5,0,0.16581383086325996,183.61718725099598,0,32872.88,230439.56999999995,904629,1500,0,1255,0,0.2919090428344791,0.4413039627729773,0,0,-0.04874881015335801,0.04898473986780048,0,2.359297144424663e-4
240104,2026-02-01,Tumbes,Tumbes,Pampas de Hospital,653,23.42,Bajo,65.5,0,0,0.027832310838445836,0,16.61,217.76000000000022,2392049,0,0,7824,0,0,0.0023215849337312653,0,0,-0,2.5769592764417047e-4,0,2.5769592764417047e-4
010105,2026-02-01,Amazonas,Chachapoyas,Chiliquin,654,23.41,Bajo,65.4,0,0,0.0230164533820841,0,0.76,12.590000000000003,1538,0,0,547,0,0,0.0019244108859295909,0,0,-0,2.136096083381846e-4,0,2.136096083381846e-4
010107,2026-02-01,Amazonas,Chachapoyas,Granada,655,23.41,Bajo,65.4,0,0,0.022784810126582282,0,1.01,12.600000000000001,114651,0,0,553,0,0,0.0019052596725340533,0,0,-0,2.114838236512799e-4,0,2.114838236512799e-4
010118,2026-02-01,Amazonas,Chachapoyas,San Francisco de Daguas,656,23.41,Bajo,65.3,0,0,0.02414201183431954,0,0.6599999999999999,8.160000000000004,2019,0,0,338,0,0,0.0020174052678094286,0,0,-0,2.2393198472684658e-4,0,2.2393198472684658e-4
010120,2026-02-01,Amazonas,Chachapoyas,Soloco,657,23.41,Bajo,65.3,0,0,0.02356312292358803,0,0,28.36999999999999,49643,0,0,1204,0,0,0.0019695898561862364,0,0,-0,2.1862447403667225e-4,0,2.1862447403667225e-4
010121,2026-02-01,Amazonas,Chachapoyas,Sonche,658,23.41,Bajo,65.2,0,0,0.022226027397260255,0,0.51,6.489999999999995,66155,0,0,292,0,0,0.0018590441946854314,0,0,-0,2.063539056100829e-4,0,2.063539056100829e-4
010508,2026-02-01,Amazonas,Luya,Lonya Chico,659,23.41,Bajo,65.2,0,0,0.021432469304229186,0,1.28,15.709999999999994,74490,0,0,733,0,0,0.0017933676194526343,0,0,-0,1.990638057592424e-4,0,1.990638057592424e-4
010511,2026-02-01,Amazonas,Luya,María,660,23.41,Bajo,65.1,0,0,0.020258249641319948,0,0.94,14.120000000000005,76551,0,0,697,0,0,0.001696093004996349,0,0,-0,1.8826632355459474e-4,0,1.8826632355459474e-4
010520,2026-02-01,Amazonas,Luya,Santa Catalina,661,23.41,Bajo,65.1,0,0,0.02208610741233911,0,3.2600000000000002,49.76000000000002,53441,0,0,2253,0,0,0.0018474678187956587,0,0,-0,2.050689278863181e-4,0,2.050689278863181e-4
010103,2026-02-01,Amazonas,Chachapoyas,Balsas,662,23.4,Bajo,65,0,0,0.0095507637017071,0,0.77,10.630000000000003,76817,0,0,1113,0,0,8.038637875040481e-4,0,0,-0,8.922888041294934e-5,0,8.922888041294934e-5
010113,2026-02-01,Amazonas,Chachapoyas,Mariscal Castilla,663,23.4,Bajo,65,0,0,0.009092537313432838,0,1.25,15.230000000000004,1000,0,0,1675,0,0,7.654700320345585e-4,0,0,-0,8.496717355583599e-5,0,8.496717355583599e-5
010301,2026-02-01,Amazonas,Bongará,Jumbilla,664,23.4,Bajo,64.9,0,0,0.011522842639593913,0,0.95,13.620000000000005,38780,0,0,1182,0,0,9.689011894806786e-4,0,0,-0,1.0754803203235533e-4,0,1.0754803203235533e-4
010304,2026-02-01,Amazonas,Bongará,Corosha,665,23.4,Bajo,64.9,0,0,0.011297798377752027,0,0.33,9.75,162413,0,0,863,0,0,9.500841781970274e-4,0,0,-0,1.0545934377987004e-4,0,1.0545934377987004e-4
010503,2026-02-01,Amazonas,Luya,Cocabamba,666,23.4,Bajo,64.8,0,0,0.010580890336590664,0,0.94,19.490000000000002,141412,0,0,1842,0,0,8.901121893624706e-4,0,0,-0,9.880245301923423e-5,0,9.880245301923423e-5
010514,2026-02-01,Amazonas,Luya,Pisuquia,667,23.4,Bajo,64.8,0,0,0.01450475778546714,0,4.54,67.07000000000005,45770,0,0,4624,0,0,0.0012178386835177155,0,0,-0,1.3518009387046643e-4,0,1.3518009387046643e-4
010522,2026-02-01,Amazonas,Luya,Tingo,668,23.4,Bajo,64.7,0,0,0.012372759856630838,0,1.85,17.26000000000002,36317,0,0,1395,0,0,0.0010399290318194928,0,0,-0,1.154321225319637e-4,0,1.154321225319637e-4
010607,2026-02-01,Amazonas,Rodríguez de Mendoza,Mariscal Benavides,669,23.4,Bajo,64.6,0,0,0.011602787456445987,0,0.42,16.64999999999999,26068,0,0,1435,0,0,9.755847446367757e-4,0,0,-0,1.082899066546821e-4,0,1.082899066546821e-4
010608,2026-02-01,Amazonas,Rodríguez de Mendoza,Milpuc,670,23.4,Bajo,64.6,0,0,0.011286089238845137,0,0.23,4.299999999999997,197,0,0,381,0,0,9.49105007312817e-4,0,0,-0,1.0535065581172269e-4,0,1.0535065581172269e-4
030707,2026-02-01,Apurímac,Grau,Pataypampa,671,23.4,Bajo,64.5,0,1.1566297379904693,1060.363952,0,4114.5,662727.47,2355983,22750,0,625,0,0.39079851930195664,0.5892169362272252,0,0,-0.06526335272342676,0.06540307992122199,0,1.397271977952308e-4
140109,2026-02-01,Lambayeque,Chiclayo,Nueva Arica,672,23.4,Bajo,64.5,0,0,0.010821387059279462,0,3.65,27.93000000000029,35428,0,0,2581,0,0,9.102353637209533e-4,0,0,-0,1.0103612537302582e-4,0,1.0103612537302582e-4
230205,2026-02-01,Tacna,Candarave,Huanuara,673,23.4,Bajo,64.4,0,1.4662131048212586,1899.1360635696808,0,58770.52,776746.6499999994,866475,12704.369999999999,0,409,0,0.42358540454785826,0.6384673148374138,0,0,-0.07073876255949234,0.07086987194695293,0,1.3110938746059564e-4
010104,2026-02-01,Amazonas,Chachapoyas,Cheto,674,23.39,Bajo,64.4,0,0,0.003866481223922116,0,0.21,2.780000000000001,29711,0,0,719,0,0,3.263530981495769e-4,0,0,-0,3.622519389460304e-5,0,3.622519389460304e-5
010106,2026-02-01,Amazonas,Chachapoyas,Chuquibamba,675,23.39,Bajo,64.3,0,0,0.007064516129032266,0,1.53,13.140000000000015,31713,0,0,1860,0,0,5.95337114142989e-4,0,0,-0,6.608241966987178e-5,0,6.608241966987178e-5
010109,2026-02-01,Amazonas,Chachapoyas,La Jalca,676,23.39,Bajo,64.3,0,0,0.0035509554140127383,0,0.69,11.149999999999999,57053,0,0,3140,0,0,2.9976806061075015e-4,0,0,-0,3.327425472779327e-5,0,3.327425472779327e-5
010111,2026-02-01,Amazonas,Chachapoyas,Levanto,677,23.39,Bajo,64.2,0,0,0.0013648293963254604,0,0.09,1.040000000000001,167215,0,0,762,0,0,1.1534326693978585e-4,0,0,-0,1.280310263031623e-5,0,1.280310263031623e-5
010116,2026-02-01,Amazonas,Chachapoyas,Olleros,678,23.39,Bajo,64.2,0,0,0.003199999999999995,0,0.03,1.4399999999999977,36874,0,0,450,0,0,2.701880347914843e-4,0,0,-0,2.9990871861854755e-5,0,2.9990871861854755e-5
010203,2026-02-01,Amazonas,Bagua,Copallin,679,23.39,Bajo,64.1,0,0,0.0013132075471698115,0,0.21000000000000002,5.220000000000001,221109,0,0,3975,0,0,1.1098350777990522e-4,0,0,-0,1.231916936356948e-5,0,1.231916936356948e-5
010205,2026-02-01,Amazonas,Bagua,Imaza,680,23.39,Bajo,64.1,0,0,0.002066054417888311,0,2.23,72.43999999999997,1028922,0,0,35062,0,0,1.7454346151766438e-4,0,0,-0,1.9374324228460745e-5,0,1.9374324228460745e-5
010305,2026-02-01,Amazonas,Bongará,Cuispes,681,23.39,Bajo,64,0,0,0.004153094462540735,0,0.060000000000000005,2.5500000000000114,75126,0,0,614,0,0,3.504948278685041e-4,0,0,-0,3.890492589340395e-5,0,3.890492589340395e-5
010306,2026-02-01,Amazonas,Bongará,Florida,682,23.39,Bajo,64,0,0,0.007998710924911376,0,0,49.64,110356,0,0,6206,0,0,6.737502592289184e-4,0,0,-0,7.478627877440994e-5,0,7.478627877440994e-5
010307,2026-02-01,Amazonas,Bongará,Jazan,683,23.39,Bajo,63.9,0,0,0.002346263008514665,0,0.23,17.360000000000007,714635,0,0,7399,0,0,1.981881971152785e-4,0,0,-0,2.1998889879795914e-5,0,2.1998889879795914e-5
010312,2026-02-01,Amazonas,Bongará,Yambrasbamba,684,23.39,Bajo,63.9,0,0,0.003115699404761905,0,1.21,16.75,67473,0,0,5376,0,0,2.6308127811510725e-4,0,0,-0,2.9202021870776904e-5,0,2.9202021870776904e-5
010401,2026-02-01,Amazonas,Condorcanqui,Nieva,685,23.39,Bajo,63.8,0,0,0.001439377909437158,0,0.24000000000000002,27.210000000000036,1453947,0,0,18904,0,0,1.2163891681394585e-4,0,0,-0,1.350191976634799e-5,0,1.350191976634799e-5
010501,2026-02-01,Amazonas,Luya,Lamud,686,23.39,Bajo,63.7,0,0,0.004007076514816454,0,0.5,9.060000000000002,464558,0,0,2261,0,0,3.3819644616687994e-4,0,0,-0,3.753980552452367e-5,0,3.753980552452367e-5
010504,2026-02-01,Amazonas,Luya,Colcamar,687,23.39,Bajo,63.7,0,0,0.003185140073081608,0,0.24,5.23,82704,0,0,1642,0,0,2.689353481470247e-4,0,0,-0,2.9851823644319742e-5,0,2.9851823644319742e-5
010512,2026-02-01,Amazonas,Luya,Ocalli,688,23.39,Bajo,63.6,0,0,0.003710691823899371,0,0.62,14.75,3114,0,0,3975,0,0,3.132279040992767e-4,0,0,-0,3.476829735501971e-5,0,3.476829735501971e-5
010513,2026-02-01,Amazonas,Luya,Ocumal,689,23.39,Bajo,63.6,0,0,0.006967071057192376,0,1.18,24.120000000000005,287909,0,0,3462,0,0,5.871537160381258e-4,0,0,-0,6.517406248023196e-5,0,6.517406248023196e-5
010515,2026-02-01,Amazonas,Luya,Providencia,690,23.39,Bajo,63.5,0,0,0.0024062499999999987,0,0.01,3.0799999999999983,76552,0,0,1280,0,0,2.0324919774415508e-4,0,0,-0,2.2560660949601213e-5,0,2.2560660949601213e-5
010523,2026-02-01,Amazonas,Luya,Trita,691,23.39,Bajo,63.5,0,0,0.004696245733788398,0,0.55,6.880000000000003,105320,0,0,1465,0,0,3.9622612505430156e-4,0,0,-0,4.398109988102747e-5,0,4.398109988102747e-5
010601,2026-02-01,Amazonas,Rodríguez de Mendoza,San Nicolás,692,23.39,Bajo,63.4,0,0,0.001467480279803542,0,0.91,9.86,186509,0,0,6719,0,0,1.240120508920129e-4,0,0,-0,1.3765337649013434e-5,0,1.3765337649013434e-5
010602,2026-02-01,Amazonas,Rodríguez de Mendoza,Chirimoto,693,23.39,Bajo,63.4,0,0,0.0030227197892657228,0,0.36,9.18,33609,0,0,3037,0,0,2.5524216506836965e-4,0,0,-0,2.8331880322589033e-5,0,2.8331880322589033e-5
010604,2026-02-01,Amazonas,Rodríguez de Mendoza,Huambo,694,23.39,Bajo,63.3,0,0,0.008475802804161011,0,1.35,18.739999999999995,189076,0,0,2211,0,0,7.137677055827738e-4,0,0,-0,7.92282153196879e-5,0,7.92282153196879e-5
010606,2026-02-01,Amazonas,Rodríguez de Mendoza,Longar,695,23.39,Bajo,63.3,0,0,0.0016589557171183078,0,0.12000000000000001,2.51,1000,0,0,1513,0,0,1.40179622202285e-4,0,0,-0,1.5559938064453634e-5,0,1.5559938064453634e-5
010612,2026-02-01,Amazonas,Rodríguez de Mendoza,Vista Alegre,696,23.39,Bajo,63.2,0,0,0.0029404145077720233,0,0.67,15.890000000000015,210593,0,0,5404,0,0,2.4830239895646026e-4,0,0,-0,2.756156628416709e-5,0,2.756156628416709e-5
010702,2026-02-01,Amazonas,Utcubamba,Cajaruro,697,23.39,Bajo,63.2,0,0,0.0031056701030927852,0,4.07,69.89000000000004,790608,0,0,22504,0,0,2.6223574247388585e-4,0,0,-0,2.910816741460133e-5,0,2.910816741460133e-5
010704,2026-02-01,Amazonas,Utcubamba,El Milagro,698,23.39,Bajo,63.1,0,0,0.0021952698605215283,0,0.88,14.48,1000,0,0,6596,0,0,1.8544782074987213e-4,0,0,-0,2.0584708103235808e-5,0,2.0584708103235808e-5
010706,2026-02-01,Amazonas,Utcubamba,Lonya Grande,699,23.39,Bajo,63.1,0,0,0.0029755973993076086,0,2.45,35.24000000000001,366276,0,0,11843,0,0,2.5126899805695384e-4,0,0,-0,2.7890858784321876e-5,0,2.7890858784321876e-5
021903,2026-02-01,Áncash,Sihuas,Alfonso Ugarte,700,23.39,Bajo,63,0,0.9664988891538742,789.6558064516128,0,23790.41,293751.95999999996,398345,3850,0,372,0,0.3749338974087784,0.56431588039324,0,0,-0.062613960867266,0.06263906272364964,0,2.5101856383630272e-5
030604,2026-02-01,Apurímac,Chincheros,Huaccana,701,23.39,Bajo,63,0,0.34040464837981504,264.49462545308097,0,9255.84,1313480.31,5623895,19144,0,4966,0,0.313590692755156,0.47202866204513844,0,0,-0.05236964569011106,0.05239518148701037,0,2.553579689931057e-5
050402,2026-02-01,Ayacucho,Huanta,Ayahuanco,702,23.39,Bajo,62.9,0,0.0827975531866795,147.44658018867918,0,12887.4,125034.69999999995,7210358,5970,0,848,0,0.2808038075092544,0.4228629566317884,0,0,-0.046894235854045487,0.046937788186128516,0,4.355233208303e-5
160206,2026-02-01,Loreto,Alto Amazonas,Lagunas,703,23.39,Bajo,62.9,0,0,0.00534441633538128,0,0.3,73.94000000000001,15101328,0,0,13835,0,0,4.5076731106914644e-4,0,0,-0,5.0035171528675254e-5,0,5.0035171528675254e-5
250107,2026-02-01,Ucayali,Coronel Portillo,Manantay,704,23.39,Bajo,62.8,0,0,0.002542137981863044,0,0.86,317.33000000000004,9038197,0,0,124828,0,0,2.1471271603799383e-4,0,0,-0,2.3833111480217317e-5,0,2.3833111480217317e-5
010108,2026-02-01,Amazonas,Chachapoyas,Huancas,705,23.38,Bajo,62.7,0,0,7.096774193548391e-4,0,0.07,1.1000000000000005,0,0,0,1550,0,0,5.9995269518323814e-5,0,0,-0,6.659474916533944e-6,0,6.659474916533944e-6
010110,2026-02-01,Amazonas,Chachapoyas,Leimebamba,706,23.38,Bajo,62.7,0,0,7.933929054968859e-4,0,0.09000000000000001,2.9299999999999997,48065,0,0,3693,0,0,6.706966963949706e-5,0,0,-0,7.444733329984174e-6,0,7.444733329984174e-6
010112,2026-02-01,Amazonas,Chachapoyas,Magdalena,707,23.38,Bajo,62.6,0,0,7.078651685393257e-4,0,0.03,0.6299999999999999,0,0,0,890,0,0,5.984211822168994e-5,0,0,-0,6.642475122607583e-6,0,6.642475122607583e-6
010119,2026-02-01,Amazonas,Chachapoyas,San Isidro de Maino,708,23.38,Bajo,62.6,0,0,0.0012142857142857138,0,0.04,0.6799999999999997,0,0,0,560,0,0,1.0262836753877918e-4,0,0,-0,1.1391748796804489e-5,0,1.1391748796804489e-5
010202,2026-02-01,Amazonas,Bagua,Aramango,709,23.38,Bajo,62.5,0,0,9.81298366294068e-4,0,0.04,9.13000000000001,388355,0,0,9304,0,0,8.294651756460149e-5,0,0,-0,9.207063449670765e-6,0,9.207063449670765e-6
010204,2026-02-01,Amazonas,Bagua,El Parco,710,23.38,Bajo,62.5,0,0,0.001230643846780766,0,0.03,1.5099999999999998,186403,0,0,1227,0,0,1.0401006581784376e-4,0,0,-0,1.1545117305780658e-5,0,1.1545117305780658e-5
010206,2026-02-01,Amazonas,Bagua,La Peca,711,23.38,Bajo,62.4,0,0,8.06769635228393e-4,0,0.09000000000000001,4.91,317615,0,0,6086,0,0,6.820001902145113e-5,0,0,-0,7.570202111381075e-6,0,7.570202111381075e-6
010310,2026-02-01,Amazonas,Bongará,Shipasbamba,712,23.38,Bajo,62.4,0,0,7.835400225479146e-4,0,0.28,1.3900000000000006,1000,0,0,1774,0,0,6.623707978907665e-5,0,0,-0,7.352315856587509e-6,0,7.352315856587509e-6
010502,2026-02-01,Amazonas,Luya,Camporredondo,713,23.38,Bajo,62.3,0,0,3.050499871827731e-4,0,0.12,2.3799999999999955,131237,0,0,7802,0,0,2.5793772161432313e-5,0,0,-0,2.863108709918987e-6,0,2.863108709918987e-6
010505,2026-02-01,Amazonas,Luya,Conila,714,23.38,Bajo,62.3,0,0,3.1214528944381375e-4,0,0.04,0.5499999999999998,31016,0,0,1762,0,0,2.6393628124212893e-5,0,0,-0,2.929692721787631e-6,0,2.929692721787631e-6
010507,2026-02-01,Amazonas,Luya,Longuita,715,23.38,Bajo,62.2,0,0,4.477611940298677e-4,0,0.03,0.36000000000001364,157459,0,0,804,0,0,3.7858144161878794e-5,0,0,-0,4.2022540019685465e-6,0,4.2022540019685465e-6
010603,2026-02-01,Amazonas,Rodríguez de Mendoza,Cochamal,716,23.38,Bajo,62.2,0,0,2.6113671274961587e-4,0,0,0.16999999999999993,56063,0,0,651,0,0,2.208113101049133e-5,0,0,-0,2.4510055421645377e-6,0,2.4510055421645377e-6
010610,2026-02-01,Amazonas,Rodríguez de Mendoza,Santa Rosa,717,23.38,Bajo,62.1,0,0,7.471264367839788e-4,0,0.02,0.3900000000012369,54128,0,0,522,0,0,6.315998216273085e-5,0,0,-0,7.010758020063124e-6,0,7.010758020063124e-6
010707,2026-02-01,Amazonas,Utcubamba,Yamon,718,23.38,Bajo,62.1,0,0,5.151793928242869e-4,0,0.13999999999999999,1.6799999999999997,246687,0,0,3261,0,0,4.355687541526548e-5,0,0,-0,4.834813171094468e-6,0,4.834813171094468e-6
211303,2026-02-01,Puno,Yunguyo,Copani,719,23.37,Bajo,62,0,0.1567930950117341,170.922713661884,0,56713.72,821967.3300000001,5121399,8030,0,4809,0,0.2897937599153887,0.4352793345626519,0,0,-0.04839555790586991,0.04831600613645436,0,-7.955176941554926e-5
051002,2026-02-01,Ayacucho,Víctor Fajardo,Alcamenca,720,23.35,Bajo,62,0,0.1794085739229802,184.61011035653686,0,28637.95,217470.71000000043,9281329,16651.5,0,1178,0,0.29508196721311475,0.4417575787028244,0,0,-0.049278688524590164,0.04903509123601351,0,-2.435972885766538e-4
060310,2026-02-01,Cajamarca,Celendín,Sucre,721,23.34,Bajo,61.9,0,0.961930153874808,757.2850375494071,0,6367.06,3831862.29,14002552,134694.77,0,5060,0,0.3744050766790058,0.5607806192627514,0,0,-0.06252564780539398,0.0622466487381654,0,-2.7899906722857887e-4
130811,2026-02-01,La Libertad,Pataz,Santiago de Challas,722,23.33,Bajo,61.8,0,0.9842220834649245,776.6490121155636,0,115556.56,1666688.7799999993,4841387,47650,0,2146,0,0.37652035959809627,0.5629130995373912,0,0,-0.06287890005288208,0.06248335404865043,0,-3.955460042316464e-4
060409,2026-02-01,Cajamarca,Chota,Huambos,723,23.31,Bajo,61.8,0,0.3381653956049894,246.90403774981493,0,313839.23,2001404.13,5884582,19899.62,0,8106,0,0.3130618720253834,0.46623122920731164,0,0,-0.05228133262823903,0.051751666442011596,0,-5.296661862274343e-4
021301,2026-02-01,Áncash,Mariscal Luzuriaga,Piscobamba,724,23.3,Bajo,61.7,0,1.157534526189101,990.7119896729783,0,235100.63999999998,2878018.330000002,7936584,91868.7,0,2905,0,0.39132734003172925,0.5834766292344086,0,0,-0.06535166578529879,0.06476590584501936,0,-5.857599402794289e-4
022001,2026-02-01,Áncash,Yungay,Yungay,725,23.3,Bajo,61.7,0,0.735613677385243,460.48851238603163,0,864229.73,10707278.890000008,25646130,188656.44,0,23252,0,0.3484928609201481,0.5187835762547504,0,0,-0.058198307773664734,0.05758497696427729,0,-6.133308093874412e-4
020602,2026-02-01,Áncash,Carhuaz,Acopampa,726,23.29,Bajo,61.6,0,0.8322060832776786,559.5956658424585,0,128659.79,1584215.33,2943742,23918,0,2831,0,0.3595980962453728,0.5352358194903039,0,0,-0.060052882072977265,0.059411175963423726,0,-6.417061095535387e-4
061308,2026-02-01,Cajamarca,Santa Cruz,Saucepampa,727,23.29,Bajo,61.6,0,0.30769263415664105,224.16766313932982,0,42235.07,254206.13,942499,0,0,1134,0,0.30830248545742994,0.4580960139850399,0,0,-0.051486515071390807,0.05084865755233943,0,-6.378575190513769e-4
040605,2026-02-01,Arequipa,Condesuyos,Iray,728,23.21,Bajo,61.5,0,1.0693061208544634,780.7902707581228,0,23268.670000000002,432557.81000000006,819134,8759.05,0,554,0,0.3818085668958223,0.5633622635804341,0,0,-0.06376203067160233,0.06253321125742818,0,-0.0012288194141741454
030106,2026-02-01,Apurímac,Abancay,Lambrama,729,23.2,Bajo,61.5,0,0.915305973113671,606.6265914664051,0,8352.64,1236911.62,5261410,48158,0,2039,0,0.3680592279217345,0.5420487336785325,0,0,-0.06146589106292967,0.0601674094383171,0,-0.0012984816246125672
030210,2026-02-01,Apurímac,Andahuaylas,Pampachiri,730,23.15,Bajo,61.4,0,0.954905880489066,628.6407109879962,0,9832.36,1361635.7799999998,7467049,65683.29,0,2166,0,0.3722897937599154,0.5450584370556092,0,0,-0.06217239555790587,0.06050148651317262,0,-0.00167090904473325
061112,2026-02-01,Cajamarca,San Miguel,Tongod,731,23.14,Bajo,61.4,0,0.9670487978749862,658.9582165242166,0,129155.45999999999,1156471.6700000002,3365249,21097.6,0,1755,0,0.37546271813855103,0.5490354674222306,0,0,-0.06270227392913802,0.0609429368838676,0,-0.001759337045270419
030306,2026-02-01,Apurímac,Antabamba,Pachaconas,732,23.11,Bajo,61.3,0,1.0975010006675538,770.4652665245202,0,4920.37,722696.4199999999,3015487,16678,0,938,0,0.3855103120042306,0.5622379335749854,0,0,-0.06438022210470651,0.06240841062682338,0,-0.001971811477883126
110208,2026-02-01,Ica,Chincha,San Juan de Yanac,733,23.11,Bajo,61.3,0,1.46222987882348,1497.469634055265,0,206306.23,4010223.6799999997,5059396,73980,0,2678,0,0.4225277630883131,0.6183838227813143,0,0,-0.07056213643574828,0.06864060432872589,0,-0.0019215321070223945
040514,2026-02-01,Arequipa,Caylloma,San Antonio de Chuca,734,23.1,Bajo,61.2,0,1.3220445432480643,1169.7964171779142,0,54961.950000000004,953384.0800000001,1445741,14876.67,0,815,0,0.4093072448439979,0.597515619103406,0,0,-0.06835430988894765,0.06632423372047806,0,-0.002030076168469591
040803,2026-02-01,Arequipa,La Uniòn,Charcana,735,23.07,Bajo,61.2,0,1.008857771231412,651.5063120567377,0,20075.579999999998,367449.56000000006,594732,6000,0,564,0,0.37757800105764144,0.5480751286856114,0,0,-0.06305552617662613,0.06083633928410286,0,-0.0022191868925232686
230202,2026-02-01,Tacna,Candarave,Cairani,736,23.06,Bajo,61.1,0,1.2967766978824031,1070.8152909482758,0,74697.05,993716.5899999999,1625569,21080,0,928,0,0.40613432046536224,0.5900456186647192,0,0,-0.0678244315177155,0.06549506367178383,0,-0.002329367845931671
021205,2026-02-01,Áncash,Huaylas,Mato,737,23.03,Bajo,61.1,0,0.9214228088520002,540.7995561643838,0,68236.79,986959.1900000004,1841934,16972,0,1825,0,0.36911686938127974,0.5323517028877883,0,0,-0.06164251718667372,0.0590910390205445,0,-0.0025514781661292174
030704,2026-02-01,Apurímac,Grau,Huayllati,738,23.03,Bajo,61,0,1.0871540342552164,708.506980582524,0,4297.65,729762.1899999997,2889195,31410,0,1030,0,0.38392384981491273,0.5551577238753289,0,0,-0.06411528291909042,0.06162250735016151,0,-0.0024927755689289136
061109,2026-02-01,Cajamarca,San Miguel,Niepos,739,23.03,Bajo,60.9,0,0.8737219333553696,499.4712906932209,0,123922.62,1304119.5399999998,3669703,32063,0,2611,0,0.3643574828133263,0.5256415188399107,0,0,-0.060847699629825495,0.05834620859123009,0,-0.002501491038595406
100104,2026-02-01,Huánuco,Huánuco,Churubamba,740,23.03,Bajo,60.9,1,2.9472823081759256,3.5346963670114047,0,7689.4,39988.02000000002,792106,20000,0,11313,0.125,0.5573770491803278,0.1278475450131426,0,0.076375,-0.09308196721311475,0.014191077496458829,0,-0.0025158897166559224
021303,2026-02-01,Áncash,Mariscal Luzuriaga,Eleazar Guzmán Barron,741,23.02,Bajo,60.8,0,1.3133491435102558,1074.1445738203963,0,114461.59,1411425.9700000007,11094120,145704.53,0,1314,0,0.40772078265468004,0.5903078998846968,0,0,-0.06808937070333157,0.06552417688720134,0,-0.0025651938161302262
021201,2026-02-01,Áncash,Huaylas,Caraz,742,23,Bajo,60.8,1,7.7578593161263045,475.6955364791289,0,1057389.7100000002,13105412.030000001,24727724,1344414.04,0,27550,0.125,0.8202009518773136,0.5215253669875742,0,0.076375,-0.13697355896351138,0.05788931573562074,0,-0.002709243227890637
210214,2026-02-01,Puno,Azángaro,Santiago de Pupuja,743,22.98,Bajo,60.7,0,0.5673993819275515,259.78232009925546,0,35814.14,1046922.7499999995,6287936,35677.71,0,4030,0,0.32998413537810684,0.47051415686747905,0,0,-0.05510735060814385,0.052227071412290174,0,-0.002880279195853673
210203,2026-02-01,Puno,Azángaro,Arapa,744,22.97,Bajo,60.7,0,0.5101443359853485,239.85457488653557,0,52070.99,1585438.7400000002,2445059,12473.33,0,6610,0,0.32575356953992596,0.46379155520731147,0,0,-0.05440084611316764,0.051480862628011576,0,-0.002919983485156062
060404,2026-02-01,Cajamarca,Chota,Chiguirip,745,22.96,Bajo,60.6,0,0.5496738308753478,244.2667676767677,0,122014.91,773837.1200000001,1870502,10281.66,0,3168,0,0.3273400317292438,0.46532674401087853,0,0,-0.05466578529878372,0.051651268585207515,0,-0.003014516713576207
210101,2026-02-01,Puno,Puno,Puno,746,22.91,Bajo,60.6,1,8.699925615294395,741.6896542850832,0,5381559.500000001,104050899.91000003,16074541,981259.39,0,140289,0.125,0.849286092014807,0.5590231878378262,0,0.076375,-0.1418307773664728,0.06205157384999871,0,-0.0034042035164740803
061304,2026-02-01,Cajamarca,Santa Cruz,Chancaybaños,747,22.9,Bajo,60.5,0,0.6329140115161382,279.67943581616487,0,145566.93,882388.6200000001,2174861,13765,0,3155,0,0.3373876255949233,0.47673226129838125,0,0,-0.056343733474352196,0.05291728100412032,0,-0.0034264524702318777
020512,2026-02-01,Áncash,Bolognesi,Mangas,748,22.88,Bajo,60.5,0,1.7028133329117359,2186.4093411764698,0,64549.14,929223.9699999997,10373248,64510.07,0,425,0,0.4537281861448969,0.6503739566146092,0,0,-0.07577260708619779,0.072191509184221625,0,-0.0035810979019761657
090302,2026-02-01,Huancavelica,Angaraes,Anchonga,749,22.88,Bajo,60.4,0,0.08681684881493097,100.9281379113834,0,88386.45000000001,708414.6000000001,7878655,6840,0,7019,0,0.281332628239027,0.39106871975109647,0,0,-0.04698254891591751,0.04340862789237171,0,-0.003573921023545798
120609,2026-02-01,Junín,Satipo,Vizcatán del Ene,750,22.88,Bajo,60.4,0,0.6056151695615554,253.88997594547635,0,67679.47,1899858.6899999995,6790071,41121.7,0,7483,0,0.3331570597567425,0.46858141754190735,0,0,-0.055637228979375994,0.052012537347151715,0,-0.003624691632224279
090603,2026-02-01,Huancavelica,Huaytará,Córdova,751,22.87,Bajo,60.3,0,0.5624845316753789,233.80492753623184,0,5679.42,129060.31999999998,1066696,6000,0,552,0,0.3289264939185616,0.4616402730415635,0,0,-0.05493072448439979,0.05124207030761355,0,-0.003688654176786238
210707,2026-02-01,Puno,Lampa,Paratia,752,22.87,Bajo,60.3,0,1.1340047400715976,688.7025607476637,0,106745.54,1105367.6100000003,1934148,13500,0,1605,0,0.38921205711263884,0.5527635899164716,0,0,-0.06499841353781069,0.06135675848072834,0,-0.0036416550570823464
090114,2026-02-01,Huancavelica,Huancavelica,Palca,753,22.85,Bajo,60.2,0,0.17281245355665312,122.28110785033013,0,13661.35,166669.14999999997,1157324,2000,0,1363,0,0.29349550502379695,0.4071536297701229,0,0,-0.049013749338974094,0.045194052904483646,0,-0.003819696434490448
120706,2026-02-01,Junín,Tarma,Palca,754,22.85,Bajo,60.2,0,0.21316053119604375,132.84638934203377,0,30431.04,732913.5300000003,2533302,0,0,5517,0,0.2982548915917504,0.41410735010803146,0,0,-0.04980856689582232,0.045965915861991495,0,-0.0038426510338308226
020111,2026-02-01,Áncash,Huaraz,Pira,755,22.84,Bajo,60.1,0,7.196665112356371,734.306265804175,19977.66642965625,203119.95,2497375.6099999994,4540063,89763.44,67944043.5272609,3401,0,0.8001057641459545,0.5581782472482171,0.6108716414165523,0,-0.1336176626123744,0.0619577854445521,0.06780675219723731,-0.003853124970584987
090701,2026-02-01,Huancavelica,Tayacaja,Pampas,756,22.83,Bajo,60,1,6.606541360901348,196.0423613244581,0,104919.01,2297224.39,12841548,656721.37,0,11718,0.125,0.777895293495505,0.4468122924892027,0,0.076375,-0.12990851401374934,0.049596164466301496,0,-0.003937349547447844
120403,2026-02-01,Junín,Jauja,Apata,757,22.83,Bajo,60,0,0.07118776285667552,93.31358166862516,0,15171.8,397049.29000000004,1510091,1075,0,4255,0,0.2792173453199365,0.38450256017554435,0,0,-0.0466292966684294,0.042679784179485425,0,-0.003949512488943978
021709,2026-02-01,Áncash,Recuay,Tapacocha,758,22.8,Bajo,59.9,0,1.4262328522181908,1080.979232876712,0,30382.02,394557.4199999999,1171653,15293,0,365,0,0.4177683765203596,0.5908437993362402,0,0,-0.06976731887890006,0.06558366172632267,0,-0.004183657152577389
050103,2026-02-01,Ayacucho,Huamanga,Acos Vinchos,759,22.8,Bajo,59.9,0,0.056956808099051,89.13603700848115,0,39174.89000000001,462437.76000000024,1931288,1100,0,5188,0,0.27815970386039135,0.3806711584401604,0,0,-0.04645267054468536,0.04225449858685781,0,-0.004198171957827554
030209,2026-02-01,Apurímac,Andahuaylas,Pacucha,760,22.78,Bajo,59.8,0,0.7722152723755861,331.8730084077773,0,18026.43,2526217.340000001,11034616,85210.99,0,7612,0,0.35219460602855635,0.4911552846296621,0,0,-0.058816499206768916,0.054518236593892495,0,-0.00429826261287642
040404,2026-02-01,Arequipa,Castilla,Chachas,761,22.78,Bajo,59.8,0,1.388141176518798,1027.9654589371976,0,123938.01000000001,1489521.9499999993,1952251,27100,0,1449,0,0.4156530936012692,0.5865952245068156,0,0,-0.06941406663141196,0.06511206992025653,0,-0.004301996711155429
080806,2026-02-01,Cusco,Espinar,Pichigua,762,22.77,Bajo,59.7,0,1.6713045064101786,1689.2563922036595,0,469111.36,4246790.57,7490197,125184,0,2514,0,0.44420941300899,0.6285689390378187,0,0,-0.07418297197250133,0.06977115223319788,0,-0.004411819739303449
190305,2026-02-01,Pasco,Oxapampa,Pozuzo,763,22.75,Bajo,59.7,0,1.2296322535636384,733.8796026877005,0,177113.05000000002,2512069.879999999,4618454,56790,0,3423,0,0.39820200951877316,0.5581291617791235,0,0,-0.06649973558963512,0.061952336957482715,0,-0.004547398632152408
090301,2026-02-01,Huancavelica,Angaraes,Lircay,764,22.74,Bajo,59.6,0,0.2754406312553646,136.13404593712562,0,259885.78,3295396.8499999996,21235273,48742.45,0,24207,0,0.30407191961924906,0.4161595038715139,0,0,-0.0507800105764146,0.046193704929738046,0,-0.0045863056466765514
040801,2026-02-01,Arequipa,La Uniòn,Cotahuasi,765,22.7,Bajo,59.6,0,0.9363022503287579,434.1259028475713,0,73834.90000000001,1295865.8200000003,2707160,25347.2,0,2985,0,0.3707033315705976,0.5138090932338616,0,0,-0.0619074563722898,0.05703280934895864,0,-0.004874647023331166
050101,2026-02-01,Ayacucho,Huamanga,Ayacucho,766,22.7,Bajo,59.5,0,0.7314513109715274,289.9853729552419,0,2164386.87,33593355.53,21090008,154263.14,0,115845,0,0.34796404019037547,0.4797817930766317,0,0,-0.058109994711792706,0.05325577903150612,0,-0.004854215680286586
021904,2026-02-01,Áncash,Sihuas,Cashapampa,767,22.66,Bajo,59.5,0,1.2978880944452602,796.3981673454281,0,176951.99000000002,2151071.450000001,3867976,48697,0,2701,0,0.40666314119513486,0.5650339878260238,0,0,-0.06791274457958753,0.06271877264868864,0,-0.005193971930898891
060308,2026-02-01,Cajamarca,Celendín,Oxamarca,768,22.66,Bajo,59.4,0,1.283298766265813,767.5007905505954,0,747761.6,4126084.250000001,9334993,90962.85,0,5376,0,0.40454785827604445,0.5619123388208154,0,0,-0.06755949233209943,0.062372269609110506,0,-0.005187222722988924
061001,2026-02-01,Cajamarca,San Marcos,Pedro Gálvez,769,22.66,Bajo,59.4,0,0.2938956816722012,134.28139760510447,0,483164.27,3072626.9400000004,7989852,23481.83,0,22882,0,0.3067160232681121,0.41500921203639096,0,0,-0.05122157588577472,0.0460660225360394,0,-0.005155553349735324
210406,2026-02-01,Puno,Chucuito,Pomata,770,22.66,Bajo,59.3,0,0.46113065584192153,171.60181170522452,0,152870.02000000002,2240090.0500000007,7111607,32793.8,0,13054,0,0.3204653622421999,0.435612724874122,0,0,-0.053517715494447386,0.04835301246102754,0,-0.005164703033419843
020401,2026-02-01,Áncash,Asunción,Chacas,771,22.65,Bajo,59.3,0,1.1658064175230496,609.9922163769439,0,215655.91999999998,2666885.969999999,4655628,41275.61,0,4372,0,0.39185616076150187,0.5425158650315421,0,0,-0.06543997884717082,0.060219261018501176,0,-0.00522071782866964
150727,2026-02-01,Lima,Huarochirí,Santa Cruz de Cocachacra,772,22.64,Bajo,59.2,0,0.5584408331937231,195.3477308707125,0,31078.82,518257.53000000026,1790700,2500,0,2653,0,0.328397673188789,0.44651363670556915,0,0,-0.05484241142252776,0.049563013674318174,0,-0.00527939774820959
060111,2026-02-01,Cajamarca,Cajamarca,Namora,773,22.63,Bajo,59.1,0,1.0343645966544799,477.0378945866234,0,913573.83,5014145.309999999,11769351,28918,0,10511,0,0.3791644632469593,0.521763175076306,0,0,-0.0633204653622422,0.05791571243346996,0,-0.0054047529287722385
090511,2026-02-01,Huancavelica,Churcampa,Cosme,774,22.63,Bajo,59.1,0,0.7024978628697828,263.92700816326527,0,34750.65,646621.1699999999,2277587,16000,0,2450,0,0.34584875727128506,0.471847663689622,0,0,-0.05775674246430461,0.05237509066954804,0,-0.005381651794756567
060902,2026-02-01,Cajamarca,San Ignacio,Chirinos,775,22.62,Bajo,59,0,0.6496917770846604,231.39838918918917,0,604193.49,3852783.1799999997,9850825,64000,0,16650,0,0.33897408778424115,0.4607690471242174,0,0,-0.05660867265996827,0.05114536423078813,0,-0.005463308429180143
090113,2026-02-01,Huancavelica,Huancavelica,Nuevo Occoro,776,22.6,Bajo,59,0,0.2936561540409071,126.73846044191023,0,14602.19,177814.06000000006,1259977,3700,0,1403,0,0.3061872025383395,0.4101573199846704,0,0,-0.051133262823902695,0.045527462518298416,0,-0.005605800305604279
021308,2026-02-01,Áncash,Mariscal Luzuriaga,Musga,777,22.59,Bajo,58.9,0,1.6776472352371243,1531.1721140939587,0,112116.67,1368867.8699999992,2414113,37560.3,0,894,0,0.4463246959280804,0.6202648073754503,0,0,-0.07453622421998943,0.06884939361867498,0,-0.0056868306013144465
150712,2026-02-01,Lima,Huarochirí,Laraos,778,22.59,Bajo,58.9,0,1.0227785741604756,458.96252066115676,0,13116.369999999999,222137.85999999987,985707,8581.6,0,484,0,0.3786356425171867,0.5185034715583068,0,0,-0.06323215230037017,0.05755388534297205,0,-0.00567826695739812
080906,2026-02-01,Cusco,La Convención,Quellouno,779,22.55,Bajo,58.8,0,0.8579823349265794,334.8791699368141,0,362050.48,5034908.32,104883572,895432.52,0,15035,0,0.36277102062400846,0.4919155935826343,0,0,-0.06058276044420942,0.05460263088767241,0,-0.005980129556537012
061106,2026-02-01,Cajamarca,San Miguel,La Florida,780,22.53,Bajo,58.8,0,0.8919392534173192,349.7335662898252,0,64291.58,680581.5199999999,1621227,14460.36,0,1946,0,0.3659439450026441,0.4955753400398841,0,0,-0.061112638815441565,0.05500886274442714,0,-0.006103776071014429
120119,2026-02-01,Junín,Huancayo,Huancan,781,22.53,Bajo,58.7,0,0.017172570925224815,65.49625121241513,0,83258.5,2295905.59,5807983,997.38,0,35054,0,0.2723426758328926,0.35494749301973016,0,0,-0.04548122686409307,0.03939917172519005,0,-0.006082055138903017
090303,2026-02-01,Huancavelica,Angaraes,Callanmarca,782,22.52,Bajo,58.7,0,0.15889409708429333,91.23197278911566,0,3923.15,40233.3,213979,340,0,441,0,0.2913802221047065,0.3826151237560216,0,0,-0.04866049709148599,0.042470278736918395,0,-0.006190218354567595
030415,2026-02-01,Apurímac,Aymaraes,Tintay,783,22.51,Bajo,58.6,0,1.180058728560419,564.2500602409639,0,41678.51,936655.1000000001,3555340,41955.1,0,1660,0,0.39344262295081966,0.5359350604307187,0,0,-0.06570491803278689,0.059488791707809775,0,-0.00621612632497711
021601,2026-02-01,Áncash,Pomabamba,Pomabamba,784,22.41,Bajo,58.6,0,1.3190739104264508,684.5976271186443,0,807295.03,9895858.700000003,22031303,255552.37,0,14455,0,0.40877842411422527,0.5522587542812062,0,0,-0.06826599682707563,0.061300721725213884,0,-0.006965275101861741
150506,2026-02-01,Lima,Cañete,Coayllo,785,22.41,Bajo,58.5,0,1.3223865820808949,700.0478456318915,0,166678.41,825356.4100000001,2634328,34836,0,1179,0,0.4098360655737705,0.5541433892170045,0,0,-0.06844262295081968,0.061509916203087496,0,-0.0069327067477321855
040406,2026-02-01,Arequipa,Castilla,Choco,786,22.4,Bajo,58.5,0,1.755323452996027,1761.7807869481767,0,63190.18,917887.79,1248203,21910,0,521,0,0.4621893178212586,0.6321218703140324,0,0,-0.0771856160761502,0.0701655276048576,0,-0.007020088471292596
090118,2026-02-01,Huancavelica,Huancavelica,Ascensión,787,22.4,Bajo,58.4,0,0.05237757070208206,64.86592852444639,0,122572.65000000001,1479267.5,11455285,6000,0,22805,0,0.27763088313061873,0.35414203596771676,0,0,-0.04636435748281333,0.03930976599241656,0,-0.007054591490396771
120430,2026-02-01,Junín,Jauja,Sausa,788,22.4,Bajo,58.4,0,0.11191607786374591,73.93430437251561,0,9854.25,260396.62,1340290,1500,0,3522,0,0.28450555261766264,0.36505060539672973,0,0,-0.04751242728714966,0.040520617199037004,0,-0.006991810088112657
160706,2026-02-01,Loreto,Datem del Marañón,Andoas,789,22.4,Bajo,58.3,1,2.170397215409976,0.006297579853289436,0,0.51,109.03,12836360,251600,0,17313,0.125,0.4997355896351137,5.309086929366678e-4,0,0.076375,-0.083455843469064,5.893086491597012e-5,0,-0.007021912604148029
020601,2026-02-01,Áncash,Carhuaz,Carhuaz,790,22.39,Bajo,58.2,0,1.3493887633231372,719.8254366507956,0,1006464.8200000001,12396833.670000002,35983361,483555.43000000005,0,17222,0,0.41248016922263353,0.5564961652375753,0,0,-0.06888418826017981,0.06177107434137086,0,-0.00711311391880895
030714,2026-02-01,Apurímac,Grau,Curasco,791,22.39,Bajo,58.2,0,1.4690058847895273,884.6030009871666,0,5245.29,896102.8399999999,5016662,73695.06,0,1013,0,0.4241142252776309,0.5739064906851266,0,0,-0.07082707562136437,0.06370362046604905,0,-0.007123455155315317
020907,2026-02-01,Áncash,Corongo,Yupan,792,22.38,Bajo,58.1,0,1.2020770314609177,523.9537750385208,0,26972.64,340046,608946,7320,0,649,0,0.3950290851401375,0.5296805218259721,0,0,-0.06596985721840297,0.05879453792268291,0,-0.007175319295720059
210502,2026-02-01,Puno,El Collao,Capazo,793,22.37,Bajo,58.1,0,0.6569827410633923,193.21171821305836,0,11843.36,168673.82999999996,913266,6000,0,873,0,0.33950290851401377,0.4455885954994709,0,0,-0.0566969857218403,0.04946033410044127,0,-0.007236651621399033
090704,2026-02-01,Huancavelica,Tayacaja,Ahuaycha,794,22.34,Bajo,58,0,0.29175289963612616,102.71388041488711,0,14971.53,336696.1,2875447,8389.2,0,3278,0,0.3056583818085669,0.39253750387948144,0,0,-0.05104494976203068,0.04357166293062244,0,-0.0074732868314082435
151023,2026-02-01,Lima,Yauyos,Putinza,795,22.34,Bajo,58,0,0.7570921053619847,231.14071297989025,0,21010.710000000003,126433.96999999997,665705,5040,0,547,0,0.3506081438392385,0.46067522782870507,0,0,-0.05855156002115283,0.051134950288986264,0,-0.007416609732166568
210601,2026-02-01,Puno,Huancané,Huancane,796,22.32,Bajo,57.9,0,0.6308431557510279,177.20581530225294,0,232289.57,3177654.6799999997,5823159,36735,0,17932,0,0.33685880486515074,0.43831485588063107,0,0,-0.056255420412480175,0.04865294900275005,0,-0.007602471409730124
130806,2026-02-01,La Libertad,Pataz,Huayo,797,22.31,Bajo,57.9,0,1.6933043228078863,1309.5045404813998,0,569452.6499999999,4787548.599999998,10239502,51193,0,3656,0,0.44949762030671603,0.6070488882583248,0,0,-0.07506610259122158,0.06738242659667405,0,-0.007683675994547529
211001,2026-02-01,Puno,San Antonio de Putina,Putina,798,22.31,Bajo,57.8,0,1.0725420471577065,395.67048608754664,0,216180.15999999997,4664163.6899999995,9468357,101552.11,0,11788,0,0.38233738762559494,0.5059839864660064,0,0,-0.06385034373347435,0.056164222497726714,0,-0.007686121235747641
040308,2026-02-01,Arequipa,Caravelí,Chaparra,799,22.29,Bajo,57.8,0,9.0834039219591,1625.7757590508056,18251.19943662035,215727.4,5343924.919999998,8355926,522670.45999999996,59991692.54817109,3287,0,0.8646218931782126,0.6253316261651124,0.6052962131219991,0,-0.1443918561607615,0.06941181050432747,0.0671878796565419,-0.007792165999892131
030703,2026-02-01,Apurímac,Grau,Gamarra,800,22.26,Bajo,57.7,0,1.1925630882006932,474.2855455904334,0,5978.799999999999,951891.0899999999,3693361,44045.66,0,2007,0,0.3945002644103649,0.5212748550753671,0,0,-0.06588154415653094,0.05786150891336575,0,-0.008020035243165191
060407,2026-02-01,Cajamarca,Chota,Cochabamba,801,22.26,Bajo,57.7,0,0.7830015963677665,228.99931671283468,0,194227.53,1240031.2999999998,2917874,22847,0,5415,0,0.35378106821787414,0.4598914975279627,0,0,-0.059081438392384986,0.05104795622560386,0,-0.008033482166781125
050621,2026-02-01,Ayacucho,Lucanas,Santa Lucia,802,22.25,Bajo,57.6,0,1.1798488507094151,455.90097576948267,0,21014.52,696160.79,1467688,952.2,0,1527,0,0.39291380222104705,0.5179386937287955,0,0,-0.06561660497091486,0.0574911950038963,0,-0.008125409967018556
030216,2026-02-01,Apurímac,Andahuaylas,Talavera,803,22.18,Bajo,57.6,0,1.0500754673214863,345.12447516423276,0,42332.39,7302488.770000001,32531299,341603.19,0,21159,0,0.38022210470650447,0.4944566303805979,0,0,-0.06349709148598626,0.05488468597224637,0,-0.008612405513739887
020110,2026-02-01,Áncash,Huaraz,Pariacoto,804,22.15,Bajo,57.5,0,1.2626896980081959,498.3524742836152,0,219422.03,2713030.870000001,4498334,56800,0,5444,0,0.40190375462718136,0.5254522515211746,0,0,-0.06711792702273929,0.05832519991885038,0,-0.008792727103888912
110404,2026-02-01,Ica,Palpa,Santa Cruz,805,22.15,Bajo,57.5,0,1.2554770184931765,484.97691722169384,0,27550.41,509710.7400000002,477906,6000,0,1051,0,0.40031729243786357,0.5231561177007757,0,0,-0.06685298783712322,0.05807032906478611,0,-0.00878265877233711
040119,2026-02-01,Arequipa,Arequipa,San Juan de Tarucani,806,22.1,Bajo,57.4,0,2.0672824697176426,2325.875409090912,0,182332.03,2558462.950000003,6595507,122807.76,0,1100,0,0.4907456372289794,0.6556010217620823,0,0,-0.08195452141723956,0.07277171341559115,0,-0.009182808001648418
110207,2026-02-01,Ica,Chincha,Pueblo Nuevo,807,22.1,Bajo,57.4,0,1.215516737907437,431.56287903785017,0,11110368.58,36098508.58000001,58661634,713041.98,0,83646,0,0.3960867265996827,0.5133094845280582,0,0,-0.06614648334214701,0.05697735278261447,0,-0.009169130559532543
150509,2026-02-01,Lima,Cañete,Mala,808,22.07,Bajo,57.3,0,5.853743837157802,159.512987293215,19735.158809195862,306042.63,5987958.0299999975,15960777,0,740838126.5384035,37539,0,0.7472236911686938,0.42947198104487244,0.6101182568203877,0,-0.12478635642517187,0.04767138989598084,0.06772312650706304,-0.009391840022127992
060303,2026-02-01,Cajamarca,Celendín,Cortegana,809,22.04,Bajo,57.2,0,1.6643777466407637,965.4514524726087,0,1183501.07,6520659.109999999,16596182,154203.72,0,6754,0,0.44368059227921736,0.5812946138277656,0,0,-0.0740946589106293,0.06452370213488198,0,-0.009570956775747319
050201,2026-02-01,Ayacucho,Cangallo,Cangallo,810,22,Bajo,57.2,0,0.19772717462050904,67.65370349060217,0,31146.17,352746.4099999997,7135084,14108,0,5214,0,0.2966684294024326,0.3576477323856528,0,0,-0.04954362771020625,0.03969889829480746,0,-0.009844729415398788
022003,2026-02-01,Áncash,Yungay,Mancos,811,21.99,Bajo,57.1,0,1.2639533865138504,443.5344310837217,0,250768.94,2950834.5700000003,5308335,67094.88,0,6653,0,0.402432575356954,0.5156181963485439,0,0,-0.06720624008461132,0.05723361979468837,0,-0.009972620289922948
021602,2026-02-01,Áncash,Pomabamba,Huayllan,812,21.94,Bajo,57.1,0,1.4987603409346404,660.1933158092373,0,143544.31,1758094.7999999989,11092566,136250.98,0,2663,0,0.4267583289264939,0.5491935883814624,0,0,-0.07126864093072449,0.06096048831034232,0,-0.01030815262038217
040506,2026-02-01,Arequipa,Caylloma,Coporaque,813,21.92,Bajo,57,0,1.5412689218887998,709.1238224637683,0,44930.170000000006,782872.7000000002,1217175,18759.94,0,1104,0,0.4315177154944474,0.5552312156174681,0,0,-0.07206345848757272,0.06163066493353896,0,-0.010432793554033752
021305,2026-02-01,Áncash,Mariscal Luzuriaga,Llama,814,21.91,Bajo,57,0,1.8809690868710531,1580.673144154369,0,114604.3,1392573.039999999,2759216,51900,0,881,0,0.4769962982548916,0.622953826397445,0,0,-0.0796583818085669,0.0691478747301164,0,-0.010510507078450498
061306,2026-02-01,Cajamarca,Santa Cruz,Ninabamba,815,21.89,Bajo,56.9,0,1.2211105846834636,377.99324511657215,0,128498.03,599875.28,1701194,20773.46,0,1587,0,0.39767318878900054,0.5021287033375685,0,0,-0.0664114225277631,0.05573628607047011,0,-0.010675136457292983
090116,2026-02-01,Huancavelica,Huancavelica,Vilca,816,21.87,Bajo,56.9,0,0.5033120143487815,102.109295154185,0,11380.16,139072.86,1270073,6392.429999999999,0,1362,0,0.32522474881015334,0.3920430797397877,0,0,-0.05431253305129561,0.04351678185111643,0,-0.010795751200179178
130105,2026-02-01,La Libertad,Trujillo,La Esperanza,817,21.87,Bajo,56.8,0,0.12407817159895901,51.370633745147614,0,989049.01,13048038.230000004,29061808,36059.36,0,253998,0,0.28714965626652567,0.3347525045384125,0,0,-0.04795399259650979,0.03715752800376379,0,-0.010796464592745997
190202,2026-02-01,Pasco,Daniel Alcides Carrión,Chacayan,818,21.85,Bajo,56.8,0,1.493528640924839,612.6207256046706,0,88038.61,734532.25,1392675,20800,0,1199,0,0.4262295081967213,0.5428789024617698,0,0,-0.07118032786885246,0.060259558173256456,0,-0.010920769695596008
210805,2026-02-01,Puno,Melgar,Macari,819,21.85,Bajo,56.7,0,1.5266363649310621,650.9920050989801,0,421133.39,4340814.6899999995,5547097,84684,0,6668,0,0.42993125330512955,0.5480084450952009,0,0,-0.07179851930195663,0.060828937405567295,0,-0.010969581896389337
030303,2026-02-01,Apurímac,Antabamba,Huaquirca,820,21.84,Bajo,56.7,0,1.5717307477074232,720.0881936685287,0,8917.32,1546749.4399999995,6209715,97600,0,2148,0,0.4357482813326282,0.5565269868360139,0,0,-0.07276996298254891,0.06177449553879754,0,-0.01099546744375137
080501,2026-02-01,Cusco,Canas,Yanaoca,821,21.82,Bajo,56.6,0,0.9167256632592904,213.58271337165158,0,143765.36000000002,1969446.1999999993,11992218,109935.74,0,9221,0,0.3685880486515071,0.4540240253903596,0,0,-0.06155420412480169,0.05039666681832991,0,-0.01115753730647178
040309,2026-02-01,Arequipa,Caravelí,Huanuhuanu,822,21.79,Bajo,56.6,0,5.982825033342525,1294.2705580736545,997.2753667994858,255092.5,4568775.07,8728343,411683.73,3520382.044802185,3530,0,0.7540983606557377,0.6060600584622309,0.42602689412527767,0,-0.1259344262295082,0.06727266648930763,0.04728898524790582,-0.011372774492294756
210309,2026-02-01,Puno,Carabaya,San Gaban,823,21.79,Bajo,56.5,0,1.815303898760743,1282.8763126479362,0,750437.22,12465709.129999995,19349174,231812.31,0,9717,0,0.4706504494976203,0.6053128317352219,0,0,-0.0785986250661026,0.06718972432260963,0,-0.011408900743492975
050405,2026-02-01,Ayacucho,Huanta,Luricocha,824,21.77,Bajo,56.5,0,0.20021801517207627,56.99750680374962,0,32167.91,376981.51,1348530,2700,0,6614,0,0.29719725013220516,0.3433830882947125,0,0,-0.04963194077207826,0.038115522800713085,0,-0.011516417971365177
030603,2026-02-01,Apurímac,Chincheros,Cocharcas,825,21.75,Bajo,56.4,0,1.2572146724108546,360.81461074230543,0,3810.7200000000003,597869.81,5345461,50403.92,0,1657,0,0.4008461131676362,0.4982058597122807,0,0,-0.06694130089899525,0.05530085042806316,0,-0.011640450470932089
040126,2026-02-01,Arequipa,Arequipa,Yanahuara,826,21.75,Bajo,56.3,0,0.29821281062591887,67.0417342896906,0,96730.22,1878710.5199999996,3353310,10000,0,28023,0,0.3072448439978847,0.3568905185806103,0,0,-0.05130988894764675,0.03961484756244775,0,-0.011695041385199001
080802,2026-02-01,Cusco,Espinar,Condoroma,827,21.75,Bajo,56.3,0,2.341049285320149,2555.5223604060925,0,210614.98,2013751.620000001,3945333,62712.19,0,788,0,0.5108408249603384,0.6635607658949654,0,0,-0.08531041776837653,0.07365524501434116,0,-0.011655172754035367
030305,2026-02-01,Apurímac,Antabamba,Oropesa,828,21.74,Bajo,56.2,0,1.6993604284195385,882.0776081551469,0,8287.34,1773858.0700000003,5448491,92589.5,0,2011,0,0.45161290322580644,0.573664989147405,0,0,-0.07541935483870968,0.06367681379536196,0,-0.011742541043347723
090607,2026-02-01,Huancavelica,Huaytará,Pilpichaca,829,21.74,Bajo,56.2,0,0.85079895360319,178.16946564885498,0,16654.91,396783.4,4446879,16484,0,2227,0,0.3617133791644632,0.43877093070653445,0,0,-0.06040613432046536,0.04870357330842533,0,-0.011702561012040036
210102,2026-02-01,Puno,Puno,Acora,830,21.73,Bajo,56.1,1,7.667561118530047,168.26140095592137,0,220128.19,3168362.1799999997,11005623,113642.82,0,18830,0.125,0.8164992067689053,0.43395999681104536,0,0.076375,-0.1363553675304072,0.04816955964602603,0,-0.011810807884381165
020603,2026-02-01,Áncash,Carhuaz,Amashca,831,21.72,Bajo,56.1,0,1.6950373448466813,848.082850070721,0,97928.1,1199189.1499999994,2221190,37650,0,1414,0,0.45002644103648864,0.5703451298428587,0,0,-0.07515441565309361,0.06330830941255731,0,-0.011846106240536294
120422,2026-02-01,Junín,Jauja,Paca,832,21.7,Bajo,56,0,0.8409056890633488,168.35596343178625,0,4533.09,119701.09000000003,594597,5000,0,711,0,0.36065573770491804,0.43400723026417565,0,0,-0.060229508196721314,0.0481748025593235,0,-0.012054705637397814
030405,2026-02-01,Apurímac,Aymaraes,Colcabamba,833,21.69,Bajo,56,0,0.8427321375900669,169.5917870036101,0,4100.8,93953.85,427182,3600,0,554,0,0.36118455843469066,0.43462210449519556,0,0,-0.06031782125859334,0.04824305359896671,0,-0.012074767659626631
060309,2026-02-01,Cajamarca,Celendín,Sorochuco,834,21.67,Bajo,55.9,0,2.057821116213329,1632.2244313850063,0,2711378.52,10276485.02,24111520,481521.95,0,6296,0,0.48915917503966155,0.6256662010426828,0,0,-0.08168958223162348,0.0694489483157378,0,-0.012240633915885687
090703,2026-02-01,Huancavelica,Tayacaja,Acraquia,835,21.67,Bajo,55.9,0,0.10206452737265737,40.932465703971125,0,8489.49,113382.93000000002,2478824,2530,0,2770,0,0.2834479111581174,0.3159540780877329,0,0,-0.04733580116340561,0.03507090266773835,0,-0.01226489849566726
120801,2026-02-01,Junín,Yauli,La Oroya,836,21.65,Bajo,55.8,0,2.1191589107367745,1751.2031166564873,0,605316.26,20070538.92,54873605,793757.75,0,11461,0,0.493918561607615,0.6316128816939354,0,0,-0.0824843997884717,0.07010902986802682,0,-0.012375369920444884
210209,2026-02-01,Puno,Azángaro,Potoni,837,21.65,Bajo,55.8,0,2.558592258986594,3226.97514087225,0,84572.21,8361092.59,12892343,329862.49,0,2591,0,0.5282919090428345,0.683282812209301,0,0,-0.08822474881015337,0.0758443921552324,0,-0.01238035665492096
021208,2026-02-01,Áncash,Huaylas,Santa Cruz,838,21.64,Bajo,55.7,0,1.6744726301437474,721.319450088339,0,266110.11,3266134.469999999,8955290,53619.78,0,4528,0,0.44473823373876253,0.5566712646949186,0,0,-0.07427128503437334,0.06179051038113596,0,-0.012480774653237381
150203,2026-02-01,Lima,Barranca,Pativilca,839,21.64,Bajo,55.7,0,0.49355638870520363,83.97957205890172,0,116769.02,1579739.7300000004,4010484,19794,0,18811,0,0.32416710735060816,0.37568928310337785,0,0,-0.05413590692755157,0.04170151042447494,0,-0.01243439650307663
120602,2026-02-01,Junín,Satipo,Coviriali,840,21.63,Bajo,55.6,0,1.0527719485405072,230.9718813756922,0,56611.46,1584929.0499999998,3846987,40500,0,6862,0,0.3812797461660497,0.46061370015591724,0,0,-0.0636737176097303,0.05112812071730682,0,-0.012545596892423481
150502,2026-02-01,Lima,Cañete,Asia,841,21.63,Bajo,55.6,0,0.6758453826871773,113.48347434005582,0,131294.97,1384271.4200000009,6207041,41950,0,12198,0,0.3416181914331042,0.40089243668504926,0,0,-0.0570502379693284,0.04449906047204047,0,-0.01255117749728793
020301,2026-02-01,Áncash,Antonio Raymondi,Llamellin,842,21.61,Bajo,55.5,0,1.7377237089884499,920.431947130884,0,232395.99000000002,2855179.9000000022,3541990,61550,0,3102,0,0.4595452141723956,0.5772605016612878,0,0,-0.07674405076679007,0.06407591568440295,0,-0.012668135082387122
040402,2026-02-01,Arequipa,Castilla,Andagua,843,21.59,Bajo,55.4,0,1.865621324618658,1189.4526043956046,0,73522.15999999999,1082401.87,2004894,37403.729999999996,0,910,0,0.4748810153358012,0.5989236351275096,0,0,-0.0793051295610788,0.06648052349915357,0,-0.012824606061925231
030107,2026-02-01,Apurímac,Abancay,Pichirhua,844,21.58,Bajo,55.4,0,1.491015502841167,491.5554664723032,0,6039.96,1011621.1499999999,4262509,63554.67,0,2058,0,0.4257006874669487,0.5242932252607617,0,0,-0.07109201480698044,0.058196548003944554,0,-0.012895466803035882
050701,2026-02-01,Ayacucho,Parinacochas,Coracora,845,21.57,Bajo,55.3,0,1.12503662260211,251.53138142499785,0,670751.1699999999,3117228.4099999983,7720642,86860.05,0,12393,0,0.3886832363828662,0.46779522712354954,0,0,-0.06491010047593866,0.051925270210714,0,-0.012984830265224664
210303,2026-02-01,Puno,Carabaya,Ayapata,846,21.57,Bajo,55.3,0,1.7387773245227893,908.7452774288108,0,522628.70999999996,8680334.89,14519421,229549,0,9552,0,0.46060285563194076,0.576181042132239,0,0,-0.07692067689053411,0.06395609567667852,0,-0.012964581213855589
050203,2026-02-01,Ayacucho,Cangallo,Los Morochucos,847,21.56,Bajo,55.2,0,0.43445972326653465,71.13805123053747,0,48117.83,566543.4400000004,1726282,7500,0,7964,0,0.3183500793231095,0.36183444387618385,0,0,-0.05316446324695929,0.04016362327025641,0,-0.013000839976702878
131104,2026-02-01,La Libertad,Gran Chimú,Sayapullo,848,21.52,Bajo,55.2,0,1.0886538233977043,224.57990625000002,0,78923.62,1365445.83,2154955,23460,0,6080,0,0.38445267054468535,0.45825070326231504,0,0,-0.06420359598096245,0.05086582806211697,0,-0.01333776791884548
210205,2026-02-01,Puno,Azángaro,Caminaca,849,21.52,Bajo,55.1,0,1.2157082087561129,280.0129589552239,0,24601.65,750434.73,1128149,13715,0,2680,0,0.3966155473294553,0.4768326922443399,0,0,-0.06623479640401904,0.05292842883912173,0,-0.013306367564897309
050205,2026-02-01,Ayacucho,Cangallo,Paras,850,21.5,Bajo,55.1,0,0.5755593271658938,85.37963918883328,0,27366.56,324186.49,10660934,52100,0,3797,0,0.331041776837652,0.3770712293333088,0,0,-0.05528397673188789,0.04185490645599727,0,-0.013429070275890617
060806,2026-02-01,Cajamarca,Jaén,Las Pirias,851,21.5,Bajo,55,0,1.1081074964551016,235.3596776947705,0,172913.87000000002,1102660.0899999999,2562838,28399,0,4685,0,0.387625594923321,0.4621983956359896,0,0,-0.0647334743521946,0.05130402191559484,0,-0.013429452436599765
030409,2026-02-01,Apurímac,Aymaraes,Lucre,852,21.48,Bajo,55,0,1.624446255063617,587.1682724580454,0,26824.25,594801.46,2347877,38140,0,1013,0,0.4399788471708091,0.5392962354510535,0,0,-0.07347646747752512,0.05986188213506694,0,-0.013614585342458178
120405,2026-02-01,Junín,Jauja,Canchayllo,853,21.48,Bajo,54.9,1,7.951643016758523,166.72566854990575,0,10181.52,265593.9899999999,892322,70954.26,0,1593,0.125,0.8265468006345849,0.43318919026452435,0,0.076375,-0.13803331570597568,0.0480840001193622,0,-0.013574315586613483
150810,2026-02-01,Lima,Huaura,Santa María,854,21.47,Bajo,54.9,0,0.3967232445457374,64.10825225729685,0,223478.8,2747743.8000000007,12756399,24217.6,0,42861,0,0.31676361713379164,0.3531635763325133,0,0,-0.052899524061343205,0.039201156972908976,0,-0.013698367088434228
060110,2026-02-01,Cajamarca,Cajamarca,Matara,855,21.43,Bajo,54.8,0,1.3352686294175204,340.87300923411186,0,228874.19,1255094.42,3268406,43642,0,3682,0,0.4114225277630883,0.49341143505875973,0,0,-0.06870756213643575,0.05476866929152233,0,-0.013938892844913418
130108,2026-02-01,La Libertad,Trujillo,Poroto,856,21.43,Bajo,54.8,0,0.7682041134244153,117.30898618648246,0,27890.51,475570.6299999999,2375150,18246,0,4054,0,0.35166578529878373,0.40367214876778007,0,0,-0.05872818614489689,0.04480760851322359,0,-0.0139205776316733
021511,2026-02-01,Áncash,Pallasca,Tauca,857,21.38,Bajo,54.7,0,1.45060835377907,387.4817851373184,0,78214.77,959404.9000000004,1275327,18500,0,2476,0,0.42094130089899523,0.5042199118803069,0,0,-0.07029719725013221,0.055968410218714064,0,-0.014328787031418148
050606,2026-02-01,Ayacucho,Lucanas,Chipao,858,21.38,Bajo,54.7,0,1.2210837036339934,254.2550165641269,0,16045.9,537240.8500000001,1073227,13105,0,2113,0,0.3971443680592279,0.4687024460595662,0,0,-0.06632310946589107,0.052025971512611846,0,-0.014297137953279221
101004,2026-02-01,Huánuco,Lauricocha,Queropalca,859,21.31,Bajo,54.6,0,0.9487374989163319,152.95286153846152,0,14281.720000000001,99419.35999999999,449861,4268,0,650,0,0.37176097303014277,0.42594306143463484,0,0,-0.062084082496033845,0.04727967981924447,0,-0.014804402676789376
150723,2026-02-01,Lima,Huarochirí,San Mateo de Otao,860,21.3,Bajo,54.5,0,1.4596083434424627,373.73173060528546,0,25718.57,438387.31999999983,1356035,19792.8,0,1173,0,0.42199894235854046,0.5011723997848008,0,0,-0.07047382337387627,0.05563013637611289,0,-0.01484368699776338
151029,2026-02-01,Lima,Yauyos,Tauripampa,861,21.27,Bajo,54.5,0,1.2914497530521927,271.97114718614705,0,20986.07,125650.66999999993,779112,0,0,462,0,0.4056054997355896,0.47437726436243005,0,0,-0.06773611845584347,0.05265587634422974,0,-0.015080242111613733
211203,2026-02-01,Puno,Sandia,Limbani,862,21.27,Bajo,54.4,1,11.255928782762608,545.1115555555556,0,102142.78,1520861.2400000002,2296635,254007.6,0,2790,0.125,0.9021681649920676,0.533022093044269,0,0.076375,-0.1506620835536753,0.059165452327913856,0,-0.015121631225761448
080507,2026-02-01,Cusco,Canas,Quehue,863,21.25,Bajo,54.4,0,1.345989407381925,299.03152755905495,0,55442.93,759540.0799999996,4217843,56771.72,0,2540,0,0.4119513484928609,0.48237082914370255,0,0,-0.06879587519830778,0.053543162034950985,0,-0.015252713163356794
200801,2026-02-01,Piura,Sechura,Sechura,864,21.25,Bajo,54.3,1,11.735313121820127,632.1680684334118,0,91724.27,37689860.24000001,61518996,4952163.89,0,59620,0.125,0.911158117398202,0.5455308840434532,0,0.076375,-0.15216340560549974,0.060553928128823306,0,-0.01523447747667643
021104,2026-02-01,Áncash,Huarmey,Huayan,865,21.24,Bajo,54.3,0,1.6981327348788564,596.3287634408603,0,45414.1,554585.75,1468672,24940,0,930,0,0.4510840824960338,0.5406032096050968,0,0,-0.07533104177683765,0.06000695626616574,0,-0.015324085510671909
090714,2026-02-01,Huancavelica,Tayacaja,Salcabamba,866,21.24,Bajo,54.2,0,0.6745264772656732,83.60519760479045,0,20873.31,279241.3600000001,4526657,30533.5,0,3340,0,0.34108937070333156,0.37531589528737913,0,0,-0.05696192490745637,0.041660064376899085,0,-0.015301860530557286
030708,2026-02-01,Apurímac,Grau,Progreso,867,21.22,Bajo,54.2,0,1.8087271819847923,818.5923985239851,0,17187.38,2662062.4799999995,12150268,219765.2,0,3252,0,0.46959280803807507,0.5673556550513694,0,0,-0.07842199894235855,0.062976477710702,0,-0.015445521231656545
081304,2026-02-01,Cusco,Urubamba,Machupicchu,868,21.22,Bajo,54.1,0,1.0784381020177785,175.7156639613193,0,74673.11,1017569.4100000001,7698070,83018.92,0,5791,0,0.3833950290851401,0.43760472119915844,0,0,-0.0640269698572184,0.048574124053106585,0,-0.015452845804111812
090706,2026-02-01,Huancavelica,Tayacaja,Daniel Hernández,869,21.2,Bajo,54.1,0,0.32467636101649316,47.256540251510046,0,35990.509999999995,477243.79999999993,7894908,25632.9,0,10099,0,0.3114754098360656,0.32783353986482117,0,0,-0.05201639344262295,0.03638952292499515,0,-0.015626870517627803
021501,2026-02-01,Áncash,Pallasca,Cabana,870,21.19,Bajo,54,0,1.6358271257082966,485.8212335735485,0,93184.1,1146052.290000001,1895921,16088.39,0,2359,0,0.4415653093601269,0.5233029165493874,0,0,-0.07374140666314119,0.05808662373698201,0,-0.015654782926159183
151014,2026-02-01,Lima,Yauyos,Huancaya,871,21.17,Bajo,54,0,1.3706204654747742,292.6299234693882,0,19054.74,114710.93000000017,596810,8180,0,392,0,0.4140666314119513,0.48054690457919197,0,0,-0.06914912744579588,0.053340706408290306,0,-0.01580842103750557
020509,2026-02-01,Áncash,Bolognesi,Huasta,872,21.16,Bajo,53.9,0,1.9664865360778068,997.6307577268199,0,74914.55,1000623.6500000004,2005582,30059.5,0,1003,0,0.4833421470121629,0.5840645823911422,0,0,-0.0807181385510312,0.06483116864541678,0,-0.015886969905614418
090723,2026-02-01,Huancavelica,Tayacaja,Santiago de Tucuma,873,21.16,Bajo,53.9,0,0.20916089876438201,35.826623867069486,0,3551.5899999999997,47434.45,573721,1200,0,1324,0,0.2977260708619778,0.3049737259609075,0,0,-0.04972025383395029,0.03385208358166073,0,-0.015868170252289558
020112,2026-02-01,Áncash,Huaraz,Tarica,874,21.13,Bajo,53.8,0,1.7755961575624468,721.3340235070644,0,466874.83,6075796.480000004,11782833,119722.53,0,8423,0,0.4664198836594394,0.5566729709259389,0,0,-0.07789212057112639,0.06179069977277922,0,-0.01610142079834717
130904,2026-02-01,La Libertad,Sánchez Carrión,Curgos,875,21.13,Bajo,53.8,0,1.4160631565073911,300.9329060208842,0,147595.83,2708998.0199999996,4734524,15232.4,0,9002,0,0.41723955579058697,0.48290507265790006,0,0,-0.06967900581702803,0.05360246306502691,0,-0.01607654275200112
210503,2026-02-01,Puno,El Collao,Pilcuyo,876,21.13,Bajo,53.7,0,0.7922883929750429,97.57439462831763,0,63111.57,922761.0499999998,1135950,0,0,9457,0,0.35430988894764676,0.38823934458637,0,0,-0.059169751454257014,0.04309456724908707,0,-0.016075184205169943
021902,2026-02-01,Áncash,Sihuas,Acobamba,877,21.1,Bajo,53.6,0,1.7035528487457412,568.6906638115632,0,64985.520000000004,796735.6200000001,1036070,17650,0,1401,0,0.45425700687466947,0.5365968365885928,0,0,-0.0758609201480698,0.0595622488613338,0,-0.016298671286736004
030502,2026-02-01,Apurímac,Cotabambas,Cotabambas,878,21.08,Bajo,53.6,0,2.796855498438839,2748.1248035943513,0,18654.15,10703946.109999998,37621988,943525.06,0,3895,0,0.5436277102062401,0.6697033962557232,0,0,-0.09078582760444211,0.07433707698438527,0,-0.016448750620056837
040702,2026-02-01,Arequipa,Islay,Cocachacra,879,21.08,Bajo,53.5,1,10.902200016053186,445.73011401250494,0,202850.55,3635820.540000003,22612335,1118309.41,0,8157,0.125,0.8989952406134321,0.5160348775903041,0,0.076375,-0.15013220518244316,0.057279871412523754,0,-0.01647733376991941
130402,2026-02-01,La Libertad,Chepén,Pacanga,880,21.08,Bajo,53.5,0,0.6787696203836383,75.83987719298243,0,119564.14,2074979.039999999,3065753,0,0,27360,0,0.3426758328926494,0.3671742925901526,0,0,-0.057226864093072455,0.04075634647750694,0,-0.016470517615565512
030608,2026-02-01,Apurímac,Chincheros,Ranracancha,881,21.07,Bajo,53.4,0,1.6756615863678124,476.9639112379963,0,11052.48,1837741.9499999997,10920683,111633.69,0,3853,0,0.44579587519830777,0.5217500858086359,0,0,-0.0744479111581174,0.057914259524758586,0,-0.016533651633358813
190304,2026-02-01,Pasco,Oxapampa,Palcazu,882,21.05,Bajo,53.4,0,1.5820523332346608,397.1834805023132,0,323262.41,3004693.0299999993,9320387,29140,0,7565,0,0.43627710206240083,0.5063059380601036,0,0,-0.07285827604442094,0.0561999591246715,0,-0.016658316919749436
021505,2026-02-01,Áncash,Pallasca,Huandoval,883,21.04,Bajo,53.3,0,1.788831551346368,687.9976429287867,0,55588.64,685933.6500000004,1336336,23904.8,0,997,0,0.46747752511898466,0.5526771112939817,0,0,-0.07806874669487045,0.06134715935363197,0,-0.016721587341238478
040806,2026-02-01,Arequipa,La Uniòn,Puyca,884,21.04,Bajo,53.3,0,2.0137506345900924,951.7675391705071,0,120271.08,2065335.5600000005,4368962,87980,0,2170,0,0.4859862506610259,0.5800886529558259,0,0,-0.08115970386039133,0.06438984047809668,0,-0.01676986338229465
090506,2026-02-01,Huancavelica,Churcampa,Locroja,885,21.02,Bajo,53.2,0,1.4356735519776591,286.3803297466157,0,46167.58,825061.7299999999,3421874,49126.94,0,2881,0,0.41935483870967744,0.47872751871815555,0,0,-0.07003225806451614,0.05313875457771527,0,-0.016893503486800875
200701,2026-02-01,Piura,Talara,Pariñas,886,21.02,Bajo,53.2,1,5.7032215248655715,23.486822145278545,0,3662.77,2591207.1400000006,66295903,3096120.64,0,110326,0.125,0.7382337387625595,0.2704623932350735,0,0.076375,-0.12328503437334744,0.030021325649093156,0,-0.016888708724254284
061305,2026-02-01,Cajamarca,Santa Cruz,La Esperanza,887,20.99,Bajo,53.1,0,1.3933937213110186,266.56143482490273,0,90395.99,548050.31,1758297,13500,0,2056,0,0.4167107350608144,0.47268445959472594,0,0,-0.06959069275515602,0.05246797501501458,0,-0.017122717740141437
030307,2026-02-01,Apurímac,Antabamba,Sabaino,888,20.97,Bajo,53.1,0,2.120673228159952,1056.140419091967,0,5804.28,907224.6199999996,3757478,53378.83,0,859,0,0.4944473823373876,0.5888797365349419,0,0,-0.08257271285034373,0.06536565075537855,0,-0.017207062094965184
151009,2026-02-01,Lima,Yauyos,Chocos,889,20.97,Bajo,53,0,1.372943646062328,253.59762331838573,0,28296.9,169656.81000000006,1250028,14162.18,0,669,0,0.41459545214172394,0.4684843635267912,0,0,-0.0692374405076679,0.05200176435147382,0,-0.017235676156194084
210407,2026-02-01,Puno,Chucuito,Zepita,890,20.94,Bajo,53,0,1.3612374619753271,240.38936282562784,0,281502.07,4097196.3000000007,9525723,59779.03,0,17044,0,0.41300898995240615,0.4639791216240176,0,0,-0.06897250132205184,0.051501682500265954,0,-0.01747081882178588
050508,2026-02-01,Ayacucho,La Mar,Tambo,891,20.91,Bajo,52.9,0,0.8788162746973492,99.12112241437774,0,50264.14,584616.3799999999,6489411,13050,0,5898,0,0.36488630354309887,0.3895560076958674,0,0,-0.060936012691697516,0.04324071685424128,0,-0.017695295837456236
060109,2026-02-01,Cajamarca,Cajamarca,Magdalena,892,20.9,Bajo,52.9,0,1.5377907776669897,322.77494822311127,0,499227.97000000003,2742941.51,5414747,83267.48,0,8498,0,0.4309888947646748,0.48881168145683446,0,0,-0.07197514542570069,0.05425809664170862,0,-0.017717048783992065
120207,2026-02-01,Junín,Concepción,Heroínas Toledo,893,20.9,Bajo,52.8,0,0.32240812106400973,36.530040595399164,0,1032.29,26995.699999999983,106390,343.01,0,739,0,0.30988894764674774,0.30657382116946663,0,0,-0.051751454257006876,0.034029694149810795,0,-0.01772176010719608
030103,2026-02-01,Apurímac,Abancay,Circa,894,20.89,Bajo,52.7,0,1.915743468995155,763.2283629893238,0,8819.1,1286803.02,5960262,64403.33,0,1686,0,0.4796404019037546,0.561440872698981,0,0,-0.08009994711792702,0.062319936869586895,0,-0.017780010248340125
060107,2026-02-01,Cajamarca,Cajamarca,Llacanora,895,20.89,Bajo,52.7,0,1.5695151606455282,342.32782992496686,0,424731.04,2326802.26,5396571,84700,0,6797,0,0.43469063987308304,0.49377054903845286,0,0,-0.07259333685880487,0.05480853094326827,0,-0.0177848059155366
030215,2026-02-01,Apurímac,Andahuaylas,Santa María de Chicmo,896,20.87,Bajo,52.6,0,1.4791874213931773,283.74461997019375,0,14979.960000000001,2284711.68,8711871,127160.9,0,8052,0,0.4251718667371761,0.47794831709435537,0,0,-0.07100370174510841,0.05305226319747345,0,-0.01795143854763496
040118,2026-02-01,Arequipa,Arequipa,San Juan de Siguas,897,20.87,Bajo,52.6,0,2.8223897146967154,2393.8724078090936,0,64327.53,1103575.1799999923,667360,18835.5,0,461,0,0.5446853516657852,0.6580369083077806,0,0,-0.09096245372818614,0.07304209682216364,0,-0.01792035690602249
040604,2026-02-01,Arequipa,Condesuyos,Chichas,898,20.86,Bajo,52.5,0,2.438986552635647,1469.08980456026,0,46904.88,902021.1399999997,1804889,32750,0,614,0,0.5177154944473823,0.6167667955242276,0,0,-0.08645848757271285,0.06846111430318927,0,-0.01799737326952358
020102,2026-02-01,Áncash,Huaraz,Cochabamba,899,20.82,Bajo,52.5,0,2.193819666311679,1065.0088267813262,0,139991.06,1733834.3699999992,2817000,50179.9,0,1628,0,0.5013220518244316,0.5895862293152566,0,0,-0.08372078265468008,0.06544407145399349,0,-0.018276711200686593
020306,2026-02-01,Áncash,Antonio Raymondi,San Juan de Rontoy,900,20.82,Bajo,52.4,0,1.719226648872671,481.2636471754212,0,39840.049999999996,485595.02,930651,0,0,1009,0,0.45690111052353255,0.5225074601673093,0,0,-0.07630248545742994,0.05799832807857133,0,-0.018304157378858613
151030,2026-02-01,Lima,Yauyos,Tomas,901,20.8,Bajo,52.4,0,1.914256617585127,706.5922689075642,0,54724.69,252253.4400000004,783594,15000,0,357,0,0.479111581173982,0.5549291937499258,0,0,-0.080011634056055,0.06159714050624176,0,-0.018414493549813248
051010,2026-02-01,Ayacucho,Víctor Fajardo,Hualla,902,20.79,Bajo,52.3,0,1.0982641554883097,132.83352128883783,0,30031.09,230864.66000000015,664230,7295,0,1738,0,0.3860391327340032,0.41409921923563203,0,0,-0.06446853516657854,0.04596501333515516,0,-0.018503521831423377
021409,2026-02-01,Áncash,Ocros,San Pedro,903,20.78,Bajo,52.3,0,2.508135077943872,1556.2924781341117,0,41105.53,533808.3200000003,1265077,31729.84,0,343,0,0.5245901639344263,0.6216400912599699,0,0,-0.08760655737704919,0.06900205012985666,0,-0.018604507247192523
211201,2026-02-01,Puno,Sandia,Sandia,904,20.78,Bajo,52.2,0,1.700734260175456,432.1967615821279,0,316778.17,4720453.030000001,7780757,132330,0,10922,0,0.4526705446853517,0.5134333218666673,0,0,-0.07559598096245373,0.056991098727200075,0,-0.01860488223525366
130613,2026-02-01,La Libertad,Otuzco,Sinsicap,905,20.75,Bajo,52.2,0,1.465763652681514,248.47918465557532,0,105048.25,1807189.1099999994,2917046,42757,0,7273,0,0.4230565838180857,0.4667668673073299,0,0,-0.07065044949762031,0.05181112227111362,0,-0.01883932722650669
021401,2026-02-01,Áncash,Ocros,Ocros,906,20.67,Bajo,52.1,0,2.1014790209349337,800.595696428572,0,71466.27,896667.1800000006,1427566,0,0,1120,0,0.4918032786885246,0.5654779929587944,0,0,-0.0821311475409836,0.06276805721842618,0,-0.019363090322557425
120401,2026-02-01,Junín,Jauja,Jauja,907,20.66,Bajo,52.1,0,0.6271380753722378,48.78924085774458,0,39456.64,1019304.8199999998,6015106,37723.02,0,20892,0,0.3363299841353781,0.330477798159336,0,0,-0.05616710735060815,0.036683035595686295,0,-0.019484071754921853
170101,2026-02-01,Madre de Dios,Tambopata,Tambopata,908,20.64,Bajo,52,0,0.17105161793900484,21.708416876008577,0,8472.53,2609742.459999999,7957253,13611.01,0,120218,0,0.29296668429402434,0.26408595283889646,0,0,-0.048925436277102066,0.029313540765117507,0,-0.01961189551198456
180201,2026-02-01,Moquegua,General Sánchez Cerro,Omate,909,20.64,Bajo,52,0,3.524722444561204,5928.521296164772,0,421572.73000000004,16694715.969999999,5083579,159624.45,0,2816,0,0.6054997355896351,0.7347081110600557,0,0,-0.10111845584346907,0.08155260032766619,0,-0.01956585551580288
151011,2026-02-01,Lima,Yauyos,Colonia,910,20.62,Bajo,51.9,0,1.5705989242722227,280.2500619195052,0,45251.29,271562.3100000005,1457246,13728.44,0,969,0,0.43521946060285566,0.476904016551891,0,0,-0.0726816499206769,0.0529363458372599,0,-0.019745304083416994
050702,2026-02-01,Ayacucho,Parinacochas,Chumpi,911,20.61,Bajo,51.9,0,1.6922463946512565,355.54720201454955,0,108466.86,635362.8500000001,1234832,19231.4,0,1787,0,0.4489687995769434,0.4969656314003653,0,0,-0.07497778952934955,0.055163185085440554,0,-0.019814604443909
040508,2026-02-01,Arequipa,Caylloma,Huanca,912,20.59,Bajo,51.8,0,2.4879575941450063,1285.3370713525023,0,81448.66,1206931.5099999998,1881061,46800,0,939,0,0.5219460602855632,0.6054747664863761,0,0,-0.08716499206768906,0.06720769907998775,0,-0.01995729298770131
151020,2026-02-01,Lima,Yauyos,Madean,913,20.58,Bajo,51.7,0,1.5134551674319352,242.54323595505616,0,17955.260000000002,107931.73999999999,602185,6713.8,0,445,0,0.42887361184558437,0.46473036675570173,0,0,-0.07162189317821259,0.05158507070988289,0,-0.020036822468329697
210808,2026-02-01,Puno,Melgar,Santa Rosa,914,20.55,Bajo,51.7,0,2.023343910541752,665.3098710115411,0,380157.46,3920005.76,5478131,87441.43,0,5892,0,0.4865150713907985,0.5498454933913202,0,0,-0.08124801692226336,0.06103284976643654,0,-0.020215167155826816
040301,2026-02-01,Arequipa,Caravelí,Caravelí,915,20.54,Bajo,51.6,0,4.63300553550374,600.3746248051658,114.04500581355902,114750.01000000001,2696282.4399999995,4102427,180065.67,512176.12110869354,4491,0,0.6758328926493918,0.5411740845591734,0.2927348475732125,0,-0.11286409307244845,0.06007032338606825,0.03249356808062659,-0.02030020160575361
050801,2026-02-01,Ayacucho,Pàucar del Sara Sara,Pausa,916,20.49,Bajo,51.6,0,2.1365222182746746,756.4884836908606,0,56026.990000000005,2574330.3099999987,6907242,63056.96,0,3403,0,0.4965626652564781,0.5606917358040655,0,0,-0.08292596509783184,0.06223678267425127,0,-0.020689182423580574
060307,2026-02-01,Cajamarca,Celendín,Miguel Iglesias,917,20.49,Bajo,51.5,0,2.0040378586476884,623.743960483633,0,383869.54,2115115.7699999996,3962001,55360,0,3391,0,0.4854574299312533,0.5443981701636957,0,0,-0.0810713907985193,0.06042819688817023,0,-0.02064319391034907
090707,2026-02-01,Huancavelica,Tayacaja,Huachocolpa,918,20.48,Bajo,51.5,0,1.1536788058379999,113.05851043643263,0,17834.22,238327.33999999997,3686468,42530,0,2108,0,0.390269698572184,0.4005779323581128,0,0,-0.06517503966155473,0.04446415049175052,0,-0.02071088916980421
021803,2026-02-01,Áncash,Santa,Coishco,919,20.47,Bajo,51.4,0,1.8522145645906936,483.1706915162757,0,699400.77,8594157.089999996,12711212,231122.41,0,17787,0,0.47223691168693815,0.5228412161646241,0,0,-0.07886356425171867,0.058035374994273276,0,-0.020828189257445395
050609,2026-02-01,Ayacucho,Lucanas,Leoncio Prado,920,20.45,Bajo,51.4,0,1.7923148787521832,440.71502040816324,0,12615.22,431900.72,787808,10500,0,980,0,0.4680063458487573,0.5150801200011962,0,0,-0.07815705975674248,0.05717389332013278,0,-0.020983166436609697
060906,2026-02-01,Cajamarca,San Ignacio,San José de Lourdes,921,20.45,Bajo,51.3,0,1.6499251250553115,280.4982433983927,0,882479.0599999999,5619221.3100000005,11975301,197583.5,0,20033,0,0.4426229508196721,0.4769786090714377,0,0,-0.07391803278688525,0.052944625606929585,0,-0.02097340717995566
081103,2026-02-01,Cusco,Paucartambo,Challabamba,922,20.45,Bajo,51.3,0,1.7222614661589413,373.4075675675676,0,256151.84,3481652.16,22769264,392146.26,0,9324,0,0.45848757271285034,0.5010992115930811,0,0,-0.07656742464304601,0.055622012486832004,0,-0.02094541215621401
120407,2026-02-01,Junín,Jauja,El Mantaro,923,20.45,Bajo,51.2,0,0.8037444210235978,58.04227744011441,0,6307.75,162344.25,739607,5944.55,0,2797,0,0.3548387096774194,0.3448929565623893,0,0,-0.05925806451612904,0.03828311817842521,0,-0.02097494633770383
081009,2026-02-01,Cusco,Paruro,Yaurisque,924,20.4,Bajo,51.2,0,1.43159221993273,174.91621666666677,0,22862.95,314849.1900000002,2092167,24746.3,0,1800,0,0.4182971972501322,0.437221270897084,0,0,-0.06985563194077209,0.048531561069576325,0,-0.021324070871195762
020609,2026-02-01,Áncash,Carhuaz,Shilla,925,20.39,Bajo,51.1,0,1.855187749308624,463.7838662893528,0,106952.87999999999,1311116.9900000002,2934365,44747.98,0,2827,0,0.47329455314648333,0.519385311232907,0,0,-0.07904019037546273,0.05765176954685268,0,-0.021388420828610047
060105,2026-02-01,Cajamarca,Cajamarca,Encañada,926,20.39,Bajo,51.1,0,7.970412173271478,1082.1780676059475,1816.1399943767408,5800490.97,19432671.56,39376498,1767599.51,32612425.879023135,17957,0,0.8286620835536753,0.59093744981083,0.46297806021042465,0,-0.1383865679534638,0.06559405692900212,0.051390564683357134,-0.02140194634110454
110503,2026-02-01,Ica,Pisco,Humay,927,20.37,Bajo,51,0,1.7554883462619668,378.1898629232038,0,127105.16,2289939.619999999,15861563,195590.49,0,6055,0,0.4627181385510312,0.5021725653777814,0,0,-0.07727392913802222,0.05574115475693374,0,-0.021532774381088485
090104,2026-02-01,Huancavelica,Huancavelica,Conayca,928,20.35,Bajo,51,0,1.0408769735461116,84.4129470672389,0,4900.280000000001,59004.649999999994,576437,6000,0,699,0,0.3796932839767319,0.3761194672010601,0,0,-0.06340877842411423,0.04174926085931767,0,-0.02165951756479656
090724,2026-02-01,Huancavelica,Tayacaja,Lambras,929,20.35,Bajo,50.9,0,1.0513934045875901,85.78954160789846,0,9029.81,121649.57,1945989,16905,0,1418,0,0.3807509254362771,0.3774715894123214,0,0,-0.06358540454785827,0.041899346424767676,0,-0.021686058123090594
040606,2026-02-01,Arequipa,Condesuyos,Río Grande,930,20.33,Bajo,50.8,0,6.148787561254152,1655.0012665897289,184.10035770917963,378582.91000000003,5736234.390000001,8921028,507535.06,638091.8398200166,3466,0,0.7615018508725542,0.6268374432732804,0.3220726373654146,0,-0.12717080909571654,0.06957895620333412,0.03575006274756102,-0.021841790144821398
080504,2026-02-01,Cusco,Canas,Langui,931,20.33,Bajo,50.8,0,1.591207320056895,232.0716300000001,0,33582.89,464143.26000000024,2893748,17400,0,2000,0,0.43680592279217345,0.46101368241053425,0,0,-0.07294658910629297,0.051172518747569305,0,-0.02177407035872366
210809,2026-02-01,Puno,Melgar,Umachiri,932,20.32,Bajo,50.7,0,1.9071769970323393,482.09154720043284,0,172759.54,1782292.4500000002,2598343,49555,0,3697,0,0.4785827604442094,0.5226525145785694,0,0,-0.07992332099418298,0.05801442911822121,0,-0.021908891875961768
120601,2026-02-01,Junín,Satipo,Satipo,933,20.28,Bajo,50.7,0,1.3341406261741473,140.4307683684222,0,224223.08,6263352.699999999,20493596,273413.39,0,44601,0,0.4108937070333157,0.4187685728502473,0,0,-0.06861924907456372,0.04648331158637745,0,-0.02213593748818627
021011,2026-02-01,Áncash,Huari,Ponto,934,20.27,Bajo,50.6,0,4.233827653010669,10469.024838313551,0,1985304.96,25575827.680000007,61864150,991522.99,0,2443,0,0.6536224219989424,0.7827916303531854,0,0,-0.10915494447382339,0.08688987096920359,0,-0.0222650735046198
130808,2026-02-01,La Libertad,Pataz,Parcoy,935,20.24,Bajo,50.6,0,7.526676621068379,1432.645717968886,661.184678892671,2911477.6,32784664.609999985,71712999,3348308.64,15130550.191779882,22884,0,0.8090957165520889,0.6146438791159331,0.40070445419222994,0,-0.13511898466419886,0.06822547058186858,0.04447819441533753,-0.022415319666992756
150516,2026-02-01,Lima,Cañete,Zúñiga,936,20.24,Bajo,50.5,0,1.385950161232202,146.7812340764331,0,13650.09,184357.22999999998,865832,12000,0,1256,0,0.41512427287149656,0.4224830624904128,0,0,-0.06932575356953993,0.04689561993643582,0,-0.022430133633104116
150805,2026-02-01,Lima,Huaura,Hualmay,937,20.22,Bajo,50.5,0,0.6334082377673766,35.782602881994016,0,89985.33,1102533.5599999996,3410123,21600,0,30812,0,0.3379164463246959,0.3048725755551627,0,0,-0.056432046536224224,0.033840855886623056,0,-0.02259119064960117
021403,2026-02-01,Áncash,Ocros,Cajamarquilla,938,20.2,Bajo,50.4,0,2.578449320578604,1118.457739130435,0,20716.69,257245.28000000003,387830,10000,0,230,0,0.5309360126916975,0.5937235710190617,0,0,-0.08866631411951349,0.06590331638311585,0,-0.022762997736397644
151006,2026-02-01,Lima,Yauyos,Cacra,939,20.19,Bajo,50.4,0,1.5567577402622255,192.16990272373556,0,16439.879999999997,98775.33000000007,637543,0,0,514,0,0.4325753569539926,0.4451337196063027,0,0,-0.07224008461131676,0.049409842876299605,0,-0.022830241735017152
030706,2026-02-01,Apurímac,Grau,Micaela Bastidas,940,20.18,Bajo,50.3,0,2.75610203070595,1322.8914534883722,0,6700.61,910149.3200000001,4267186,117608,0,688,0,0.5409836065573771,0.6079083829492915,0,0,-0.09034426229508198,0.06747783050737136,0,-0.022866431787710625
040810,2026-02-01,Arequipa,La Uniòn,Tomepampa,941,20.18,Bajo,50.3,0,2.239874791442113,712.291278065631,0,23071.859999999997,412416.6500000004,677270,8195,0,579,0,0.506081438392385,0.5556075897438232,0,0,-0.08451560021152829,0.06167244246156437,0,-0.02284315774996392
040121,2026-02-01,Arequipa,Arequipa,Santa Rita de Siguas,942,20.17,Bajo,50.2,0,1.9336527782881547,453.65795779084425,0,315572.38,4320638.390000001,11756016,204984.53,0,9524,0,0.48122686409307247,0.5175225063020549,0,0,-0.0803648863035431,0.05744499819952809,0,-0.02291988810401501
040410,2026-02-01,Arequipa,Castilla,Pampacolca,943,20.16,Bajo,50.2,0,2.108052406001799,548.7835416666666,0,54246.72,790248.2999999998,1658436,34960.7,0,1440,0,0.4923320994182972,0.5335888198402295,0,0,-0.08221946060285563,0.05922835900226548,0,-0.022991101600590154
060201,2026-02-01,Cajamarca,Cajabamba,Cajabamba,944,20.16,Bajo,50.1,0,1.8739908235830272,411.7259673765291,0,1375232.93,14538867.359999996,32817602,614998.85,0,35312,0,0.476467477525119,0.5093395006574639,0,0,-0.07957006874669488,0.056536684572978495,0,-0.023033384173716386
060601,2026-02-01,Cajamarca,Cutervo,Cutervo,945,20.16,Bajo,50.1,0,2.109743552267668,558.2385112879713,0,2444004.4299999997,28337303.31,22058608,465380.06,0,50762,0,0.49338974087784243,0.5350308374179762,0,0,-0.08239608672659969,0.05938842295339536,0,-0.02300766377320433
151018,2026-02-01,Lima,Yauyos,Laraos,946,20.15,Bajo,50,0,3.020926432375697,1915.2101951219527,0,194670.33,785236.1800000006,2053145,46590,0,410,0,0.5631940772078265,0.6391797123448115,0,0,-0.09405341089370704,0.07094894807027408,0,-0.023104462823432967
230405,2026-02-01,Tacna,Tarata,Sitajara,947,20.15,Bajo,49.9,0,3.101838617391632,2111.5799065420556,0,50683.369999999995,677817.1499999999,902526,27994.9,0,321,0,0.5684822845055526,0.6474302873273717,0,0,-0.0949365415124273,0.07186476189333826,0,-0.02307177961908903
050112,2026-02-01,Ayacucho,Huamanga,Socos,948,20.14,Bajo,49.9,0,0.9571650574350191,64.1596643550624,0,39145.29,462591.17999999993,2384782,22826.3,0,7210,0,0.3733474352194606,0.353230328897166,0,0,-0.06234902168164993,0.039208566507585425,0,-0.023140455174064503
180211,2026-02-01,Moquegua,General Sánchez Cerro,Yunga,949,20.13,Bajo,49.8,0,3.211896100693934,2595.5379425837305,0,166505.25,1627402.289999999,2368524,76074.53,0,627,0,0.5811739820200952,0.6648742134033976,0,0,-0.0970560549973559,0.07380103768777713,0,-0.023255017309578768
211004,2026-02-01,Puno,San Antonio de Putina,Quilcapuncu,950,20.13,Bajo,49.8,0,1.7477313504614986,308.8541804004963,0,81137.45,1742864.1400000006,3784410,66141.32,0,5643,0,0.461660497091486,0.48509514821518046,0,0,-0.07709730301427817,0.05384556145188503,0,-0.02325174156239314
022007,2026-02-01,Áncash,Yungay,Shupluy,951,20.1,Bajo,49.7,0,2.405495883613653,771.5354016298023,0,108108.32,1325497.8200000003,5301859,70200,0,1718,0,0.514013749338974,0.5623551615526783,0,0,-0.08584029613960867,0.062421422932347294,0,-0.023418873207261375
081201,2026-02-01,Cusco,Quispicanchi,Urcos,952,20.06,Bajo,49.7,0,1.5518070017625865,173.2897439478585,0,161231.62999999998,2233358.2200000007,13185737,204617.19,0,12888,0,0.43204653622422,0.4364357342541458,0,0,-0.07215177154944474,0.04844436650221018,0,-0.023707405047234564
090402,2026-02-01,Huancavelica,Castrovirreyna,Arma,953,20.05,Bajo,49.6,0,1.6127630247300677,191.68396226415095,0,5059.41,142229.5,644236,10390,0,742,0,0.4383923849814913,0.44492070935184574,0,0,-0.07321152829190905,0.04938619873805488,0,-0.02382532955385417
090102,2026-02-01,Huancavelica,Huancavelica,Acobambilla,954,20.03,Bajo,49.6,0,4.31376120404544,136.91397163120573,324.36185852413786,18890.81,173743.83000000007,1335232,57598.72,411615.19846713095,1269,0,0.6573241671073506,0.4166391113531944,0.3568677602849234,0,-0.10977313590692757,0.04624694136020458,0.039612321391626494,-0.023913873155096486
040504,2026-02-01,Arequipa,Caylloma,Callalli,955,20.02,Bajo,49.5,0,2.5649927809375255,962.1345516074442,0,66052.08,1137243.039999999,2120774,54397.7,0,1182,0,0.5298783712321523,0.5810038711036363,0,0,-0.08848968799576944,0.06449142969250363,0,-0.02399825830326581
090611,2026-02-01,Huancavelica,Huaytará,San Francisco de Sangayaico,956,20.02,Bajo,49.5,0,1.6874700365576665,222.47913636363634,0,10957.189999999999,244727.05,3308198,55824.85,0,1100,0,0.4479111581173982,0.4574594449566033,0,0,-0.0748011634056055,0.05077799839018297,0,-0.02402316501542253
110112,2026-02-01,Ica,Ica,Subtanjalla,957,20.01,Bajo,49.4,0,1.8413949097602986,334.5797649294245,0,667144.9500000001,12325918.54,17411793,273107.35,0,36840,0,0.4711792702273929,0.49184017476713027,0,0,-0.07868693812797463,0.05459425939915146,0,-0.024092678728823168
190102,2026-02-01,Pasco,Pasco,Huachon,958,20.01,Bajo,49.4,0,2.4735747163622026,813.4149684826657,0,327491.37,3613189.290000001,8936309,221046.28,0,4442,0,0.520888418826018,0.566819732837594,0,0,-0.086988365943945,0.06291699034497293,0,-0.024071375598972072
210608,2026-02-01,Puno,Huancané,Vilque Chico,959,19.98,Muy bajo,49.3,0,1.6816676637470904,213.36055984263874,0,98354.28,1410099.9399999995,3423328,16800,0,6609,0,0.4473823373876256,0.45393642753567504,0,0,-0.07471285034373348,0.05038694345645993,0,-0.024325906887273555
210405,2026-02-01,Puno,Chucuito,Pisacoma,960,19.95,Muy bajo,49.3,0,1.7604341533576897,282.9087612387613,0,137028.94,1982341.6900000004,4692259,43027.33,0,7007,0,0.464304600740349,0.4776997030567574,0,0,-0.0775388683236383,0.053024667039300075,0,-0.02451420128433822
022005,2026-02-01,Áncash,Yungay,Quillo,961,19.93,Muy bajo,49.2,0,2.549056517659393,848.6498078635012,0,920242.55,11439799.409999996,23071603,424170.57,0,13480,0,0.5267054468535166,0.5704015800818982,0,0,-0.08795980962453728,0.0633145753890907,0,-0.02464523423544658
211210,2026-02-01,Puno,Sandia,San Pedro de Putina Punco,962,19.93,Muy bajo,49.2,0,2.0369992294571295,426.42533023844686,0,223846.83000000002,4041659.2799999993,5314435,66670,0,9478,0,0.4881015335801163,0.512299048772439,0,0,-0.08151295610787943,0.05686519441374074,0,-0.024647761694138688
050116,2026-02-01,Ayacucho,Huamanga,Andrés Avelino Cáceres Dorregaray,963,19.91,Muy bajo,49.1,0,0.8985134014090651,47.361281204678,0,130596.53,1534837.04,6121222,55000,0,32407,0,0.3664727657324167,0.3280168977230585,0,0,-0.06120095187731359,0.03640987564725949,0,-0.024791076230054103
060304,2026-02-01,Cajamarca,Celendín,Huasmin,964,19.91,Muy bajo,49,0,3.018089063001731,1586.8746240999576,0,3906371.96,14986443.95,33683392,550395.0599999999,0,9444,0,0.562665256478054,0.623284758327866,0,0,-0.09396509783183501,0.06918460817439313,0,-0.02478048965744188
081206,2026-02-01,Cusco,Quispicanchi,Cusipata,965,19.91,Muy bajo,49,1,13.010882206919511,329.6462608318892,0,111027.8,1521647.1400000006,8554331,586231.35,0,4616,0.125,0.9317821258593337,0.4905876627138121,0,0.076375,-0.15560761501850875,0.054455230561233144,0,-0.024777384457275613
120808,2026-02-01,Junín,Yauli,Santa Rosa de Sacco,966,19.9,Muy bajo,48.9,0,3.18807687552181,2126.5423058120587,0,489156.45,15659857.54,41166810,1312429.55,0,7364,0,0.5795875198307774,0.6480271367034732,0,0,-0.09679111581173983,0.07193101217408553,0,-0.0248601036376543
210112,2026-02-01,Puno,Puno,Plateria,967,19.9,Muy bajo,48.9,0,1.6623921573612663,186.17795901772647,0,79426.26,1144808.27,1887936,31384.9,0,6149,0,0.44315177154944474,0.4424689310544785,0,0,-0.07400634584875727,0.04911405134704711,0,-0.024892294501710162
210310,2026-02-01,Puno,Carabaya,Usicayos,968,19.88,Muy bajo,48.8,0,2.8576205165513575,1184.7476109467457,0,489140.19,8008893.8500000015,15042996,379039.72000000003,0,6760,0,0.5478582760444209,0.5985887339796959,0,0,-0.0914923320994183,0.06644334947174625,0,-0.02504898262767205
081004,2026-02-01,Cusco,Paruro,Colcha,969,19.84,Muy bajo,48.8,0,1.4503959562982733,118.57014874141869,0,7537.38,103630.30999999994,634666,9205.17,0,874,0,0.4204124801692226,0.40456887291059324,0,0,-0.07020888418826018,0.04490714489307585,0,-0.025301739295184332
081006,2026-02-01,Cusco,Paruro,Omacha,970,19.84,Muy bajo,48.7,0,1.870813459291957,320.3002658272123,0,132798.19,1831476.92,10006143,165882.22,0,5718,0,0.47593865679534636,0.4881628209812469,0,0,-0.07948175568482285,0.054186073128918405,0,-0.025295682555904447
030702,2026-02-01,Apurímac,Grau,Curpahuasi,971,19.82,Muy bajo,48.7,0,2.4286368967210183,638.4833810709837,0,6726.0199999999995,1025404.3099999998,3672451,89190.5,0,1606,0,0.5156002115282919,0.5463702068412981,0,0,-0.08610523532522475,0.06064709295938409,0,-0.02545814236584066
040305,2026-02-01,Arequipa,Caravelí,Bella Unión,972,19.82,Muy bajo,48.6,0,15.104347924841308,1117.4975057843587,17365.25875859774,190720.82,4829824.219999999,7132322,954173.76,75052648.35465944,4322,0,0.9471179270227393,0.593650999621043,0.60222678324438506,0,-0.15816869381279747,0.06589526095793577,0.06684717294012674,-0.02542625991473496
060804,2026-02-01,Cajamarca,Jaén,Colasay,973,19.81,Muy bajo,48.6,0,1.7382019542356255,234.83181346633424,0,369412.26,2354188.9300000006,5074209,88200,0,10025,0,0.46007403490216814,0.46200931618497965,0,0,-0.07683236382866208,0.05128303409653274,0,-0.025549329732129346
200208,2026-02-01,Piura,Ayabaca,Sapillica,974,19.81,Muy bajo,48.5,0,1.017721143525365,54.08741183994154,0,2317.53,592040.81,5623452,57230.8,0,10946,0,0.37810682178741406,0.3390295893654303,0,0,-0.06314383923849815,0.03763228441956277,0,-0.025511554818935377
180102,2026-02-01,Moquegua,Mariscal Nieto,Carumas,975,19.8,Muy bajo,48.5,0,4.2436527516156834,7439.7863372664715,0,1419039.43,15132525.410000004,21238849,532257.69,0,2034,0,0.6541512427287149,0.7539080197700119,0,0,-0.1092432575356954,0.08368379019447132,0,-0.02555946734122408
150406,2026-02-01,Lima,Canta,San Buenaventura,976,19.77,Muy bajo,48.4,0,1.2130769697337296,72.01434294871797,0,3599.6400000000003,44936.95000000001,164870,2000,0,624,0,0.3955579058699101,0.3628555475907593,0,0,-0.06605817028027498,0.04027696578257428,0,-0.025781204497700702
170301,2026-02-01,Madre de Dios,Tahuamanu,Iñapari,977,19.76,Muy bajo,48.4,0,0.15840215426929805,10.229711900915454,0,106.34,37993.149999999994,277774,440,0,3714,0,0.29085140137493387,0.2045349390504619,0,0,-0.04857218402961396,0.022703378234601272,0,-0.02586880579501269
061108,2026-02-01,Cajamarca,San Miguel,Nanchoc,978,19.74,Muy bajo,48.3,0,2.227150413998339,492.83534124629085,0,62376.74,664342.04,1543726,6120,0,1348,0,0.5044949762030672,0.5245126869829638,0,0,-0.08425066102591222,0.058220908255108984,0,-0.026029752770803237
090713,2026-02-01,Huancavelica,Tayacaja,Quishuar,979,19.69,Muy bajo,48.3,0,1.0763118559787106,53.48486571879938,0,2567.6099999999997,33855.920000000006,743279,8000,0,633,0,0.38286620835536755,0.3380994799084933,0,0,-0.06393865679534638,0.03752904226984276,0,-0.026409614525503625
190306,2026-02-01,Pasco,Oxapampa,Puerto Bermúdez,980,19.68,Muy bajo,48.2,0,2.3438748223276065,531.6090543705027,0,1338782.26,12485901.859999996,29738019,360545.94,0,23487,0,0.511369645690111,0.5309048632002213,0,0,-0.08539873083024854,0.05893043981522457,0,-0.026468291015023973
021908,2026-02-01,Áncash,Sihuas,Ragash,981,19.66,Muy bajo,48.1,0,2.4322297355990097,569.6949619047618,0,97385.78,1196359.42,1634714,35500,0,2100,0,0.5161290322580645,0.5367457902188513,0,0,-0.08619354838709678,0.05957878271429249,0,-0.02661476567280429
030701,2026-02-01,Apurímac,Grau,Chuquibambilla,982,19.66,Muy bajo,48.1,0,2.520620485248868,670.8777479892761,0,19789.41,3002848.8,12733260,281494.11,0,4476,0,0.5251189846641988,0.5505492382028903,0,0,-0.08769487043892121,0.06111096544052082,0,-0.026583904998400396
210404,2026-02-01,Puno,Chucuito,Kelluyo,983,19.65,Muy bajo,48,0,1.7254564267976342,204.34886714975846,0,59095.92,846004.31,3288753,56746,0,4140,0,0.45901639344262296,0.45030427166193226,0,0,-0.07665573770491804,0.049983774154474483,0,-0.02667196355044356
080911,2026-02-01,Cusco,La Convención,Inkawasi,984,19.63,Muy bajo,48,0,1.6752076007184566,157.55553959553967,0,59500.47,833626.3600000003,16716946,280043.55,0,5291,0,0.44526705446853515,0.4284343290524609,0,0,-0.07435959809624537,0.047556210524823166,0,-0.026803387571422206
020107,2026-02-01,Áncash,Huaraz,La Libertad,985,19.62,Muy bajo,47.9,0,2.8952385475673346,1064.962504655493,0,94084.51,1143769.7299999995,1642293,47548.3,0,1074,0,0.5526176626123744,0.5895825544011071,0,0,-0.09228714965626654,0.06544366353852289,0,-0.026843486117743648
040409,2026-02-01,Arequipa,Castilla,Orcopampa,986,19.61,Muy bajo,47.9,0,6.453353818579982,467.92670757797544,668.4259976316963,534503.48,4155657.09,7389383,117747.35,5936291.284967095,8881,0,0.7736647276573242,0.5201357736453351,0.4013753935685986,0,-0.12920200951877314,0.0577350708746322,0.04455266868611444,-0.026914269958026503
180302,2026-02-01,Moquegua,Ilo,El Algarrobal,987,19.61,Muy bajo,47.8,0,4.171502053168208,5943.495007833308,0,7586473.22,75874657.27000001,109686337,3328694.27,0,12766,0,0.6499206768905341,0.7349214018642704,0,0,-0.1085367530407192,0.081576275606934,0,-0.0269604774337852
200201,2026-02-01,Piura,Ayabaca,Ayabaca,988,19.59,Muy bajo,47.8,1,7.554051385497833,29.540390398225764,0,1601.75,905737.9100000001,9793736,330998.25,0,30661,0.125,0.8117398202009519,0.2891449043706095,0,0.076375,-0.13556054997355899,0.03209508438513766,0,-0.027090465588421327
040405,2026-02-01,Arequipa,Castilla,Chilcaymarca,989,19.57,Muy bajo,47.7,0,3.307036756216715,1880.848409680207,0,142781.50999999998,2176141.6099999994,4097783,134765.19,0,1157,0,0.5869910100475939,0.6376494496677293,0,0,-0.09802749867794819,0.07077908891311795,0,-0.027248409764830242
110305,2026-02-01,Ica,Nasca,Vista Alegre,990,19.56,Muy bajo,47.7,0,8.043364829443368,3095.4080174771775,196.32911610836865,4059556.1999999997,87138831.10000002,103440393,6552992.41,5526860.947566686,28151,0,0.8318350079323109,0.6797637094879733,0.3260191881905855,0,-0.13891644632469594,0.07545377175316503,0.03618812988915499,-0.02727454468237591
210708,2026-02-01,Puno,Lampa,Pucara,991,19.53,Muy bajo,47.6,0,1.8130680652170994,227.5490523427606,0,253675.43,1078127.4099999997,2085588,37813.13,0,4738,0,0.4701216287678477,0.45935655940601444,0,0,-0.07851031200423057,0.0509885780940676,0,-0.027521733910162972
060406,2026-02-01,Cajamarca,Chota,Choropampa,992,19.49,Muy bajo,47.6,0,1.9812012871452542,281.28892726321294,0,84323.75,537543.1399999999,1101352,13500,0,1911,0,0.4838709677419355,0.4772158163704649,0,0,-0.08080645161290323,0.052970955617121604,0,-0.027835495995781626
080903,2026-02-01,Cusco,La Convención,Huayopata,993,19.47,Muy bajo,47.5,0,1.7095319287039672,167.08484695781996,0,41815.329999999994,895240.6099999994,19134585,126656.5,0,5358,0,0.4553146483342147,0.4333700975976865,0,0,-0.07603754627181386,0.04810408083334321,0,-0.027933465438470653
020105,2026-02-01,Áncash,Huaraz,Independencia,994,19.45,Muy bajo,47.5,0,3.305785380261608,789.7073062278752,1.858695389007079,5599051.28,76740597.19,111796679,3019458.28,180620.5831221519,97176,0,0.5864621893178212,0.5643213886454151,0.06479611990621423,0,-0.09793918561607615,0.06263967413964108,0.00719236930958978,-0.028107142166845282
100603,2026-02-01,Huánuco,Leoncio Prado,Hermílio Valdizan,995,19.39,Muy bajo,47.4,0,0.041536471854320266,5.651253972840221,0,4032.1200000000003,19558.990000000005,529655,220,0,3461,0,0.2771020624008461,0.16024138697207535,0,0,-0.046276044420941305,0.017786793953900364,0,-0.02848925046704094
150303,2026-02-01,Lima,Cajatambo,Gorgor,996,19.38,Muy bajo,47.4,0,1.713216993208998,157.1602126200275,0,18537.47,229139.59000000008,1260786,13600,0,1458,0,0.4558434690639873,0.42822321016546466,0,0,-0.07612585933368589,0.047532776328366576,0,-0.028593083005319313
180203,2026-02-01,Moquegua,General Sánchez Cerro,Coalaque,997,19.37,Muy bajo,47.3,0,3.3095231318184606,1633.6782435597186,0,142555.58000000002,1395161.2199999997,1756628,34901,0,854,0,0.5875198307773665,0.6257414463278707,0,0,-0.0981158117398202,0.06945730054239364,0,-0.02865851119742656
050404,2026-02-01,Ayacucho,Huanta,Iguain,998,19.34,Muy bajo,47.3,0,1.306714238640108,63.71618694885358,0,15169.730000000001,180635.3899999999,528042,0,0,2835,0,0.4071919619249075,0.3526527851906465,0,0,-0.06800105764145956,0.039144459156161764,0,-0.028856598485297792
090720,2026-02-01,Huancavelica,Tayacaja,Andaymarca,999,19.33,Muy bajo,47.2,0,1.369916708207614,70.67381959910912,0,14191.08,190395.27,5510627,75491,0,2694,0,0.41353781068217876,0.3612884577872956,0,0,-0.06906081438392386,0.04010301881438982,0,-0.028957795569534046
021702,2026-02-01,Áncash,Recuay,Catac,1000,19.27,Muy bajo,47.1,0,10.300467488558667,560.771630867144,5536.128933838147,166250.51,2114669.8200000003,3456983,320090.41000000003,20876742.20950365,3771,0,0.8852459016393442,0.5354130341465364,0.5317128411564358,0,-0.1478360655737705,0.05943084679026554,0.05902012536836437,-0.029385093415140576
050110,2026-02-01,Ayacucho,Huamanga,San Juan Bautista,1001,19.26,Muy bajo,47.1,0,1.1405082578272618,43.62272003164501,0,205902.26,2426164.8200000003,6697585,76386.51000000001,0,55617,0,0.3897408778424114,0.3212128003132324,0,0,-0.0650867265996827,0.0356546208347688,0,-0.029432105764913903
150602,2026-02-01,Lima,Huaral,Atavillos Alto,1002,19.25,Muy bajo,47,0,2.1708031244071626,315.97465153970825,0,19167.89,194956.36,1697346,36846.04,0,617,0,0.5002644103648863,0.48701655147763595,0,0,-0.08354415653093603,0.054058837214017594,0,-0.029485319316918432
040808,2026-02-01,Arequipa,La Uniòn,Sayla,1003,19.24,Muy bajo,47,0,2.9691756009427994,875.2837083333337,0,11911.25,210068.09000000008,327111,9712.5,0,240,0,0.5579058699101005,0.5730118490676017,0,0,-0.09317028027498679,0.0636043152465038,0,-0.029565965028482993
050705,2026-02-01,Ayacucho,Parinacochas,Pullo,1004,19.23,Muy bajo,46.9,0,8.608913857267817,289.4517745774816,5267.329581102908,517466.64999999997,2431973.8100000005,6575784,227322.21,44256103.140426636,8402,0,0.8476996298254892,0.4796265715595553,0.5286430188962391,0,-0.1415658381808567,0.05323854944311064,0.05867937509748254,-0.029647913640263507
080305,2026-02-01,Cusco,Anta,Huarocondo,1005,19.23,Muy bajo,46.9,0,1.9885448391610734,233.50883524027466,0,74787.79999999999,1020433.6100000003,5734184,114026.82,0,4370,0,0.4843997884717081,0.46153356332870304,0,0,-0.08089476467477526,0.051230225529486036,0,-0.029664539145289222
110109,2026-02-01,Ica,Ica,San José de Los Molinos,1006,19.22,Muy bajo,46.8,0,2.285510618528764,353.59662777900076,0,174581.45,3212778.960000001,3959541,59910.23,0,9086,0,0.5081967213114754,0.49650170808153454,0,0,-0.0848688524590164,0.05511168959705034,0,-0.029757162861966065
060907,2026-02-01,Cajamarca,San Ignacio,Tabaconas,1007,19.2,Muy bajo,46.8,0,2.0375025587376823,245.29454884085672,0,784553.83,5004744.68,12711346,100151,0,20403,0,0.48863035430988894,0.46568038586970345,0,0,-0.08160126916975145,0.051690522831537085,0,-0.029910746338214368
211105,2026-02-01,Puno,San Román,San Miguel,1008,19.18,Muy bajo,46.7,0,1.5930799530360436,97.35579211129952,0,518543.00999999995,7809492.2200000025,17837509,229067.34,0,80216,0,0.4378635642517187,0.38805159321402427,0,0,-0.07312321523003702,0.04307372684675669,0,-0.03004948838328033
230103,2026-02-01,Tacna,Tacna,Calana,1009,19.18,Muy bajo,46.7,0,3.1050940352002585,1025.9441879413368,0,279379.79,3777526.500000002,6865461,209619.92,0,3682,0,0.5695399259650978,0.5864289365734174,0,0,-0.09511316763617135,0.06509361195964934,0,-0.03001955567652201
080203,2026-02-01,Cusco,Acomayo,Acos,1010,19.16,Muy bajo,46.6,0,1.8631506855480557,184.39455488331893,0,32373.300000000003,426689,2666188,49675.1,0,2314,0,0.47435219460602857,0.4416593089623689,0,0,-0.07921681649920677,0.04902418329482294,0,-0.030192633204383826
040106,2026-02-01,Arequipa,Arequipa,Chiguata,1011,19.15,Muy bajo,46.6,0,3.154107058837142,1130.7770783571223,0,202310.9,3881957.710000001,8728789,25200,0,3433,0,0.5764145954521417,0.5946491447679471,0,0,-0.09626123744050767,0.06600605506924212,0,-0.03025518237126555
180104,2026-02-01,Moquegua,Mariscal Nieto,Samegua,1012,19.13,Muy bajo,46.5,0,4.040586616196942,3631.4130524731995,0,3592341.69,38616446.400000006,52141622,2102851.4,0,10634,0,0.6425171866737176,0.6932654915559364,0,0,-0.10730037017451084,0.07695246956270894,0,-0.030347900611801898
150512,2026-02-01,Lima,Cañete,Quilmana,1013,19.11,Muy bajo,46.5,0,1.5138618030040156,79.23342599977217,0,103144.86,1390863.5600000005,5213355,59238.840000000004,0,17554,0,0.42940243257535693,0.3708290569800717,0,0,-0.07171020624008462,0.04116202532478796,0,-0.03054818091529666
150725,2026-02-01,Lima,Huarochirí,San Pedro de Huancayre,1014,19.11,Muy bajo,46.4,0,2.132866946427715,259.5286470588235,0,2611.81,44119.869999999995,187541,4000,0,170,0,0.49550502379693284,0.47043185350790107,0,0,-0.08274933897408779,0.05221793573937702,0,-0.03053140323471077
021003,2026-02-01,Áncash,Huari,Cajay,1015,19.1,Muy bajo,46.4,0,5.139695596296685,10557.909439215684,0,1889895.67,26922669.069999993,42311706,2174692.89,0,2550,0,0.70386039132734,0.7835065412647411,0,0,-0.11754468535166579,0.08696922608038626,0,-0.030575459271279526
150904,2026-02-01,Lima,Oyón,Cochamarca,1016,19.1,Muy bajo,46.3,0,2.8700937391798362,674.3458882681563,0,57302.49,603539.5699999998,1897499,54460,0,895,0,0.5494447382337387,0.5509846478000755,0,0,-0.09175727128503437,0.06115929590580838,0,-0.03059797537922599
030417,2026-02-01,Apurímac,Aymaraes,Yanaca,1017,19.08,Muy bajo,46.2,0,2.9037353210578916,722.0526783479351,0,25635.35,576920.0900000001,2590701,75227.1,0,799,0,0.5542041248016922,0.5567570671338079,0,0,-0.09255208884188261,0.06180003445185268,0,-0.030752054390029933
150806,2026-02-01,Lima,Huaura,Huaura,1018,19.08,Muy bajo,46.2,0,1.3155005134744755,53.03312759701603,0,179869.83,2182472.3000000007,6827019,62909.47,0,41153,0,0.40824960338445265,0.3373953908873171,0,0,-0.0681776837652036,0.0374508883884922,0,-0.0307267953767114
211204,2026-02-01,Puno,Sandia,Patambuco,1019,19.08,Muy bajo,46.1,0,2.699632917908695,536.7112695608279,0,143783.71000000002,2126450.05,3922011,102800,0,3962,0,0.5372818614489688,0.531711147800884,0,0,-0.0897260708619778,0.05901993740589813,0,-0.03070613345607967
200107,2026-02-01,Piura,Piura,Cura Mori,1020,19.06,Muy bajo,46.1,1,9.39641727957327,57.07641773908051,0,3036.71,1193068.3599999999,2492631,234218.01,0,20903,0.125,0.8704389212057113,0.3434980736855679,0,0.076375,-0.1453632998413538,0.03812828617909804,0,-0.030860013662255756
020610,2026-02-01,Áncash,Carhuaz,Tinco,1021,19.04,Muy bajo,46,0,2.6394301641278073,505.75041517537585,0,172460.14,2119599.99,5110103,90635.1,0,4191,0,0.5356953992596509,0.5266959536117419,0,0,-0.08946113167636172,0.058463250850903356,0,-0.03099788082545836
050102,2026-02-01,Ayacucho,Huamanga,Acocro,1022,19.03,Muy bajo,46,0,1.592987728291688,86.21796886582656,0,67959.61,814156.2800000003,4080361,64999.65,0,9443,0,0.43733474352194607,0.3778880271270098,0,0,-0.073034902168165,0.04194557101109809,0,-0.031089331157066906
120409,2026-02-01,Junín,Jauja,Huaripampa,1023,19.03,Muy bajo,45.9,0,1.4324124551401334,61.89002620087338,0,2750.21,70864.08000000002,504627,7228.34,0,1145,0,0.4188260179799048,0.35023210782124764,0,0,-0.06994394500264411,0.03887576396815849,0,-0.031068181034485623
040116,2026-02-01,Arequipa,Arequipa,Sabandia,1024,19,Muy bajo,45.9,0,2.5960110051489735,454.9816409153137,0,119582.01,2326321.129999999,3766964,89949.43,0,5113,0,0.5314648334214701,0.5177683606441094,0,0,-0.0887546271813855,0.05747228803149614,0,-0.031282339149889364
060301,2026-02-01,Cajamarca,Celendín,Celendín,1025,19,Muy bajo,45.8,0,2.4916585653798524,394.53413903145156,0,2174949.75,11992259.690000001,46094529,957779.53,0,30396,0,0.523532522474881,0.5057413735086709,0,0,-0.08742993125330513,0.056137292459462466,0,-0.03129263879384266
061107,2026-02-01,Cajamarca,San Miguel,Llapa,1026,18.99,Muy bajo,45.8,0,3.110195833417878,905.4880397515526,0,237829.63,3644589.3599999994,10398787,323422.63999999996,0,4025,0,0.5705975674246431,0.5758777100450282,0,0,-0.09528979375991539,0.06392242581499813,0,-0.03136736794491726
060302,2026-02-01,Cajamarca,Celendín,Chumuch,1027,18.98,Muy bajo,45.7,0,2.9380046963794553,700.9749897076986,0,309364.83,1702668.2499999998,3877455,113919.81,0,2429,0,0.5568482284505553,0.5542551585418547,0,0,-0.09299365415124274,0.06152232259814587,0,-0.031471331553096865
180205,2026-02-01,Moquegua,General Sánchez Cerro,La Capilla,1028,18.98,Muy bajo,45.7,0,4.756899797942689,6872.633678160918,0,244772.44,2391676.5199999996,2264704,107729.7,0,348,0,0.6848228450555262,0.747203098178074,0,0,-0.11436541512427287,0.08293954389776621,0,-0.031425871226506655
230303,2026-02-01,Tacna,Jorge Basadre,Ite,1029,18.97,Muy bajo,45.6,0,6.150002340054269,26780.630915157297,0,7867616.220000001,84278645.49000001,74464085,3646435.35,0,3147,0,0.7620306716023268,0.8622186179159786,0,0,-0.12725912215758858,0.09570626658867364,0,-0.03155285556891495
030201,2026-02-01,Apurímac,Andahuaylas,Andahuaylas,1030,18.92,Muy bajo,45.6,0,3.094069961089245,802.2280485157112,0,2205644.91,40644081.849999994,70269775,1321459.1500000001,0,50664,0,0.5668958223162348,0.5656500318850692,0,0,-0.09467160232681122,0.06278715353924269,0,-0.031884448787568534
051012,2026-02-01,Ayacucho,Víctor Fajardo,Vilcanchos,1031,18.92,Muy bajo,45.5,0,2.1636948386630386,238.0588605367356,0,71067.56999999999,541107.79,5201288,112540,0,2273,0,0.4986779481755685,0.46315868238228247,0,0,-0.08327921734531994,0.051410613744433356,0,-0.031868603600886586
060419,2026-02-01,Cajamarca,Chota,Chalamarca,1032,18.89,Muy bajo,45.5,0,2.1609101138269615,229.63791630434784,0,330685.83,2112668.83,7013804,116101,0,9200,0,0.49814912744579587,0.46012597976681413,0,0,-0.08319090428344791,0.05107398375411637,0,-0.032116920529331544
090505,2026-02-01,Huancavelica,Churcampa,La Merced,1033,18.89,Muy bajo,45.4,0,1.944199319314216,175.17275229357793,0,11604.19,210032.12999999995,925831,18000,0,1199,0,0.48281332628239026,0.43734450628077426,0,0,-0.08062982548915917,0.04854524019716595,0,-0.03208458529199323
040515,2026-02-01,Arequipa,Caylloma,Sibayo,1034,18.88,Muy bajo,45.3,0,3.2437318235480435,1060.1694117647048,0,38556.08,702892.3199999994,1111328,27224.5,0,663,0,0.5843469063987309,0.5892014339682157,0,0,-0.09758593336858806,0.06540135917047193,0,-0.03218457419811613
040111,2026-02-01,Arequipa,Arequipa,Mollebaya,1035,18.86,Muy bajo,45.3,0,3.1193494888963778,835.8329909792416,0,390591.98,7690499.3500000015,13300434,236339.44,0,9201,0,0.5716552088841883,0.5691161552035819,0,0,-0.09546641988365945,0.0631718932275976,0,-0.03229452665606185
040207,2026-02-01,Arequipa,Camaná,Quilca,1036,18.84,Muy bajo,45.2,0,2.9306507321652573,619.6452951096124,0,41383.46,734899.3200000003,1105693,32404,0,1186,0,0.55579058699101,0.5438415242920552,0,0,-0.09281702802749868,0.060366409196418135,0,-0.032450618831080545
060505,2026-02-01,Cajamarca,Contumazá,San Benito,1037,18.82,Muy bajo,45.2,0,2.164264065562883,222.72448968363136,0,115432.06999999999,809603.52,2017605,43666.3,0,3635,0,0.4992067689053411,0.4575522404195164,0,0,-0.08336753040719197,0.05078829868656632,0,-0.03257923172062565
040414,2026-02-01,Arequipa,Castilla,Viraco,1038,18.81,Muy bajo,45.1,0,2.6289393407661366,411.20079850746254,0,37325.95,551009.0699999998,740860,15493.76,0,1340,0,0.5341089370703331,0.5092318234673436,0,0,-0.08919619249074563,0.05652473240487514,0,-0.03267146008587049
050601,2026-02-01,Ayacucho,Lucanas,Puquio,1039,18.78,Muy bajo,45.1,0,1.8906347977121443,146.6541779310345,0,62049.5,2126485.58,6460373,122142.06,0,14500,0,0.4775251189846642,0.42241032250184674,0,0,-0.07974669487043892,0.04688754579770499,0,-0.032859149072733934
060608,2026-02-01,Cajamarca,Cutervo,San Andrés de Cutervo,1040,18.77,Muy bajo,45,0,2.4507723331112006,306.4897682204481,0,186894.44999999998,1190099.77,3347843,9694.88,0,3883,0,0.5193019566367002,0.48444735231916025,0,0,-0.08672342675832893,0.053773656107426786,0,-0.03294977065090215
020505,2026-02-01,Áncash,Bolognesi,Cajacay,1041,18.76,Muy bajo,45,0,3.4001793481459366,1208.2594111516416,0,161488.38,2318649.8100000005,4944573,168124.35,0,1919,0,0.5965097831835008,0.6002492119566192,0,0,-0.09961713379164464,0.06662766252718473,0,-0.032989471264459905
060812,2026-02-01,Cajamarca,Jaén,Santa Rosa,1042,18.75,Muy bajo,44.9,0,2.6221568366477115,380.90608686350015,0,559580.01,3560710.0999999996,7873976,83157,0,9348,0,0.5325224748810153,0.502776191578037,0,0,-0.08893125330512956,0.055808157265162105,0,-0.03312309603996746
210701,2026-02-01,Puno,Lampa,Lampa,1043,18.75,Muy bajo,44.9,0,2.4334527490208075,288.67758755540103,0,216026.41999999998,3321813,5115185,81499.34,0,11507,0,0.5166578529878372,0.4794008560644368,0,0,-0.08628186144896881,0.05321349502315248,0,-0.03306836642581633
130109,2026-02-01,La Libertad,Trujillo,Salaverry,1044,18.7,Muy bajo,44.8,0,1.7655342194566124,112.16219385825582,0,174323.15,2965792.7300000004,6346521,112050,0,26442,0,0.46589106292966687,0.3999107326364619,0,0,-0.07780380750925438,0.04439009132264727,0,-0.03341371618660711
210111,2026-02-01,Puno,Puno,Pichacani,1045,18.66,Muy bajo,44.8,0,2.4039077161311746,253.35608190091006,0,105307.54,1503414.9900000002,2313167,55606.4,0,5934,0,0.5134849286092015,0.46840409349423945,0,0,-0.08575198307773665,0.05199285437786058,0,-0.03375912869987607
020905,2026-02-01,Áncash,Corongo,La Pampa,1046,18.65,Muy bajo,44.7,0,3.152449381251517,766.586603174603,0,57089.76,724424.3399999999,890184,28062.6,0,945,0,0.5758857747223691,0.5618116782422263,0,0,-0.09617292437863564,0.062361096284887126,0,-0.03381182809374852
020513,2026-02-01,Áncash,Bolognesi,Pacllon,1047,18.62,Muy bajo,44.7,0,3.647163319691634,1436.2795151515159,0,67369.99,947944.4800000004,2101400,67856.49,0,660,0,0.612374405076679,0.6148579606014423,0,0,-0.10226652564780539,0.0682492336267601,0,-0.034017292021045295
080201,2026-02-01,Cusco,Acomayo,Acomayo,1048,18.61,Muy bajo,44.6,0,2.22091425480119,203.84460969044426,0,65694.2,908739.2700000005,5083375,75317.94,0,4458,0,0.5034373347435219,0.45009634801848375,0,0,-0.08407403490216817,0.0499606946300517,0,-0.03411334027211647
081008,2026-02-01,Cusco,Paruro,Pillpinto,1049,18.61,Muy bajo,44.6,0,1.8671610523574658,124.12469743589739,0,8841.6,121021.57999999996,771867,14412,0,975,0,0.47540983606557374,0.4084089385179776,0,0,-0.07939344262295082,0.045333392175495514,0,-0.03406005044745531
100205,2026-02-01,Huánuco,Ambo,Huacar,1050,18.6,Muy bajo,44.5,0,0.1115163826144244,3.0925852047556157,0,4314.089999999999,23410.87000000001,1165748,1300,0,7570,0,0.28397673188789,0.11917237115366361,0,0,-0.04742411422527763,0.013228133198056661,0,-0.034195981027220976
150204,2026-02-01,Lima,Barranca,Supe,1051,18.6,Muy bajo,44.4,0,2.299117213941679,81.34227155289638,2.993037365568928,173431.67,2392764.26,13067379,300434.36,88043.18714557559,29416,0,0.5092543627710207,0.373023142666169,0.08541181250077348,0,-0.08504547858276046,0.041405568835944755,0.009480711187585856,-0.034159198559229845
190307,2026-02-01,Pasco,Oxapampa,Villa Rica,1052,18.6,Muy bajo,44.4,0,2.4831513848916424,280.0578833800033,0,547775.8200000001,5100694.23,8834554,71069,0,18213,0,0.5214172395557906,0.4768462108389741,0,0,-0.08707667900581703,0.05292992940312612,0,-0.03414674960269091
210215,2026-02-01,Puno,Azángaro,Tirapata,1053,18.6,Muy bajo,44.3,0,2.5637000371849488,320.97128777472534,0,31271.059999999998,934668.3900000001,1261263,13570,0,2912,0,0.5293495505023796,0.48833925511610754,0,0,-0.08840137493389741,0.054205657317887936,0,-0.03419571761600947
180206,2026-02-01,Moquegua,General Sánchez Cerro,Lloque,1054,18.59,Muy bajo,44.3,0,4.4531692489183365,3559.8340797546016,0,108154.03,1160505.9100000001,1193532,37750,0,326,0,0.664727657324167,0.6915823722890907,0,0,-0.1110095187731359,0.07676564332408907,0,-0.034243875449046834
180301,2026-02-01,Moquegua,Ilo,Ilo,1055,18.59,Muy bajo,44.2,0,3.952460356184547,2090.943178016889,0,13959350.26,153517048.13,185214829,4829769.8,0,73420,0,0.6345848757271285,0.6466001161069259,0,0,-0.10597567424643047,0.07177261288786878,0,-0.03420306135856169
060615,2026-02-01,Cajamarca,Cutervo,Toribio Casanova,1056,18.58,Muy bajo,44.2,0,2.3659569132957676,232.43238485158656,0,35235.98,227086.44000000006,989029,23400,0,977,0,0.5118984664198837,0.46114447916191875,0,0,-0.08548704389212058,0.05118703718697298,0,-0.0343000067051476
020201,2026-02-01,Áncash,Aija,Aija,1057,18.55,Muy bajo,44.1,0,3.7783497276423113,1661.8520279720278,0,314986.01,3564672.5999999996,8237513,303822.05,0,2145,0,0.6234796404019037,0.6271865767382825,0,0,-0.10412109994711793,0.06961771001794936,0,-0.03450338992916857
080705,2026-02-01,Cusco,Chumbivilcas,Livitaca,1058,18.54,Muy bajo,44.1,0,4.567206928984435,3950.204615209472,0,1992149.35,52047896.010000005,80359482,3391275.9,0,13176,0,0.6726599682707562,0.7003796981876408,0,0,-0.1123342147012163,0.07774214649882813,0,-0.034592068202388165
210301,2026-02-01,Puno,Carabaya,Macusani,1059,18.49,Muy bajo,44,0,3.64591316837998,1291.03782374219,0,988841.15,19630230.11,20799658,423822.87,0,15205,0,0.6118455843469064,0.6058487279905981,0,0,-0.10217821258593338,0.06724920880695638,0,-0.034929003778976994
030202,2026-02-01,Apurímac,Andahuaylas,Andarapa,1060,18.48,Muy bajo,44,0,2.6340223239370952,323.23846229187075,0,11604.63,1650132.35,7045621,178083.23,0,5105,0,0.5346377578001058,0.4889326629881621,0,0,-0.08928450555261767,0.054271525591686,0,-0.035012979960931674
100902,2026-02-01,Huánuco,Puerto Inca,Codo del Pozuzo,1061,18.46,Muy bajo,43.9,0,0.5321084905359184,6.865855946398662,0,9561.16,61483.74000000002,2818974,15000,0,8955,0,0.3262823902696986,0.17442576695408232,0,0,-0.054489159175039666,0.01936126013190314,0,-0.035127899043136526
061101,2026-02-01,Cajamarca,San Miguel,San Miguel,1062,18.45,Muy bajo,43.9,0,2.7215976311128434,341.65366122730404,0,423345.36,4459605.239999999,12575694,337792.58999999997,0,13053,0,0.5388683236382866,0.4936043240153043,0,0,-0.08999101004759387,0.054790079965698776,0,-0.03520093008189509
080302,2026-02-01,Cusco,Anta,Ancahuasi,1063,18.44,Muy bajo,43.8,0,2.438367944507763,229.89199196181852,0,133019.86,1830400.039999999,11029723,268945.23,0,7962,0,0.5171866737176097,0.4602190912680038,0,0,-0.08637017451084084,0.05108431913074842,0,-0.035285855380092414
050910,2026-02-01,Ayacucho,Sucre,Santiago de Paucaray,1064,18.42,Muy bajo,43.8,0,1.565434873960216,50.032964426877456,0,2143.09,25316.679999999993,197517,3092,0,506,0,0.4331041776837652,0.33256435288070907,0,0,-0.07232839767318879,0.036914643169758704,0,-0.03541375450343008
030102,2026-02-01,Apurímac,Abancay,Chacoche,1065,18.41,Muy bajo,43.7,0,3.1146739253086153,588.6675102319236,0,6385.54,862986.5700000001,3899352,120452.09999999999,0,1466,0,0.5711263881544156,0.5395115265539979,0,0,-0.09537810682178742,0.05988577944749377,0,-0.03549232737429365
061111,2026-02-01,Cajamarca,San Miguel,San Silvestre de Cochan,1066,18.37,Muy bajo,43.7,0,3.5802429571735934,1103.8870376225104,0,156301.77000000002,3491594.7,7910283,191931.55000000002,0,3163,0,0.6081438392384981,0.5926156095811353,0,0,-0.1015600211528292,0.06578033266350602,0,-0.03577968848932317
110505,2026-02-01,Ica,Pisco,Paracas,1067,18.35,Muy bajo,43.6,0,3.191326700099077,657.2574111056989,0,448832,8096096.789999999,22035304,218807.83,0,12318,0,0.58011634056055,0.548817240417352,0,0,-0.09687942887361185,0.06091871368632608,0,-0.035960715187285774
160705,2026-02-01,Loreto,Datem del Marañón,Pastaza,1068,18.32,Muy bajo,43.5,1,4.606479093068743,0.004848334162108404,0,0.14,29.250000000000004,10918843,44974.22,0,6033,0.125,0.674246430460074,4.090269690243622e-4,0,0.076375,-0.11259915388683236,4.5401993561704204e-5,0,-0.03617875189327066
080108,2026-02-01,Cusco,Cusco,Wanchaq,1069,18.3,Muy bajo,43.5,0,3.9748373346820207,1772.3192923924491,0,6736482.050000001,109378685.13,13057639,132751.65,0,61715,0,0.6377578001057641,0.6326259461027375,0,0,-0.1065055526176626,0.07022148001740386,0,-0.036284072600258746
160302,2026-02-01,Loreto,Loreto,Parinari,1070,18.3,Muy bajo,43.4,1,4.617676854866049,0.0037524349211970954,0,0.08,21.189999999999998,13102806,102513,0,5647,0.125,0.6747752511898466,3.167449429815383e-4,0,0.076375,-0.11268746694870439,3.515868867095075e-5,0,-0.03627730826003344
081202,2026-02-01,Cusco,Quispicanchi,Andahuaylillas,1071,18.29,Muy bajo,43.4,0,2.4678604747107933,214.52214534209511,0,121420.93,1664906.37,9462772,233528.01,0,7761,0,0.5198307773664728,0.4543934550451914,0,0,-0.08681173982020096,0.05043767351001625,0,-0.036374066310184715
040304,2026-02-01,Arequipa,Caravelí,Atiquipa,1072,18.26,Muy bajo,43.3,0,4.725917843536711,3791.7385613207534,0,24761.96,1607697.1499999994,4344150,132443.19,0,424,0,0.6821787414066631,0.6969181148447752,0,0,-0.11392384981491274,0.07735791074777004,0,-0.0365659390671427
050410,2026-02-01,Ayacucho,Huanta,Uchuraccay,1073,18.26,Muy bajo,43.3,0,2.228214173189431,162.78553952321198,0,44692.229999999996,518960.2999999998,1618690,36067.880000000005,0,3188,0,0.5055526176626124,0.43117883526164635,0,0,-0.08442728714965628,0.047860850714042745,0,-0.03656643643561353
050504,2026-02-01,Ayacucho,La Mar,Chilcas,1074,18.24,Muy bajo,43.2,0,1.7396284025932567,71.99246329526922,0,7524.16,88262.76000000007,805011,14004.2,0,1226,0,0.46113167636171337,0.3628302017082613,0,0,-0.07700898995240614,0.040274152389617006,0,-0.036734837562789134
230203,2026-02-01,Tacna,Candarave,Camilaca,1075,18.23,Muy bajo,43.2,0,4.715569610088742,3673.9908070866145,0,283527.07,3732774.66,4508154,130206.26,0,1016,0,0.6816499206768906,0.6942510097254696,0,0,-0.11383553675304073,0.07706186207952713,0,-0.0367736746735136
030104,2026-02-01,Apurímac,Abancay,Curahuasi,1076,18.22,Muy bajo,43.1,0,2.8793166174983726,351.09485450047123,0,34102.26,5960186.25,22866023,534813.08,0,16976,0,0.550502379693284,0.4959029381499755,0,0,-0.09193389740877843,0.05504522613464728,0,-0.036888671274131146
090201,2026-02-01,Huancavelica,Acobamba,Acobamba,1077,18.19,Muy bajo,43.1,0,1.8954996025468291,94.27859331150609,0,26113.969999999998,806270.53,3323662,63000,0,8552,0,0.4780539397144368,0.38536346664451837,0,0,-0.07983500793231095,0.04277534479754154,0,-0.03705966313476941
130112,2026-02-01,La Libertad,Trujillo,Alto Trujillo,1078,18.19,Muy bajo,43,0,1.9191172975249664,97.45630069781248,0,504821.39,8700801.07,16261153,312070.60000000003,0,89279,0,0.48016922263352724,0.38813796889811447,0,0,-0.08018826017979905,0.04308331454769071,0,-0.03710494563210834
130702,2026-02-01,La Libertad,Pacasmayo,Guadalupe,1079,18.18,Muy bajo,43,0,1.721412711967793,64.68548864948056,0,173599.54,3026116.5299999993,4508350,77607.31,0,46782,0,0.4579587519830777,0.3539100416567499,0,0,-0.07647911158117399,0.03928401462389924,0,-0.03719509695727475
180101,2026-02-01,Moquegua,Mariscal Nieto,Moquegua,1080,18.17,Muy bajo,42.9,0,5.540607143741901,8318.042279563904,0,37877451.4,418098077.1400001,241551168,10286099.77,0,50264,0,0.7303014278159704,0.7633434099490134,0,0,-0.12196033844526706,0.0847311185043405,0,-0.03722921994092657
061003,2026-02-01,Cajamarca,San Marcos,Eduardo Villanueva,1081,18.16,Muy bajo,42.9,0,2.2962936871567416,159.03221837088384,0,85961.79000000001,550569.5399999998,1107219,25425,0,3462,0,0.508725542041248,0.42921830030085945,0,0,-0.08495716552088842,0.047643231333395396,0,-0.03731393418749302
130605,2026-02-01,La Libertad,Otuzco,Huaranchal,1082,18.15,Muy bajo,42.8,0,2.3042053285582504,161.1424501197126,0,35240.04,605734.4699999997,921450,5000,0,3759,0,0.5097831835007932,0.43032616072791,0,0,-0.08513379164463247,0.047766203840798015,0,-0.03736758780383446
060809,2026-02-01,Cajamarca,Jaén,Sallique,1083,18.14,Muy bajo,42.8,0,2.8575548892763383,311.93299744726585,0,363270.3,2321717.3,5174007,75975.09,0,7443,0,0.5473294553146484,0.48593130522347416,0,0,-0.09140401903754629,0.053938374879805635,0,-0.03746564415774065
130501,2026-02-01,La Libertad,Julcán,Julcan,1084,18.13,Muy bajo,42.7,0,2.2277717856377643,145.23009668615987,0,109402.03000000001,1862575.9900000002,3841143,85571.9,0,12825,0,0.5050237969328397,0.42159072260657554,0,0,-0.08433897408778424,0.04679657020932988,0,-0.03754240387845435
210901,2026-02-01,Puno,Moho,Moho,1085,18.12,Muy bajo,42.6,0,2.535658977119071,210.77942262033238,0,135993.23,1953082.13,4112639,104282.5,0,9266,0,0.526176626123744,0.4529119458536213,0,0,-0.087871496562665255,0.050273225989751966,0,-0.03759827057291329
020804,2026-02-01,Áncash,Casma,Yautan,1086,18.1,Muy bajo,42.6,0,3.3254678494530463,645.2528198326872,0,508946.65,6324768.140000001,9368612,311550.18,0,9802,0,0.5896351136964569,0.5472607293091191,0,0,-0.09846906398730831,0.06074594095331222,0,-0.037723123033996095
040703,2026-02-01,Arequipa,Islay,Dean Valdivia,1087,18.1,Muy bajo,42.5,0,3.237965831377991,576.141832551909,0,244015.01,4300898.780000001,15840791,323501.49,0,7465,0,0.5832892649391856,0.5376957680208359,0,0,-0.097409307244844,0.05968423025031278,0,-0.037725076994531224
060613,2026-02-01,Cajamarca,Cutervo,Santo Tomas,1088,18.09,Muy bajo,42.5,0,2.88012899991237,321.3162200435729,0,368403.44,2359746.3199999994,6059539,87593.3,0,7344,0,0.5510312004230565,0.48842980632069,0,0,-0.09202221047065044,0.05421570850159659,0,-0.03780650196905385
050407,2026-02-01,Ayacucho,Huanta,Sivia,1089,18.05,Muy bajo,42.4,0,2.4701324606997317,179.6132543560432,0,166120.78,1948264.9700000007,5416248,35600,0,10847,0,0.5203595980962453,0.4394496743061961,0,0,-0.08690005288207298,0.048778913847987763,0,-0.03812113903408521
080207,2026-02-01,Cusco,Acomayo,Sangarara,1090,18.05,Muy bajo,42.4,0,2.7423885420804366,255.39319940029995,0,62307.409999999996,851736.3200000003,4798358,92589.62,0,3335,0,0.5399259650978319,0.4690787002631658,0,0,-0.09016763617133793,0.052067735729211403,0,-0.03809990044212652
120501,2026-02-01,Junín,Junín,Junin,1091,18.05,Muy bajo,42.3,0,1.8061094708338106,71.77266424828697,0,25552.730000000003,712271.9199999999,2460966,39687.74,0,9924,0,0.4690639873083025,0.36257515919844485,0,0,-0.07833368588048652,0.040245842671027376,0,-0.03808784320945914
130104,2026-02-01,La Libertad,Trujillo,Huanchaco,1092,18,Muy bajo,42.3,0,1.7607406239889833,63.93454064852944,0,395352.15,6784541.6499999985,16394392,288662.72,0,106117,0,0.46483342147012163,0.3529376416575019,0,0,-0.07762718138551032,0.03917607822398271,0,-0.03845110316152761
190208,2026-02-01,Pasco,Daniel Alcides Carrión,Vilcabamba,1093,17.98,Muy bajo,42.2,0,3.13627979880375,442.3196126594237,0,110847.23999999999,936390.6199999999,2093876,35202.69,0,2117,0,0.5737704918032787,0.515386771418985,0,0,-0.09581967213114755,0.05720793162750734,0,-0.038611740503640204
060501,2026-02-01,Cajamarca,Contumazá,Contumaza,1094,17.97,Muy bajo,42.2,0,2.843247672365592,271.7233947019869,0,292531.91,2051511.6300000008,4376439,97611,0,7550,0,0.5468006345848757,0.47430047368233086,0,0,-0.09131570597567425,0.052647352578738725,0,-0.03866835339693552
060305,2026-02-01,Cajamarca,Celendín,Jorge Chávez,1095,17.96,Muy bajo,42.1,0,3.069795998102308,376.5884914841849,0,28102.92,154777.87,179165,5500,0,411,0,0.565309360126917,0.5018146633976401,0,0,-0.09440666314119514,0.055701427637138055,0,-0.038705235504057085
061301,2026-02-01,Cajamarca,Santa Cruz,Santa Cruz,1096,17.96,Muy bajo,42.1,0,2.558319025665502,191.37678210834872,0,290370.12,1762771.54,4665913,104368.94,0,9211,0,0.5277630883130618,0.4447857807318064,0,0,-0.08813643574828134,0.049371221661230515,0,-0.038765214087050824
090613,2026-02-01,Huancavelica,Huaytará,Santiago de Chocorvos,1097,17.95,Muy bajo,42,0,2.6942793976503845,224.61976768743398,0,9207.26,212714.91999999998,1256546,33854.86,0,947,0,0.5367530407191962,0.45826564579642626,0,0,-0.08963775780010576,0.050867486683403317,0,-0.03877027111670244
210605,2026-02-01,Puno,Huancané,Pusi,1098,17.94,Muy bajo,42,0,2.156650676345434,109.79305890227582,0,34210.600000000006,492092.4900000002,930146,20060,0,4482,0,0.49762030671602325,0.39812142578506443,0,0,-0.08310259122157589,0.044191478262142155,0,-0.03891111295943373
080702,2026-02-01,Cusco,Chumbivilcas,Capacmarca,1099,17.93,Muy bajo,41.9,0,3.7545991678167856,1013.2434434782612,0,119364.61,4078304.8600000013,8786046,187839.74,0,4025,0,0.6224219989423585,0.5853765096949104,0,0,-0.10394447382337388,0.06497679257613506,0,-0.03896768124723882
020606,2026-02-01,Áncash,Carhuaz,Marcara,1100,17.9,Muy bajo,41.9,0,3.412035744035416,633.0798243919569,0,585226.4700000001,7210146.119999997,13953321,475616.3,0,11389,0,0.5970386039132733,0.5456525746858397,0,0,-0.09970544685351665,0.06056743579012821,0,-0.03913801106338844
211202,2026-02-01,Puno,Sandia,Cuyocuyo,1101,17.89,Muy bajo,41.8,0,3.2128428064932533,479.82175824175795,0,3261.48,2663490.579999998,3913724,121241.8,0,5551,0,0.5822316234796404,0.5222542346845068,0,0,-0.09723268112109995,0.05797022004998026,0,-0.03926246107111969
180210,2026-02-01,Moquegua,General Sánchez Cerro,Ubinas,1102,17.87,Muy bajo,41.8,0,4.442414527181999,2025.885389435988,0,231977.53999999998,2262913.9799999986,3010577,105709.1,0,1117,0,0.6636700158646219,0.6439283294417785,0,0,-0.11083289264939186,0.07147604456803741,0,-0.03935684808135445
060108,2026-02-01,Cajamarca,Cajamarca,Los Baños del Inca,1103,17.86,Muy bajo,41.7,0,2.9728959277474822,310.2333747608323,0,3579812.9499999997,18322072.879999995,42865662,1264241.52,0,59059,0,0.5589635113696457,0.4854707377089945,0,0,-0.09334690639873085,0.053887251885698394,0,-0.039459654513032454
021901,2026-02-01,Áncash,Sihuas,Sihuas,1104,17.85,Muy bajo,41.6,0,3.3640439180359603,553.0079791304353,0,0,3179795.8800000027,5842611,121023,0,5750,0,0.5917503966155473,0.5342361472975686,0,0,-0.0988223162347964,0.05930021235003012,0,-0.03952210388476628
050408,2026-02-01,Ayacucho,Huanta,Llochegua,1105,17.85,Muy bajo,41.6,0,2.4941867562556186,165.54682852179678,0,171071.45,2001295.6100000013,5807859,122501.85,0,12089,0,0.5240613432046536,0.43259270996393606,0,0,-0.08751824431517716,0.048017790805996906,0,-0.03950045350918025
021909,2026-02-01,Áncash,Sihuas,San Juan,1106,17.82,Muy bajo,41.5,0,3.576592594484535,719.9225969935576,0,407998.74,5028659.34,6264385,97311.41,0,6985,0,0.6076150185087256,0.5565075635287601,0,0,-0.10147170809095718,0.06177233955169237,0,-0.03969936853926481
150301,2026-02-01,Lima,Cajatambo,Cajatambo,1107,17.77,Muy bajo,41.5,0,2.0915713420613526,86.09929010620459,0,12396.609999999999,154031.63,837227,12211.2,0,1789,0,0.49127445795875196,0.37777287479070437,0,0,-0.08204283447911158,0.04193278910176819,0,-0.04011004537734339
150802,2026-02-01,Lima,Huaura,Ambar,1108,17.77,Muy bajo,41.4,0,2.747349305840314,208.71657446808518,0,31655.239999999998,392387.16000000015,1843668,50652,0,1880,0,0.5404547858276044,0.45208416124010764,0,0,-0.09025594923320994,0.05018134189765195,0,-0.04007460733555799
030109,2026-02-01,Apurímac,Abancay,Tamburco,1109,17.75,Muy bajo,41.4,0,3.053759449446757,313.3166347750456,0,28855.51,3962515.4800000014,16815667,513510.02,0,12647,0,0.5642517186673718,0.486304402977992,0,0,-0.0942300370174511,0.05397978873055711,0,-0.04025024828689399
090710,2026-02-01,Huancavelica,Tayacaja,Ñahuimpuquio,1110,17.75,Muy bajo,41.3,0,1.855524913167321,61.974718126626186,0,5407.22,71456.84999999999,1324962,20960,0,1153,0,0.47382337387625595,0.35034591719981856,0,0,-0.07912850343733475,0.03888839680917986,0,-0.040240106628154894
200203,2026-02-01,Piura,Ayabaca,Jilili,1111,17.75,Muy bajo,41.3,0,1.2883472382686074,17.559813519813524,0,76.65,45198.96000000001,766874,9880,0,2574,0,0.405076679005817,0.2470253033698756,0,0,-0.06764780539397144,0.027419808674056193,0,-0.040227996719915254
020701,2026-02-01,Áncash,Carlos Fermín Fitzcarrald,San Luis,1112,17.74,Muy bajo,41.2,0,3.9100148221131565,1033.6610403940874,0,853847.29,10491659.559999987,20246101,369318.3,0,10150,0,0.6314119513484928,0.5870620431052688,0,0,-0.10544579587519831,0.06516388678468484,0,-0.040281909090513476
210401,2026-02-01,Puno,Chucuito,Juli,1113,17.74,Muy bajo,41.2,0,2.3922432946598167,124.06971505077559,0,167976.68000000002,2455711.870000001,8178034,195638.47,0,19793,0,0.5129561078794289,0.4083717690750446,0,0,-0.08566367001586464,0.04532926636732995,0,-0.04033440364853469
040518,2026-02-01,Arequipa,Caylloma,Tuti,1114,17.71,Muy bajo,41.1,0,3.742226749413666,841.4641208791203,0,26679.170000000002,459439.4099999997,795195,29758,0,546,0,0.6213643574828134,0.5696833205775568,0,0,-0.10376784769962984,0.0632348485841088,0,-0.04053299911552104
210403,2026-02-01,Puno,Chucuito,Huacullani,1115,17.71,Muy bajo,41.1,0,2.7210822383236177,191.25403478510856,0,92004.40000000001,1330554.3200000003,3135132,64655,0,6957,0,0.5383395029085141,0.44473180381870514,0,0,-0.08990269698572186,0.049365230223876275,0,-0.04053746676184558
090717,2026-02-01,Huancavelica,Tayacaja,Surcubamba,1116,17.7,Muy bajo,41,0,2.2092712014233626,100.42375882672458,0,0,369760.2799999999,8891620,173940,0,3682,0,0.5029085140137494,0.39064920251528207,0,0,-0.08398572184029615,0.04336206147919631,0,-0.04062366036109984
150510,2026-02-01,Lima,Cañete,Nuevo Imperial,1117,17.7,Muy bajo,41,0,2.2512126484104176,107.99122838032949,0,271137.75,3665114.3000000026,10502632,160853,0,33939,0,0.5066102591221576,0.3967347749908003,0,0,-0.08460391327340033,0.04403756002397883,0,-0.040566353249421504
040601,2026-02-01,Arequipa,Condesuyos,Chuquibamba,1118,17.68,Muy bajo,40.9,0,3.5695439619922325,638.1538296587134,0,114882.31,2112927.33,4238923,151310.22,0,3311,0,0.6070861977789529,0.5463266139249652,0,0,-0.10138339502908514,0.060642254145671134,0,-0.040741140883414004
150405,2026-02-01,Lima,Canta,Lachaqui,1119,17.65,Muy bajo,40.9,0,2.525981376516561,146.03981840193705,0,9638.849999999999,120628.89000000001,488523,12340,0,826,0,0.5256478053939715,0.422057714619856,0,0,-0.08778318350079324,0.046848406322804015,0,-0.040934777177989226
150514,2026-02-01,Lima,Cañete,San Luis,1120,17.65,Muy bajo,40.8,0,2.1315871706817346,84.25842392490719,0,85974.76,1157963.5199999996,3724968,73200.47,0,13743,0,0.4949762030671602,0.37596633269959084,0,0,-0.08266102591221576,0.04173226292965458,0,-0.04092876298256118
211207,2026-02-01,Puno,Sandia,San Juan del Oro,1121,17.65,Muy bajo,40.7,0,2.9350249822951233,252.9945597964377,0,33860.11,497134.31000000006,665071,19520,0,1965,0,0.5563194077207827,0.46828380845067735,0,0,-0.09290534108937072,0.051979502738025186,0,-0.040925838351345535
040125,2026-02-01,Arequipa,Arequipa,Vitor,1122,17.64,Muy bajo,40.7,0,4.346666386430474,1461.0931223849382,0.1102146769309348,432949.2,8380830.150000006,14701884,551017.6900000001,632.191386875842,5736,0,0.659439450026441,0.6163055205132718,0.006449807689358636,0,-0.11012638815441565,0.06840991277697317,7.159286535188086e-4,-0.04100054672392368
080301,2026-02-01,Cusco,Anta,Anta,1123,17.64,Muy bajo,40.6,0,2.6183490303311485,161.72906627582765,0,327224.87,4524208.900000002,25368970,664248.18,0,27974,0,0.5319936541512428,0.4306315705025307,0,0,-0.08884294024325755,0.047800104325780905,0,-0.04104283591747664
090310,2026-02-01,Huancavelica,Angaraes,San Antonio de Antaparco,1124,17.64,Muy bajo,40.6,0,2.206245892512185,95.54940987124465,0,17084.309999999998,178104.10000000003,1154903,0,0,1864,0,0.5023796932839767,0.38648398064971334,0,0,-0.08389740877842411,0.04289972185211818,0,-0.040997686926305926
151008,2026-02-01,Lima,Yauyos,Catahuasi,1125,17.64,Muy bajo,40.5,0,2.7368016126040793,185.3879942965779,0,32543.26,195028.16999999993,1310179,31857,0,1052,0,0.5393971443680592,0.4421112621928845,0,0,-0.09007932310946588,0.04907435010341018,0,-0.041004973006055705
130802,2026-02-01,La Libertad,Pataz,Buldibuyo,1126,17.63,Muy bajo,40.5,0,7.287157936902863,989.316150331277,60.58560972085595,312942.50999999995,4330236.789999999,9316556,279152.20999999996,265183.2137481865,4377,0,0.8027498677948176,0.5833575144232103,0.25418561136477136,0,-0.13405922792173455,0.06475268410097634,0.02821460286148962,-0.04109194095926859
060104,2026-02-01,Cajamarca,Cajamarca,Cospan,1127,17.62,Muy bajo,40.4,0,3.107247437996146,316.41718199038326,0,395522.71,2171571.12,4954813,143998.3,0,6863,0,0.5700687466948704,0.4871345361859065,0,0,-0.09520148069804336,0.054071933516635626,0,-0.04112954718140774
101005,2026-02-01,Huánuco,Lauricocha,Rondos,1128,17.62,Muy bajo,40.4,0,2.367938391134687,112.14697519083973,0,42941.32,235060.06000000006,774434,18338.12,0,2096,0,0.5124272871496562,0.3998993586016499,0,0,-0.0855753569539926,0.044388828804783134,0,-0.041186528149209464
200303,2026-02-01,Piura,Huancabamba,El Carmen de la Frontera,1129,17.61,Muy bajo,40.3,1,11.66996128963078,36.02450721469174,0,856.3199999999999,411940.24,2872357,185202.95,0,11435,0.125,0.9074563722897938,0.30542692941711524,0,0.076375,-0.15154521417239558,0.03390238916529979,0,-0.04126782500709579
081306,2026-02-01,Cusco,Urubamba,Ollantaytambo,1130,17.59,Muy bajo,40.3,0,3.017860272842859,268.059352907406,0,238032.34999999998,3268447.6900000013,19774166,513862.14,0,12193,0,0.5621364357482813,0.473156589788402,0,0,-0.09387678476996299,0.052520381466512625,0,-0.04135640330345036
090705,2026-02-01,Huancavelica,Tayacaja,Colcabamba,1131,17.59,Muy bajo,40.2,0,2.0650351789364,73.73150318829707,0,58832.22,786272.75,17572305,362874.27999999997,0,10664,0,0.4902168164992068,0.3648214193173252,0,0,-0.08186620835536754,0.0404951775442231,0,-0.04137103081114444
061303,2026-02-01,Cajamarca,Santa Cruz,Catache,1132,17.58,Muy bajo,40.2,0,3.1499862742430675,337.2112165097755,0,554559.14,3259820.83,9820952,188065.64,0,9667,0,0.5753569539925966,0.4925007350747535,0,0,-0.09608461131676363,0.05466758159329764,0,-0.04141702972346599
040128,2026-02-01,Arequipa,Arequipa,Yura,1133,17.54,Muy bajo,40.1,0,3.59290810277242,593.9910074656343,0,1575057.62,30074952.689999998,53611465,910195.5,0,50632,0,0.6092014806980434,0.5402715847577483,0,0,-0.10173664727657325,0.05997014590811006,0,-0.04176650136846319
220104,2026-02-01,San Martín,Moyobamba,Jepelacio,1134,17.49,Muy bajo,40.1,0,0.283709061733603,1.5747016001648235,0,1031.39,22929.229999999996,725391,0,0,14561,0,0.3051295610787943,0.07997954326976171,0,0,-0.05095663670015865,0.00887772930294355,0,-0.04207890739721511
020702,2026-02-01,Áncash,Carlos Fermín Fitzcarrald,San Nicolás,1135,17.48,Muy bajo,40,0,3.9541541325078997,908.8193938307026,0,206241.74000000002,2533788.469999999,5299518,104217.78,0,2788,0,0.63564251718667375,0.5761879316196064,0,0,-0.10615230037017452,0.0639568604097763,0,-0.04219543996039822
050515,2026-02-01,Ayacucho,La Mar,Patibamba,1136,17.48,Muy bajo,40,0,2.0618886680182023,67.01855909694555,0,8520.39,100929.95000000001,760123,15672.89,0,1506,0,0.48968799576943417,0.3568617093253109,0,0,-0.08177789529349551,0.039611649735109514,0,-0.042166245558385995
151012,2026-02-01,Lima,Yauyos,Hongos,1137,17.47,Muy bajo,39.9,0,2.7964424042461626,174.2114285714284,0,8103.16,48779.19999999995,348550,5147,0,280,0,0.5430988894764675,0.4368817752617571,0,0,-0.09069751454257007,0.048493877054055036,0,-0.04220363748851503
120301,2026-02-01,Junín,Chanchamayo,Chanchamayo,1138,17.42,Muy bajo,39.8,0,2.319930445453847,92.5040860503301,0,98528.5,2760599.4400000013,9771899,131331.26,0,29843,0,0.5103120042305659,0.38377357142833435,0,0,-0.08522210470650451,0.042598866428545115,0,-0.0426232382779594
211005,2026-02-01,Puno,San Antonio de Putina,Sina,1139,17.42,Muy bajo,39.8,0,3.7302272765340274,656.6373787878789,0,59097.85,1300142.0100000002,2328397,86854.5,0,1980,0,0.6197778952934955,0.548737545014963,0,0,-0.10350290851401375,0.06090986749666089,0,-0.04259304101735286
030705,2026-02-01,Apurímac,Grau,Mamara,1140,17.38,Muy bajo,39.7,0,3.9137634032881423,801.1714505776638,0,3763.7400000000002,624112.56,2449772,66055,0,779,0,0.632469592808038,0.5655387135314193,0,0,-0.10562242199894235,0.06277479720198754,0,-0.04284762479695481
100905,2026-02-01,Huánuco,Puerto Inca,Yuyapichis,1141,17.37,Muy bajo,39.7,0,0.6961840303565608,3.7699036496350358,0,6001.7,25823.839999999997,2859876,19910,0,6850,0,0.3447911158117398,0.13212401731687015,0,0,-0.05758011634056055,0.014665765922172587,0,-0.04291435041838797
200308,2026-02-01,Piura,Huancabamba,Sondorillo,1142,17.37,Muy bajo,39.6,0,1.7199499806986898,34.134324887191966,0,650.88,393363.9600000002,3960871,68125,0,11524,0,0.4574299312533051,0.3009953999523924,0,0,-0.07639079851930196,0.033410489394715553,0,-0.042980309124586405
131001,2026-02-01,La Libertad,Santiago de Chuco,Santiago de Chuco,1143,17.35,Muy bajo,39.6,0,3.7819127453364145,671.829688723476,0,217320.19999999998,13899484.429999996,14695077,555754.99,0,20689,0,0.6240084611316764,0.5506689735156973,0,0,-0.10420941300898996,0.0611242560602424,0,-0.04308515694874756
021707,2026-02-01,Áncash,Recuay,Pampas Chico,1144,17.34,Muy bajo,39.5,0,4.008225153802363,899.1822491349478,0,41556.4,519727.33999999985,1073293,20760,0,578,0,0.6409307244843998,0.5752873696749378,0,0,-0.10703543098889477,0.06385689803391809,0,-0.04317853295497669
150305,2026-02-01,Lima,Cajatambo,Manas,1145,17.33,Muy bajo,39.5,0,2.835904151790432,163.75456803455722,0,12263.32,151636.72999999998,747557,18670,0,926,0,0.5457429931253305,0.43167770768306496,0,0,-0.09113907985193019,0.04791622555282021,0,-0.04322285429910998
080407,2026-02-01,Cusco,Calca,Taray,1146,17.28,Muy bajo,39.4,0,2.9874768944868664,202.99129945772236,0,71643.04000000001,1010693.6799999997,5750251,171787.41999999998,0,4979,0,0.5600211528291908,0.4497433285745574,0,0,-0.09352353252247488,0.04992150947177587,0,-0.043602023050699004
150124,2026-02-01,Lima,Lima,Pucusana,1147,17.28,Muy bajo,39.4,0,0.6813807468174685,3.3077713368873254,0,2098.86,63909.45000000001,562681,0,0,19321,0,0.343204653622422,0.12350599943906385,0,0,-0.057315177154944476,0.013709165937736087,0,-0.04360601121720839
131103,2026-02-01,La Libertad,Gran Chimú,Marmot,1148,17.27,Muy bajo,39.3,0,2.8867563301585015,154.35956670467505,0.17620943255123145,23629.16,406120.02,833115,24050,463.60701704228995,2631,0,0.5515600211528292,0.42671227827301106,0.01001195509872208,0,-0.09211052353252248,0.04736506288830423,0.0011113270159581509,-0.0436341336282601
130803,2026-02-01,La Libertad,Pataz,Chillia,1149,17.24,Muy bajo,39.3,0,4.407340776091248,1204.8166753595108,0,1314606.1500000001,16169844.599999994,20050632,566221.13,0,13421,0,0.6615547329455315,0.6000081030534128,0,0,-0.11047964040190376,0.06660089943892882,0,-0.04387874096297495
050509,2026-02-01,Ayacucho,La Mar,Samugari,1150,17.18,Muy bajo,39.2,0,2.6999446668247615,126.04415477323185,0,101038.48,1192251.6600000001,3150009,85048.5,0,9459,0,0.5378106821787414,0.40969640368003846,0,0,-0.08981438392384981,0.04547630080848427,0,-0.044338083115365544
211304,2026-02-01,Puno,Yunguyo,Cuturapi,1151,17.18,Muy bajo,39.2,0,2.5496617448751797,104.418615263572,0,9156.39,132716.06,176494,4500,0,1271,0,0.5272342675832893,0.39391625225812116,0,0,-0.08804812268640931,0.04372470400065145,0,-0.044323418685757864
020108,2026-02-01,Áncash,Huaraz,Olleros,1152,17.17,Muy bajo,39.1,0,3.988688283091911,760.4113621665315,0,151612.41,1881257.709999999,2889747,85333,0,2474,0,0.6388154415653093,0.5611285701311152,0,0,-0.10668217874140666,0.062285271284553786,0,-0.044396907456852874
080408,2026-02-01,Cusco,Calca,Yanatile,1153,17.17,Muy bajo,39.1,0,3.1351067712273335,237.3083118899734,0,161536.28,2139571.74,12908487,361772.09,0,9016,0,0.5732416710735061,0.4628927527517024,0,0,-0.09573135906927552,0.05138109555543897,0,-0.04435026351383655
040511,2026-02-01,Arequipa,Caylloma,Lluta,1154,17.16,Muy bajo,39,0,4.472573994218007,1224.4952089552226,0,47196.76,820411.7899999991,1092011,48841,0,670,0,0.6657852987837123,0.6013770972896104,0,0,-0.11118614489687996,0.06675285779914676,0,-0.0444332870977332
081205,2026-02-01,Cusco,Quispicanchi,Ccatca,1155,17.16,Muy bajo,38.9,0,3.378214811512186,332.0616208755094,0.008310653173075352,368839.64999999997,5051985.5,34722059,1122635.74,126.43827737516841,15214,0,0.5928080380750925,0.49120318941361923,5.105583101661932e-4,0,-0.09899894235854045,0.054523554024911734,5.667197242844745e-5,-0.044418716361200275
081007,2026-02-01,Cusco,Paruro,Paccaritambo,1156,17.13,Muy bajo,38.9,0,3.1046927398931343,213.43584486166003,0,32660.52,431994.1499999999,2404331,74647.09,0,2024,0,0.5690111052353253,0.4539661235052723,0,0,-0.09502485457429932,0.05039023970908523,0,-0.04463461486521409
081203,2026-02-01,Cusco,Quispicanchi,Camanti,1157,17.13,Muy bajo,38.8,0,4.000143759534622,284.91499817717806,2.78105823367426,56712.23,781521.8399999994,4264065,167748.73,7628.442734968496,2743,0,0.6398730830248546,0.4782952054887317,0.08204677812494836,0,-0.10685880486515072,0.05309076780924922,0.009107192371869268,-0.044660844684032225
160301,2026-02-01,Loreto,Loreto,Nauta,1158,17.13,Muy bajo,38.8,1,5.4569235036394135,0.004352359730316535,0,0.6,152.35,23766464,1264338.76,0,35004,0.125,0.7250132205182444,3.672750872410041e-4,0,0.076375,-0.12107720782654681,4.0767534683751455e-5,0,-0.04466144029186306
040104,2026-02-01,Arequipa,Arequipa,Cerro Colorado,1159,17.11,Muy bajo,38.7,0,3.614525762067618,437.66147560079185,0,6111396.850000001,116100647.94000006,265667108,6488347.74,0,265275,0,0.6102591221575886,0.5144934718915065,0,0,-0.1019132734003173,0.057108775379957226,0,-0.04480449802036008
120901,2026-02-01,Junín,Chupaca,Chupaca,1160,17.11,Muy bajo,38.7,0,3.1372833805335105,229.87136209972775,0,140797.87,4895800.270000001,3543772,105559.76000000001,0,21298,0,0.5742993125330513,0.46021153483323973,0,0,-0.09590798519301957,0.05108348036648961,0,-0.044824504826529964
090601,2026-02-01,Huancavelica,Huaytará,Huaytara,1161,17.09,Muy bajo,38.6,0,7.484885244970386,81.57874230430959,1183.55219371617,7799.75,185510.06,4119253,45067.53,2691397.6885105707,2274,0,0.807509254362771,0.3732656594551259,0.43658134382720254,0,-0.13485404547858276,0.041432488199518974,0.04846052916481948,-0.04496102811424431
180107,2026-02-01,Moquegua,Mariscal Nieto,San Antonio,1162,17.08,Muy bajo,38.6,0,6.281750850482064,6854.088587572474,0,19577184.32,209248470.49000007,224713146,9327352.25,0,30529,0,0.7662612374405077,0.7469746229180432,0,0,-0.12796562665256478,0.0829141831439028,0,-0.045051443508661984
230111,2026-02-01,Tacna,Tacna,La Yarada los Palos,1163,17.07,Muy bajo,38.5,0,5.642769116120451,3889.6906733524365,0,1949835.71,27150040.900000006,46128842,1866865.92,0,6980,0,0.7345319936541512,0.6990744800455748,0,0,-0.12266684294024326,0.07759726728505881,0,-0.04506957565518445
151015,2026-02-01,Lima,Yauyos,Huangascar,1164,17.04,Muy bajo,38.5,0,3.0707506300222303,187.6555854430381,0,19821.56,118598.33000000007,807908,24808.84,0,632,0,0.5658381808566896,0.4431339154027801,0,0,-0.09449497620306717,0.04918786460970859,0,-0.04530711159335858
030408,2026-02-01,Apurímac,Aymaraes,Justo Apu Sahuaraura,1165,17,Muy bajo,38.4,0,4.6295628881708435,1279.3978216123503,0,25474.28,745888.9300000002,2558796,118461.07,0,583,0,0.6753040719196193,0.6050833929791171,0,0,-0.11277578001057642,0.067164256620682,0,-0.04561152338989442
021906,2026-02-01,Áncash,Sihuas,Huayllabamba,1166,16.99,Muy bajo,38.4,0,3.6687751453894566,426.36237669543794,0,113547.1,1383119.5500000007,2751747,100955.41,0,3244,0,0.6139608672659969,0.5122865921016625,0,0,-0.10253146483342149,0.05686381172328454,0,-0.04566765311013695
081105,2026-02-01,Cusco,Paucartambo,Huancarani,1167,16.98,Muy bajo,38.3,0,3.3268132186627075,276.5539571729174,0,161976.34,2234279.42,12407246,412390.9,0,8079,0,0.5901639344262295,0.4757852714182541,0,0,-0.09855737704918033,0.05281216512742621,0,-0.04574521192175412
040205,2026-02-01,Arequipa,Camaná,Nicolás de Pierola,1168,16.97,Muy bajo,38.3,0,3.736881371810003,469.9751249999999,0,217348.29,3910193.039999999,5819873,185796.85,0,8320,0,0.6203067160232681,0.5205043918065742,0,0,-0.10359122157588578,0.05777598749052973,0,-0.04581523408535605
080403,2026-02-01,Cusco,Calca,Lamay,1169,16.95,Muy bajo,38.2,0,3.1425019844294453,205.8403369672944,0,88203.81,1246157.4000000004,6842017,180115.31,0,6054,0,0.5748281332628239,0.45091628350748214,0,0,-0.0959962982548916,0.05005170746933052,0,-0.04594459078556108
040201,2026-02-01,Arequipa,Camaná,Camaná,1170,16.94,Muy bajo,38.2,0,3.2103283025554825,225.95678955843718,0,150589.34,2666064.16,3854341,51780,0,11799,0,0.5806451612903226,0.4587653209985489,0,0,-0.09696774193548388,0.050922950630838924,0,-0.04604479130464496
130903,2026-02-01,La Libertad,Sánchez Carrión,Cochorco,1171,16.93,Muy bajo,38.1,0,3.4268808647762814,304.5716067009329,0,172955.71000000002,3199829.3000000007,4315382,147883,0,10506,0,0.597567424643046,0.48391814881296374,0,0,-0.09979375991538869,0.053714914518238975,0,-0.046078845397149716
040110,2026-02-01,Arequipa,Arequipa,Miraflores,1172,16.92,Muy bajo,38,0,3.383591469815346,280.0396236885579,0,1037025.15,19832126.109999985,39338234,369249.2,0,70819,0,0.5933368588048652,0.47684071641900677,0,0,-0.0990872554204125,0.05292931952250975,0,-0.04615793589790274
050610,2026-02-01,Ayacucho,Lucanas,Llauta,1173,16.92,Muy bajo,38,0,3.396333980927967,288.4813671874999,0,6527.2699999999995,221553.68999999994,494651,16800,0,768,0,0.594923320994183,0.4793435518711636,0,0,-0.09935219460602857,0.053207134257699164,0,-0.0461450603483294
080505,2026-02-01,Cusco,Canas,Layo,1174,16.92,Muy bajo,37.9,0,12.147443858122863,269.5943952802358,2943.0011948383753,106505.37,1462279.999999999,8163514,684035.16,15962838.480803348,5424,0,0.9185616076150185,0.473637702041634,0.4927434190471152,0,-0.1533997884717081,0.052573784926621375,0.05469451951422979,-0.046131484030856935
090117,2026-02-01,Huancavelica,Huancavelica,Yauli,1175,16.92,Muy bajo,37.9,0,3.1296964433342893,193.76278203385647,0,283992.76999999996,3136244.3900000006,17185984,365556,0,16186,0,0.5727128503437334,0.4458282144349229,0,0,-0.09564304600740349,0.04948693180227644,0,-0.04615611420512705
120111,2026-02-01,Junín,Huancayo,Chupuro,1176,16.92,Muy bajo,37.8,0,2.622758197430746,94.82331483350154,0,7155.830000000001,187939.81000000006,571917,15000,0,1982,0,0.5330512956107879,0.38584558177747685,0,0,-0.08901956636700159,0.042828859577299934,0,-0.046190706789701656
080905,2026-02-01,Cusco,La Convención,Ocobamba,1177,16.91,Muy bajo,37.8,0,3.162002955049179,206.61574516297722,0,86520.03000000001,1185354.5300000003,24388765,771173.47,0,5737,0,0.5769434161819144,0.45123272429211675,0,0,-0.0963495505023797,0.05008683239642496,0,-0.04626271810595474
081303,2026-02-01,Cusco,Urubamba,Huayllabamba,1178,16.9,Muy bajo,37.7,0,2.8638403560095465,124.24439545658355,0,60554.62,831319.2500000005,5568390,93484.78,0,6691,0,0.5489159175039662,0.4084898008687239,0,0,-0.09166895822316236,0.04534236789642835,0,-0.04632659032673401
050602,2026-02-01,Ayacucho,Lucanas,Aucara,1179,16.89,Muy bajo,37.7,0,3.437299419879971,297.94359511343794,0,19979.76,682886.7199999997,1388161,27915.95,0,2292,0,0.5980962453728186,0.4820636203112946,0,0,-0.0998820729772607,0.0535090618545537,0,-0.046373011122707
130611,2026-02-01,La Libertad,Otuzco,Salpo,1180,16.89,Muy bajo,37.6,0,2.859553051857995,122.18036880927298,0,44634.32,811644.1900000004,1258938,36000,0,6643,0,0.5483870967741935,0.40708449621880183,0,0,-0.09158064516129032,0.045186379080287005,0,-0.04639426608100331
120215,2026-02-01,Junín,Concepción,Santa Rosa de Ocopa,1181,16.88,Muy bajo,37.6,0,2.1362916600297956,47.193179563492066,0,3823.9199999999996,95141.45000000001,533635,3400,0,2016,0,0.49603384452670546,0.3277224283539959,0,0,-0.08283765203595982,0.03637718954729355,0,-0.04646046248866627
060102,2026-02-01,Cajamarca,Cajamarca,Asunción,1182,16.87,Muy bajo,37.5,0,3.4801712805200156,316.1388480587955,0,361246.81,1978713.0500000007,4204331,138438.8,0,6259,0,0.6023268112109995,0.4870603477384118,0,0,-0.10058857747223693,0.054063698598963705,0,-0.04652487887327322
080605,2026-02-01,Cusco,Canchis,Pitumarca,1183,16.85,Muy bajo,37.5,0,3.3922753598145956,271.29514361825335,0,168345.22,2342362.2699999996,15677727,473248.39,0,8634,0,0.5943945002644103,0.474167572953796,0,0,-0.09926388154415652,0.05263260059787136,0,-0.046631280946285165
110101,2026-02-01,Ica,Ica,Ica,1184,16.81,Muy bajo,37.4,0,4.683926315335608,1171.8834384898664,0,11102231.19,227527029,128649239,5172106.85,0,194155,0,0.6784769962982549,0.5976662342982055,0,0,-0.11330565838180857,0.06634095200710081,0,-0.04696470637470776
200406,2026-02-01,Piura,Morropón,Salitral,1185,16.81,Muy bajo,37.4,0,1.6964956357326013,19.37255029965754,0,401.71,181017.11000000004,2316540,32800,0,9344,0,0.45055526176626126,0.25490624637744,0,0,-0.07524272871496564,0.028294593347895844,0,-0.04694813536706979
040804,2026-02-01,Arequipa,La Uniòn,Huaynacotas,1186,16.8,Muy bajo,37.3,0,4.4203252979509875,884.799303721489,0,83102.77,1474075.6400000006,1940252,85765.45,0,1666,0,0.6631411951348493,0.5739252341217317,0,0,-0.11074457958751983,0.06370570098751221,0,-0.04703887860000762
021603,2026-02-01,Áncash,Pomabamba,Parobamba,1187,16.79,Muy bajo,37.3,0,4.636909091106664,1121.3707063641018,0,536312.4299999999,6572353.710000001,11963329,554728.69,0,5861,0,0.6768905341089371,0.5939433436184093,0,0,-0.11304071919619249,0.06592771114164343,0,-0.04711300805454906
021410,2026-02-01,Áncash,Ocros,Santiago de Chilcas,1188,16.77,Muy bajo,37.2,0,4.804469529367892,1346.1459361702134,0,51018.61,632688.5900000003,1311279,63000,0,470,0,0.6879957694341619,0.6093809591073207,0,0,-0.11489529349550504,0.0676412864609126,0,-0.04725400703459244
090510,2026-02-01,Huancavelica,Churcampa,Pachamarca,1189,16.77,Muy bajo,37.1,0,3.8128002469445574,456.26591736694667,0,61933.14,651547.7299999999,4639098,38674.22,0,1428,0,0.627181385510312,0.5180062145909451,0,0,-0.10473929138022212,0.057498689819594904,0,-0.04724060156062721
180303,2026-02-01,Moquegua,Ilo,Pacocha,1190,16.76,Muy bajo,37.1,0,3.860144240470001,472.4185254813135,0,212223.49,2085727.789999999,6125604,188650.91,0,4415,0,0.6292966684294025,0.5209419971757797,0,0,-0.10509254362771021,0.05782456168651155,0,-0.04726798194119866
250301,2026-02-01,Ucayali,Padre Abad,Padre Abad,1191,16.71,Muy bajo,37,0,0.11566836434088912,0.0012016305488115578,0,0.19,40.09,6916325,8000,0,33363,0,0.2855631940772078,1.015594268321447e-4,0,0,-0.04768905341089371,1.1273096378368062e-5,0,-0.04767778031451534
061105,2026-02-01,Cajamarca,San Miguel,El Prado,1192,16.7,Muy bajo,37,0,4.219800311602051,683.0093026404874,0,94887.01,1008804.7399999998,2341448,6900,0,1477,0,0.6525647805393971,0.5520626064298007,0,0,-0.10897831835007933,0.06127894931370787,0,-0.04769936903637146
210306,2026-02-01,Puno,Carabaya,Crucero,1193,16.67,Muy bajo,36.9,0,3.8073667078450746,412.2727727188253,0,270455.51999999996,4436879.579999998,9699258,369286.32,0,10762,0,0.6255949233209942,0.5094514685499593,0,0,-0.10447435219460603,0.05654911300904548,0,-0.047925239185560554
120503,2026-02-01,Junín,Junín,Ondores,1194,16.64,Muy bajo,36.9,0,3.076044300115299,140.0532177681474,0,4806.929999999999,129269.12000000005,945370,17580,0,923,0,0.5663670015864621,0.41854251392055236,0,0,-0.09458328926493918,0.04645821904518131,0,-0.04812507021975787
050114,2026-02-01,Ayacucho,Huamanga,Vinchos,1195,16.58,Muy bajo,36.8,0,3.0300486338458046,127.46929118002406,0,189045.34,2215543.749999998,12946745,385342.67,0,17381,0,0.5637228979375991,0.4106397849632577,0,0,-0.09414172395557906,0.04558101613092161,0,-0.04856070782465745
050909,2026-02-01,Ayacucho,Sucre,San Salvador de Quije,1196,16.58,Muy bajo,36.8,0,2.6253794961154893,73.97140435835351,0,5197.39,61100.380000000005,5282004,135772.65,0,826,0,0.5335801163405606,0.36509246505291715,0,0,-0.08910787942887362,0.0405252636208738,0,-0.048582615807999815
120809,2026-02-01,Junín,Yauli,Suitucancha,1197,16.58,Muy bajo,36.7,0,7.090769551718018,8054.448788368331,0,368343.35,4985703.799999997,11887830,615870.78,0,619,0,0.7964040190375463,0.7606204298560136,0,0,-0.13299947117927025,0.08442886771401752,0,-0.04857060346525273
130401,2026-02-01,La Libertad,Chepén,Chepen,1198,16.58,Muy bajo,36.7,0,2.6385931734345345,76.06000834757717,0,222875.66,3826883.259999998,6589668,173874.53,0,50314,0,0.5351665785298784,0.3674162191707321,0,0,-0.08937281861448969,0.04078320032795126,0,-0.048589618286538426
050605,2026-02-01,Ayacucho,Lucanas,Chaviña,1199,16.54,Muy bajo,36.6,0,9.416066196243971,303.83251773049653,532.7289208081181,23588.56,685446.1600000001,2357596,221992.80000000002,1201836.4453431144,2256,0,0.8714965626652564,0.48371335371814517,0.387400798580412,0,-0.14553992596509782,0.05369218226271411,0.04300148864242573,-0.04884625505995799
130801,2026-02-01,La Libertad,Pataz,Tayabamba,1200,16.5,Muy bajo,36.6,0,8.716476794437876,872.2020306846146,70.83122368410345,834617.5,12052087.660000004,16946045,1225776.25,978745.8488669414,13818,0,0.8503437334743522,0.5727139169473874,0.2636790135063433,0,-0.14200740349021682,0.06357124478116,0.029268370499204107,-0.04916778820985271
051006,2026-02-01,Ayacucho,Víctor Fajardo,Cayara,1201,16.49,Muy bajo,36.5,0,2.8877887788778875,96.27022119815673,0,13603.34,104453.19000000006,727200,0,0,1085,0,0.5520888418826018,0.3871130027705004,0,0,-0.0921988365943945,0.042969543307525546,0,-0.04922929328686895
081208,2026-02-01,Cusco,Quispicanchi,Lucre,1202,16.46,Muy bajo,36.5,0,3.445218138201976,219.33795023490504,0,91467.63,1260535.1999999993,7942419,155070.36000000002,0,5747,0,0.5991538868323638,0.45626232690147667,0,0,-0.10005869910100476,0.05064511828606391,0,-0.04941358081494085
151010,2026-02-01,Lima,Yauyos,Cochas,1203,16.45,Muy bajo,36.4,0,3.617043509014476,268.88711229946534,0,6648.589999999999,50281.890000000014,373233,0,0,187,0,0.6113167636171338,0.47341636571766044,0,0,-0.10208989952406136,0.05254921659466031,0,-0.04954068292940105
060402,2026-02-01,Cajamarca,Chota,Anguia,1204,16.44,Muy bajo,36.4,0,3.721222962952933,304.5218555956679,0,132823.93000000002,843525.54,1993977,74200.33,0,2770,0,0.6187202538339502,0.48390437877387216,0,0,-0.1033262823902697,0.05371338604389981,0,-0.04961289634636989
220709,2026-02-01,San Martín,Picota,Tingo de Ponasa,1205,16.44,Muy bajo,36.3,0,0.8850291783057223,2.379151868539626,0,194.05999999999997,8976.540000000008,180785,1600,0,3773,0,0.3654151242728715,0.1029730433331868,0,0,-0.061024325753569544,0.011430007809983735,0,-0.049594317943585806
030218,2026-02-01,Apurímac,Andahuaylas,Turpo,1206,16.43,Muy bajo,36.3,0,3.810721142612695,349.1216671392118,0,9764.27,1231352.12,6274182,195517.16,0,3527,0,0.6266525647805394,0.495427670229805,0,0,-0.10465097831835009,0.054992471395508356,0,-0.04965850692284173
120903,2026-02-01,Junín,Chupaca,Chongos Bajo,1207,16.37,Muy bajo,36.2,0,2.4883294631313317,51.29227487179484,0,9304.13,250049.83999999985,625721,15570,0,4875,0,0.5224748810153358,0.3346258748492735,0,0,-0.08725330512956109,0.037143472108269356,0,-0.05010983302129173
090718,2026-02-01,Huancavelica,Tayacaja,Tintay Puncu,1208,16.36,Muy bajo,36.1,0,2.998062538760448,102.67337059329321,0,8949.92,119409.13,3118514,49995,0,1163,0,0.5610787942887361,0.3925044655288903,0,0,-0.09370015864621893,0.043567995673706825,0,-0.050132162972512107
210206,2026-02-01,Puno,Azángaro,Chupa,1209,16.36,Muy bajo,36.1,0,3.754534430483899,305.1287882187938,0,37516.73,1087784.13,1577541,59229.32,0,3565,0,0.6218931782125859,0.48407221173747184,0,0,-0.10385616076150186,0.05373201550285937,0,-0.05012414525864249
130202,2026-02-01,La Libertad,Ascope,Chicama,1210,16.34,Muy bajo,36,0,2.800410726906613,74.31566473988438,0,69846.68000000001,1208521.3399999999,1499780,42000,0,16262,0,0.5441565309360127,0.3654799066682546,0,0,-0.09087414066631412,0.040568269640176256,0,-0.050305871026137865
250105,2026-02-01,Ucayali,Coronel Portillo,Yarinacocha,1211,16.33,Muy bajo,36,0,0.2616399067610514,0.003039270509465333,0,1.6300000000000001,407.62999999999994,5864931,15345,0,134121,0,0.30195663670015865,2.566376097466541e-4,0,0,-0.0504267583289265,2.8486774681878604e-5,0,-0.050398271554244624
030609,2026-02-01,Apurímac,Chincheros,Rocchacc,1212,16.3,Muy bajo,35.9,0,3.953158832745144,367.8382925911998,0,7579.18,978082.0200000003,2124883,0,0,2659,0,0.6351136964569011,0.49983180965467905,0,0,-0.10606398730830248,0.05548133087166938,0,-0.0505826564366331
030206,2026-02-01,Apurímac,Andahuaylas,Huayana,1213,16.29,Muy bajo,35.9,0,3.82000208975902,320.7342640364187,0,1821.44,211363.87999999995,1033612,39484,0,659,0,0.6277102062400846,0.48827697567815814,0,0,-0.10482760444209413,0.054198744300275555,0,-0.050628860141818575
020604,2026-02-01,Áncash,Carhuaz,Anta,1214,16.28,Muy bajo,35.8,0,4.558334345619739,703.0361832061064,0,150084.87,1841954.7999999989,3696253,160017.57,0,2620,0,0.6721311475409836,0.5545031121197853,0,0,-0.11224590163934427,0.061549845445296174,0,-0.05069605619404809
080205,2026-02-01,Cusco,Acomayo,Pomacanchi,1215,16.28,Muy bajo,35.8,0,3.4816824227529644,202.98385203055898,0,110323.56,1514462.5200000005,11813107,384131.71,0,7461,0,0.6028556319407721,0.44974024103430343,0,0,-0.10067689053410894,0.049921166754807685,0,-0.05075572377930126
080902,2026-02-01,Cusco,La Convención,Echarate,1216,16.25,Muy bajo,35.7,0,3.794733220850652,292.81667957117315,0,500.29999999999995,4916392.049999997,107165534,4066646.12,0,16790,0,0.624537281861449,0.48060067537874257,0,0,-0.10429772607086199,0.053346674967040424,0,-0.05095105110382157
100901,2026-02-01,Huánuco,Puerto Inca,Puerto Inca,1217,16.22,Muy bajo,35.7,0,1.2796494986935831,4.703354384698666,0,9202.85,52131.98000000001,3327805,42584.24,0,11084,0,0.40401903754627183,0.1472388593017593,0,0,-0.0674711792702274,0.016343513382495282,0,-0.05112766588773212
061005,2026-02-01,Cajamarca,San Marcos,Ichocan,1218,16.18,Muy bajo,35.6,0,3.173988235498601,121.98537037037036,0,36091.740000000005,230552.34999999998,805474,25565.65,0,1890,0,0.5785298783712322,0.40695051507130114,0,0,-0.09661448968799577,0.045171507172914425,0,-0.051442982515081344
090412,2026-02-01,Huancavelica,Castrovirreyna,Tantara,1219,16.17,Muy bajo,35.6,0,3.3166595810757435,144.78322422258594,0,3061.0499999999997,88462.55000000002,331659,5000,0,611,0,0.5885774722369117,0.4213318885933623,0,0,-0.09829243786356426,0.04676783963386322,0,-0.05152459822970104
090715,2026-02-01,Huancavelica,Tayacaja,Salcahuasi,1220,16.14,Muy bajo,35.5,0,2.687288436427849,55.04214285714285,0,8848.21,120212.03999999998,2093047,54734.09,0,2184,0,0.5362242199894236,0.34048271183873763,0,0,-0.08954944473823374,0.03779358101409988,0,-0.05175586372413386
081301,2026-02-01,Cusco,Urubamba,Urubamba,1221,16.13,Muy bajo,35.5,0,3.27362577661316,132.87393371534773,0,248236.90000000002,3431867.960000001,20954126,466567.13,0,25828,0,0.585404547858276,0.4141247518062666,0,0,-0.0977625594923321,0.0459678474504956,0,-0.051794712041836506
040502,2026-02-01,Arequipa,Caylloma,Achoma,1222,16.12,Muy bajo,35.4,0,4.714841180477688,726.7732165206506,0,33513.170000000006,580691.7999999998,854366,38782,0,799,0,0.6811210999471179,0.55730739033706,0,0,-0.1137472236911687,0.061861120327413664,0,-0.051886103363755036
080406,2026-02-01,Cusco,Calca,San Salvador,1223,16.1,Muy bajo,35.4,0,3.6872333378172653,225.29033876840262,0,39203.24,1423159.0699999994,6608783,243681.25,0,6317,0,0.6160761501850872,0.4585166223557625,0,0,-0.10288471708090957,0.05089534508148964,0,-0.05198937199941993
060203,2026-02-01,Cajamarca,Cajabamba,Condebamba,1224,16.08,Muy bajo,35.3,0,4.547189582469193,581.2598271479411,0,860531.55,9146704.64,16005789,727813.5700000001,0,15736,0,0.6700158646218932,0.5384424038082741,0,0,-0.11189264939185617,0.05976710682271843,0,-0.05212554256913774
210308,2026-02-01,Puno,Carabaya,Ollachea,1225,16.07,Muy bajo,35.2,0,5.128225692678583,1043.622646243416,0,453786.52,7528693.770000003,12843908,37285,0,7214,0,0.7033315705975675,0.5878723676741068,0,0,-0.11745637228979378,0.06525383281182585,0,-0.05220253947796792
020605,2026-02-01,Áncash,Carhuaz,Ataquero,1226,16.06,Muy bajo,35.2,0,4.123790975739928,377.4663298843577,0,50256.759999999995,620177.1799999997,854408,11861,0,1643,0,0.6467477525118984,0.5020110453434866,0,0,-0.10800687466948704,0.055723226033127016,0,-0.05228364863636002
021015,2026-02-01,Áncash,Huari,San Pedro de Chana,1227,16.06,Muy bajo,35.1,0,6.090773314852064,2719.048697234355,0,1119855.07,7471945.820000008,34670057,1523724.58,0,2748,0,0.7578001057641459,0.6688041912500267,0,0,-0.1265526176626124,0.07423726522875296,0,-0.05231535243385943
080910,2026-02-01,Cusco,La Convención,Pichari,1228,16.03,Muy bajo,35.1,0,4.550927412752586,567.6109459253616,0,985647.96,14905463.439999998,183942586,6258672.64,0,26260,0,0.6710735060814383,0.5364364037926205,0,0,-0.11206927551560021,0.05954444082098087,0,-0.05252483469461934
220602,2026-02-01,San Martín,Mariscal Cáceres,Campanilla,1229,16.01,Muy bajo,35,0,0.9018226655910382,1.5376217312894505,0,1272.05,34104.45000000001,609876,5500,0,22180,0,0.36753040719196195,0.0787527607800066,0,0,-0.06137757800105765,0.008741556446580733,0,-0.052636021554476914
120606,2026-02-01,Junín,Satipo,Pangoa,1230,16,Muy bajo,35,0,3.7250063183910442,219.41935210790678,0,554034.01,15551566,35657812,1328255.75,0,70876,0,0.6192490745637229,0.45629356430751244,0,0,-0.10341459545214174,0.05064858563813388,0,-0.05276600981400786
120704,2026-02-01,Junín,Tarma,Huasahuasi,1231,16,Muy bajo,34.9,0,3.5432727145955614,174.12700498048196,0,52468.009999999995,1293589.5200000005,4417391,156520.21000000002,0,7429,0,0.6060285563194078,0.43684101695611066,0,0,-0.10120676890534111,0.04848935288212829,0,-0.052717416023212824
080101,2026-02-01,Cusco,Cusco,Cusco,1232,15.98,Muy bajo,34.9,0,3.825077195804525,254.5955676270141,0,1727813.54,30558087.599999994,49448607,1607159.89,0,120026,0,0.6282390269698572,0.46881519915833825,0,0,-0.10491591750396616,0.05203848710657555,0,-0.05287743039739061
230105,2026-02-01,Tacna,Tacna,Inclan,1233,15.98,Muy bajo,34.8,0,6.588920638128941,3626.066288857006,0,568508.23,7582104.609999999,11369301,645552.9400000001,0,2091,0,0.7773664727657325,0.693140918056304,0,0,-0.12982020095187732,0.07693864190424975,0,-0.05288155904762758
080202,2026-02-01,Cusco,Acomayo,Acopia,1234,15.96,Muy bajo,34.8,0,3.6854350820627566,200.4561098831702,0,46251.04,634844.5,3469357,124098.9,0,3167,0,0.6155473294553147,0.44868572807612495,0,0,-0.10279640401903756,0.04980411581644987,0,-0.05299228820258769
250104,2026-02-01,Ucayali,Coronel Portillo,Masisea,1235,15.96,Muy bajo,34.7,0,0.43178940984336267,0.004812895797351755,0,0.27,58.51999999999999,2925037,12630,0,12159,0,0.3178212585933369,4.060443973023178e-4,0,0,-0.05307615018508726,4.507092810055728e-5,0,-0.053031079256986705
120604,2026-02-01,Junín,Satipo,Mazamari,1236,15.95,Muy bajo,34.7,0,3.6986191298149422,202.44911179369046,0,340088.42,9491016.810000002,23978141,669369.19,0,46881,0,0.6166049709148599,0.449518254297784,0,0,-0.10297303014278161,0.049896526227054025,0,-0.05307650391572759
210307,2026-02-01,Puno,Carabaya,Ituata,1237,15.92,Muy bajo,34.6,0,5.215918948839774,1020.3981778425654,0,582258.85,9799904.099999998,12280145,636432.41,0,9604,0,0.7086197778952935,0.5859709853263453,0,0,-0.11833950290851403,0.06504277937122432,0,-0.0532967235372897
160704,2026-02-01,Loreto,Datem del Marañón,Morona,1238,15.91,Muy bajo,34.6,0,0.453271956655702,5.586592178770966e-5,0,0.11,0.22000000000000064,11966326,54240,0,3938,0,0.31940772078265467,4.724381049503264e-6,0,0,-0.05334108937070333,5.244062964948624e-7,0,-0.05334056496440683
180209,2026-02-01,Moquegua,General Sánchez Cerro,Quinistaquillas,1239,15.91,Muy bajo,34.5,0,5.989642498698332,2302.7824927536244,0,80581.18000000001,794459.9600000004,1432778,85818.28,0,345,0,0.7546271813855103,0.6547575321064472,0,0,-0.12602273929138022,0.07267808606381564,0,-0.053344653227564584
040109,2026-02-01,Arequipa,Arequipa,Mariano Melgar,1240,15.9,Muy bajo,34.5,0,4.33959299881066,412.76194878929704,0,1519066.4400000002,29370901.99000001,60669749,1939566.99,0,71157,0,0.6589106292966684,0.509551510370886,0,0,-0.11003807509254364,0.056560217651168344,0,-0.053477857441375294
060904,2026-02-01,Cajamarca,San Ignacio,La Coipa,1241,15.87,Muy bajo,34.4,0,3.7064780044358883,193.20333948509733,0,654226.65,4187489.1799999997,8845579,327859.44,0,21674,0,0.6176626123744051,0.44558494693429596,0,0,-0.10314965626652566,0.049459929109706854,0,-0.0536897271568188
130908,2026-02-01,La Libertad,Sánchez Carrión,Sartimbamba,1242,15.87,Muy bajo,34.3,0,4.474683867654058,466.68031621874593,0,375885.64,6980604.170000002,9532321,426541.23,0,14958,0,0.6668429402432575,0.5199106934145057,0,0,-0.11136277102062402,0.05771008696901013,0,-0.053652684051613886
061113,2026-02-01,Cajamarca,San Miguel,Unión Agua Blanca,1243,15.86,Muy bajo,34.3,0,4.745533612515712,626.7846853649767,0,164338.99,1743088.21,5057387,240000,0,2781,0,0.6837652035959809,0.5448087809845304,0,0,-0.11418878900052883,0.06047377468928288,0,-0.053715014311245944
151003,2026-02-01,Lima,Yauyos,Allauca,1244,15.85,Muy bajo,34.2,0,3.797570904868317,218.36064220183485,0,31708.489999999998,190410.47999999998,1184968,45000,0,872,0,0.6250661025912215,0.4558863880722182,0,0,-0.104386039132734,0.05060338907601622,0,-0.053782650056717785
051102,2026-02-01,Ayacucho,Vilcas Huamán,Accomarca,1245,15.84,Muy bajo,34.2,0,2.7756805968823555,48.92365284974093,0,3213.64,37769.06,180136,5000,0,772,0,0.5425700687466949,0.33070579405916284,0,0,-0.09060920148069805,0.036708343140567076,0,-0.053900858340130975
080917,2026-02-01,Cusco,La Convención,Manitea,1246,15.83,Muy bajo,34.1,0,4.4130455667334365,419.77982095136286,0,114656.46,1570816.0899999999,32684590,1354074.29,0,3742,0,0.6626123744050767,0.5109738643368842,0,0,-0.11065626652564782,0.056718098941394145,0,-0.053938167584253675
110105,2026-02-01,Ica,Ica,Pachacutec,1247,15.8,Muy bajo,34.1,0,4.13845507400117,314.478478532722,0,165827.22,3017735.4800000004,4210001,149303.28,0,9596,0,0.6478053939714437,0.4866164277046305,0,0,-0.1081835007932311,0.054014423475213985,0,-0.05416907731801711
131101,2026-02-01,La Libertad,Gran Chimú,Cascas,1248,15.75,Muy bajo,34,0,3.3758386611960423,112.07360593512773,0,93398.95,1623946.5500000007,3824548,129110.57,0,14490,0,0.59227921734532,0.39984450285997936,0,0,-0.09891062929666844,0.04438273981745771,0,-0.05452788947921073
090108,2026-02-01,Huancavelica,Huancavelica,Izcuchaca,1249,15.73,Muy bajo,34,0,3.2269002075735393,93.03251641137855,0,6968.92,85031.72,604605,19510,0,914,0,0.582760444209413,0.38425015925381023,0,0,-0.09732099418297198,0.042651767677172936,0,-0.05466922650579904
040509,2026-02-01,Arequipa,Caylloma,Ichupampa,1250,15.69,Muy bajo,33.9,0,5.270429134303391,911.584685816876,0,29327.7,507752.6699999999,822563,43352.6,0,557,0,0.7123215230037018,0.5764445789349625,0,0,-0.11895769434161821,0.06398534826178083,0,-0.05497234607983738
220203,2026-02-01,San Martín,Bellavista,Bajo Biavo,1251,15.69,Muy bajo,33.9,0,1.0998935246843515,1.779442564449641,0,1069.6200000000001,28921.280000000013,284573,3130,0,16253,0,0.38656795346377576,0.08645047145965416,0,0,-0.06455684822845055,0.009596002332021613,0,-0.05496084589642894
021002,2026-02-01,Áncash,Huari,Anra,1252,15.68,Muy bajo,33.8,0,8.129098526916351,8144.9126581265045,0,722277.02,10172995.910000004,14371078,465236.61,0,1249,0,0.8355367530407192,0.7615648565206065,0,0,-0.13953463775780012,0.08453369907378731,0,-0.055000938684012804
040129,2026-02-01,Arequipa,Arequipa,José Luis Bustamante Y Rivero,1253,15.68,Muy bajo,33.8,0,4.5433196804806775,418.29034581325635,0,780497.11,35852083.83000001,20718747,735828.52,0,85711,0,0.668958223162348,0.5106739769306899,0,0,-0.11171602326811211,0.056684811439306586,0,-0.05503121182880553
130810,2026-02-01,La Libertad,Pataz,Pias,1254,15.67,Muy bajo,33.7,0,5.025222038420345,676.6091180793728,0,118016.5,1380959.21,1834705,92198,0,2041,0,0.6964569011105235,0.5512675822189028,0,0,-0.11630830248545743,0.061190701626298215,0,-0.05511760085915921
150112,2026-02-01,Lima,Lima,Independencia,1255,15.67,Muy bajo,33.7,0,1.117174793507032,1.8241734493640303,0,13357.93,434122.27,2006848,22420,0,237983,0,0.3881544156530936,0.08780064136399666,0,0,-0.06482178741406663,0.00974587119140363,0,-0.055075916222663
230102,2026-02-01,Tacna,Tacna,Alto de la Alianza,1256,15.66,Muy bajo,33.6,0,5.381717610237183,997.9014700205096,0,2470782.45,33086421.140000015,62092003,2342560.36,0,33156,0,0.7186673717609731,0.5840875044837426,0,0,-0.1200174510840825,0.06483371299769543,0,-0.055183738086387074
061309,2026-02-01,Cajamarca,Santa Cruz,Sexi,1257,15.64,Muy bajo,33.6,0,4.026543770267075,248.67763819095467,0,13028.7,98973.69999999995,604737,5050,0,398,0,0.6414595452141724,0.4668341126061066,0,0,-0.10712374405076679,0.051818586499277834,0,-0.05530515755148895
120107,2026-02-01,Junín,Huancayo,Chilca,1258,15.63,Muy bajo,33.5,0,2.8967754667952197,50.63089429893892,0,197037.65,5349002.09,23921571,684686.2,0,105647,0,0.553146483342147,0.33354944683605764,0,0,-0.09237546271813855,0.0370239885988024,0,-0.05535147411933616
150501,2026-02-01,Lima,Cañete,San Vicente de Cañete,1259,15.62,Muy bajo,33.4,0,3.9101225626828073,206.8552939315503,0,696223.52,14384717.140000008,30052459,1120087.98,0,69540,0,0.6319407720782655,0.4513302442064074,0,0,-0.10553410893707034,0.05009765710691122,0,-0.05543645183015912
061102,2026-02-01,Cajamarca,San Miguel,Bolívar,1260,15.58,Muy bajo,33.4,0,4.547785034664934,398.10529465095186,0,41287.83,439110.1399999999,935816,42558.9,0,1103,0,0.6705446853516658,0.506501492639139,0,0,-0.1119809624537282,0.056221665682944434,0,-0.05575929677078376
080204,2026-02-01,Cusco,Acomayo,Mosoc Llacta,1261,15.55,Muy bajo,33.3,0,4.6861028520562105,452.9525000000003,0,30357.51,416716.3000000003,2093998,90556.6,0,920,0,0.6790058170280275,0.5173911855181612,0,0,-0.1133939714436806,0.05743042159251589,0,-0.05596354985116471
210504,2026-02-01,Puno,El Collao,Santa Rosa,1262,15.54,Muy bajo,33.3,0,4.140581291902452,260.96315629081414,0,41801.47,599432.3700000001,1090330,45146,0,2297,0,0.6483342147012163,0.47089622444703466,0,0,-0.10827181385510314,0.052269480913620846,0,-0.05600233294148229
081102,2026-02-01,Cusco,Paucartambo,Caicay,1263,15.5,Muy bajo,33.2,0,4.386054702098943,316.51189255943206,0,74607.74,1025182.0200000005,5514633,241874.82,0,3239,0,0.6610259122157589,0.48715976595703486,0,0,-0.11039132734003175,0.05407473402123087,0,-0.05631659331880088
130103,2026-02-01,La Libertad,Trujillo,Florencia de Mora,1264,15.5,Muy bajo,33.2,0,3.127164043325111,64.63326720471315,0,259717.84,4300503.699999999,6441530,158938.33000000002,0,66537,0,0.5721840296139609,0.3538427808266852,0,0,-0.09555473294553148,0.03927654867176206,0,-0.05627818427376942
050505,2026-02-01,Ayacucho,La Mar,Chungui,1265,15.47,Muy bajo,33.1,0,3.4876027783391663,110.52673833374064,0,38605.810000000005,452385.9400000004,2350325,67470,0,4093,0,0.6033844526705446,0.39867960011424103,0,0,-0.10076520359598096,0.044253435612680754,0,-0.0565117679833002
190302,2026-02-01,Pasco,Oxapampa,Chontabamba,1266,15.46,Muy bajo,33.1,0,3.861905737704918,175.97424667036634,0,135079.72999999998,1268422.3700000006,2586400,99884.33,0,7208,0,0.629825489159175,0.4377283777029833,0,0,-0.10518085668958224,0.048587849925031144,0,-0.0565930067645511
060808,2026-02-01,Cajamarca,Jaén,Pucara,1267,15.45,Muy bajo,33,0,4.032142095696396,216.59723968139036,0,234771.32,1495603.9400000004,3123754,121534.2,0,6905,0,0.641988365943945,0.45520380688628653,0,0,-0.10721205711263883,0.0505276225643778,0,-0.056684434548261026
080701,2026-02-01,Cusco,Chumbivilcas,Santo Tomas,1268,15.44,Muy bajo,33,0,5.700173728873321,1190.497033777778,0,157361.52,26786183.260000005,60125872,1901948.46,0,22500,0,0.7377049180327869,0.5989977980115416,0,0,-0.12319672131147542,0.06648875557928112,0,-0.056707965732194304
150702,2026-02-01,Lima,Huarochirí,Antioquia,1269,15.44,Muy bajo,32.9,0,4.201676395596789,253.37352406902815,0,16552.670000000002,278964.25,982465,41280,0,1101,0,0.6509783183500794,0.4684098924998924,0,0,-0.10871337916446326,0.051993498067488056,0,-0.056719881096975205
160604,2026-02-01,Loreto,Ucayali,Pampa Hermosa,1270,15.44,Muy bajo,32.9,0,0.6710570831026634,0.004975803664016592,0,0.11,28.79,1040448,6982,0,5786,0,0.34003172924378633,4.197542166991995e-4,0,0,-0.05678529878371232,4.659271805361114e-5,0,-0.056738706065658714
130111,2026-02-01,La Libertad,Trujillo,Victor Larco Herrera,1271,15.41,Muy bajo,32.8,0,2.8359073219942807,37.59863770073368,0,188910.55,3284880.1799999997,6798981,192812.8,0,87367,0,0.54627181385510315,0.3089481141317512,0,0,-0.09122739291380223,0.03429324066862439,0,-0.056934152245177845
131201,2026-02-01,La Libertad,Virú,Viru,1272,15.4,Muy bajo,32.8,0,3.398550648861747,90.76873255423571,0,326199.43000000005,5677674.989999998,9084755,308750,0,62551,0,0.5954521417239556,0.3821893020660904,0,0,-0.09944050766790058,0.042423012529336036,0,-0.05701749513856454
060401,2026-02-01,Cajamarca,Chota,Chota,1273,15.38,Muy bajo,32.7,0,4.660482303722745,391.93462925700965,0,2825475.3299999996,20841907.78,30057367,474275.47,0,53177,0,0.6779481755684823,0.5051837403258093,0,0,-0.11321734531993655,0.056075395176164826,0,-0.05714195014377172
080707,2026-02-01,Cusco,Chumbivilcas,Quiñota,1274,15.38,Muy bajo,32.7,0,5.912126928308783,1468.577077856421,0,170547.83000000002,5809690.920000002,13203863,531349.74,0,3956,0,0.7519830777366473,0.6167372951246884,0,0,-0.1255811739820201,0.06845783975884041,0,-0.05712333422317968
210105,2026-02-01,Puno,Puno,Capachica,1275,15.38,Muy bajo,32.6,0,3.937215179573708,177.29083775811213,0,62961.57,901523.9100000001,1868063,72249.66,0,5085,0,0.6335272342675833,0.4383551942439253,0,0,-0.10579904812268641,0.0486574265610757,0,-0.057141621561610706
080105,2026-02-01,Cusco,Cusco,San Sebastian,1276,15.35,Muy bajo,32.5,0,3.3208770444680082,78.20836488767186,0,857560.22,11909335.180000007,74800449,2051360.64,0,152277,0,0.5891062929666843,0.36974164614998134,0,0,-0.09838075092543627,0.04104132272264793,0,-0.05733942820278834
150402,2026-02-01,Lima,Canta,Arahuay,1277,15.35,Muy bajo,32.5,0,3.67756022912168,122.71999999999993,0,5274.74,66391.51999999996,165327,6080,0,541,0,0.6144896879957694,0.4074541678068299,0,0,-0.1026197778952935,0.04522741262655812,0,-0.05739236526873538
200115,2026-02-01,Piura,Piura,Veintiseis de Octubre,1278,15.35,Muy bajo,32.4,1,21.910834397681327,22.26722843942505,0,8716.02,4771421.71,18249044,1835806.6300000001,0,214280,0.125,0.9777895293495505,0.266141838770572,0,0.076375,-0.16329085140137495,0.029541744103533493,0,-0.057374107297841453
110303,2026-02-01,Ica,Nasca,El Ingenio,1279,15.34,Muy bajo,32.4,0,7.2633463646968845,3414.250034533794,0,652321.27,13841369.64,20835374,1350617.64,0,4054,0,0.8011634056054997,0.688052124337467,0,0,-0.13379428873611846,0.07637378580145884,0,-0.05742050293465961
020801,2026-02-01,Áncash,Casma,Casma,1280,15.33,Muy bajo,32.3,0,5.226791144202936,660.8660744615656,0,2439542.2399999998,30193649.21000001,50731831,2493526.85,0,45688,0,0.7096774193548387,0.5492795926618015,0,0,-0.11851612903225808,0.06097003478545997,0,-0.057546094246798116
050802,2026-02-01,Ayacucho,Pàucar del Sara Sara,Colta,1281,15.3,Muy bajo,32.3,0,6.295202980043628,1788.4842345276877,0,12303.65,549064.6600000001,1580648,19545,0,307,0,0.7667900581702802,0.6333933523620102,0,0,-0.1280539397144368,0.07030666211218313,0,-0.05774727760225366
110210,2026-02-01,Ica,Chincha,Sunampe,1282,15.3,Muy bajo,32.2,0,4.775846569099222,432.1549765597794,0,848127.3099999999,16131913.120000005,22138122,542965.11,0,37329,0,0.6869381279746166,0.5134251641904422,0,0,-0.11471866737176098,0.05699019322513908,0,-0.0577284741466219
250101,2026-02-01,Ucayali,Coronel Portillo,Calleria,1283,15.28,Muy bajo,32.2,0,0.7140355575097681,0.005267877526532909,0,2.98,992.2099999999999,22615532,20821.8,0,188351,0,0.34690639873083023,4.44328681467615e-4,0,0,-0.05793336858804865,4.932048364290527e-5,0,-0.05788404810440575
060204,2026-02-01,Cajamarca,Cajabamba,Sitacocha,1284,15.27,Muy bajo,32.1,0,5.1828028046540835,605.6258267821453,0,430241.3,4545221.83,9754358,313107.08,0,7505,0,0.7070333157059757,0.5419093335517333,0,0,-0.11807456372289796,0.060151936024242396,0,-0.05792262769865556
040202,2026-02-01,Arequipa,Camaná,José María Quimper,1285,15.26,Muy bajo,32.1,0,5.097341622303433,536.258884841125,0,147825.15,2649655.1499999985,3688114,60759,0,4941,0,0.7006874669487044,0.5316399688434509,0,0,-0.11701480698043365,0.05901203654162305,0,-0.0580027704388106
160703,2026-02-01,Loreto,Datem del Marañón,Manseriche,1286,15.26,Muy bajo,32,0,0.7165345653312117,4.1244648637360335e-4,0,0.32,3.9499999999999993,11369933,69879.5,0,9577,0,0.34743521946060285,3.487290627695774e-5,0,0,-0.05802168164992068,3.8708925967423095e-6,0,-0.058017810757323936
050514,2026-02-01,Ayacucho,La Mar,Ninabamba,1287,15.25,Muy bajo,32,0,3.302565839613854,68.03167013527579,0,11087.53,130756.87000000005,803012,26520,0,1922,0,0.5859333685880487,0.35811204110034556,0,0,-0.09785087255420413,0.03975043656213836,0,-0.058100435992065776
130902,2026-02-01,La Libertad,Sánchez Carrión,Chugay,1288,15.24,Muy bajo,31.9,0,4.578403885444899,324.09679126794254,0,360398.84,6502678.02,15420422,610011.8200000001,0,20064,0,0.6731887890005288,0.48915623895685,0,0,-0.11242252776308832,0.05429634252421035,0,-0.05812618523887797
230106,2026-02-01,Tacna,Tacna,Pachia,1289,15.24,Muy bajo,31.9,0,6.6722180412552925,2149.843441088898,0,373177.73,5054281.93,9385123,571117.67,0,2351,0,0.7794817556848228,0.6489483103665977,0,0,-0.1301734531993654,0.07203326245069235,0,-0.05814019074867306
200604,2026-02-01,Piura,Sullana,Lancones,1290,15.23,Muy bajo,31.8,0,3.1632915150615464,57.984804448425116,0,1641.1999999999998,776880.4099999997,3300790,97413.61,0,13398,0,0.5780010576414596,0.3448105954421054,0,0,-0.09652617662612376,0.0382739760940737,0,-0.058252200532050054
021708,2026-02-01,Áncash,Recuay,Pararin,1291,15.22,Muy bajo,31.8,0,6.563362080751893,2023.7456106870225,0,291131.47,3711549.4499999993,8191808,398908.02,0,1834,0,0.7768376520359598,0.6438390031919738,0,0,-0.12973188789000528,0.0714661293543091,0,-0.05826575853569618
021808,2026-02-01,Áncash,Santa,Santa,1292,15.21,Muy bajo,31.7,0,4.913405610640042,451.7739368455769,0,882938.11,10959132.160000004,16563244,649257.8400000001,0,24258,0,0.6932839767318879,0.5171713403615966,0,0,-0.11577842411422529,0.05740601878013723,0,-0.05837240533408806
061202,2026-02-01,Cajamarca,San Pablo,San Bernardino,1293,15.21,Muy bajo,31.6,0,5.46355658765131,810.9771502347418,0,413069.82,3454762.66,7729257,223176.94,0,4260,0,0.7260708619777896,0.5665662103637485,0,0,-0.12125383395029087,0.06288884935037609,0,-0.05836498459991478
021005,2026-02-01,Áncash,Huari,Huacachi,1294,15.2,Muy bajo,31.6,0,9.476469893399255,10789.71843061675,0,1374936.8,19594128.670000017,28504397,1780591.85,0,1816,0,0.8720253833950291,0.7853430673928948,0,0,-0.14562823902696986,0.08717308048061133,0,-0.058455158546358535
021510,2026-02-01,Áncash,Pallasca,Santa Rosa,1295,15.2,Muy bajo,31.5,0,4.349219618656459,248.13058011049728,0,22224.84,269469.81000000006,605281,20000,0,1086,0,0.6599682707562137,0.46664861424051673,0,0,-0.1102147012162877,0.05179799618069736,0,-0.058416705035590336
040706,2026-02-01,Arequipa,Islay,Punta de Bombón,1296,15.2,Muy bajo,31.5,0,5.302613180776645,654.3983090880646,0,235851.18,4183568.389999997,17616883,654274.42,0,6393,0,0.7144368059227921,0.5484491208925176,0,0,-0.11931094658910629,0.060877852419069456,0,-0.05843309417003684
210202,2026-02-01,Puno,Azángaro,Achaya,1297,15.19,Muy bajo,31.4,0,5.275558207681295,632.527737843552,0,51892.3,1495928.1000000006,2418186,111171.46,0,2365,0,0.7128503437334743,0.5455789094729973,0,0,-0.11904600740349022,0.060559258951502694,0,-0.05848674845198753
150903,2026-02-01,Lima,Oyón,Caujul,1298,15.17,Muy bajo,31.4,0,4.986180051470438,449.87783132530103,0,17695.62,186699.29999999993,589076,0,0,415,0,0.6948704389212057,0.5168164435370006,0,0,-0.11604336329984136,0.05736662523260707,0,-0.05867673806723429
021010,2026-02-01,Áncash,Huari,Paucas,1299,15.16,Muy bajo,31.3,0,8.525523873482122,6485.15019005848,0,631393.56,8871685.46,12204378,720868.99,0,1368,0,0.8450555261766262,0.7422961025900757,0,0,-0.14112427287149656,0.0823948673874984,0,-0.05872940548399816
250102,2026-02-01,Ucayali,Coronel Portillo,Campoverde,1300,15.14,Muy bajo,31.3,0,0.7829392627461937,0.011772377264432279,0,0.59,264.49,2261989,0,0,22467,0,0.3532522474881015,9.897610614627997e-4,0,0,-0.05899312533051296,1.0986347782237077e-4,0,-0.058883261852690584
090308,2026-02-01,Huancavelica,Angaraes,Huayllay Grande,1301,15.12,Muy bajo,31.2,0,3.8089122404144646,127.43809453471192,0,8356.95,86275.58999999997,573077,16628,0,677,0,0.6261237440507668,0.4106192463373873,0,0,-0.10456266525647806,0.045578736343449985,0,-0.058983928913028075
210806,2026-02-01,Puno,Melgar,Nuñoa,1302,15.1,Muy bajo,31.2,0,5.64130535521384,858.3963832853024,0,581616.39,5957270.8999999985,4607267,212810,0,6940,0,0.7340031729243787,0.5713661706959161,0,0,-0.12257852987837124,0.06342164494724668,0,-0.05915688493112456
040413,2026-02-01,Arequipa,Castilla,Uraca,1303,15.08,Muy bajo,31.1,0,5.399245262837718,669.3059570280462,0,278467.73000000004,4080758.419999998,6581894,214759.9,0,6097,0,0.7207826546800634,0.5503511661969228,0,0,-0.1203707033315706,0.06108897944785843,0,-0.05928172388371217
090502,2026-02-01,Huancavelica,Churcampa,Anco,1304,15.05,Muy bajo,31.1,0,4.765686089766406,349.1690248529691,0,101187.54,1840469.93,5014905,87994.63,0,5271,0,0.6858804865150714,0.49543910829193516,0,0,-0.11454204124801692,0.0549937410204048,0,-0.05954830022761212
160201,2026-02-01,Loreto,Alto Amazonas,Yurimaguas,1305,15.05,Muy bajo,31,0,0.8174138637187172,0.0035696256502089196,0,2.5999999999999996,418.61,16944660,138508,0,117270,0,0.35642517186673717,3.0134137829532595e-4,0,0,-0.05952300370174511,3.344889299078118e-5,0,-0.05948955480875433
160205,2026-02-01,Loreto,Alto Amazonas,Jeberos,1306,15.04,Muy bajo,31,0,0.8232312564910351,0.0227159209157128,0,0.11,109.15,11651647,91976,0,4805,0,0.358011634056055,0.0018995633883570522,0,0,-0.05978794288736119,2.108515361076328e-4,0,-0.05957709135125355
030504,2026-02-01,Apurímac,Cotabambas,Haquira,1307,15.03,Muy bajo,30.9,0,6.920878318102072,1796.1198142147325,0.3132013563245481,25969.96,16628477.239999995,57903395,2758335.4899999998,2899.6181568526663,9258,0,0.7895293495505024,0.6337534326206951,0.016808308706791477,0,-0.1318514013749339,0.07034663102089715,0.001865722266453854,-0.05963904808758289
040501,2026-02-01,Arequipa,Caylloma,Chivay,1308,15.02,Muy bajo,30.9,0,4.769319486602903,345.534784974548,0,113601.01999999999,1968511.67,2932389,139855,0,5697,0,0.686409307244844,0.4945568222277247,0,0,-0.11463035430988895,0.05489580726727744,0,-0.05973454704261151
050704,2026-02-01,Ayacucho,Parinacochas,Pacapausa,1309,15.02,Muy bajo,30.8,0,7.290048004196693,2779.8965263157897,0,286865.7,1056360.6800000002,2211265,140042.28,0,380,0,0.8032786885245902,0.6706751557940055,0,0,-0.13414754098360657,0.07444494229313461,0,-0.05970259869047195
110508,2026-02-01,Ica,Pisco,Tupac Amaru Inca,1310,15,Muy bajo,30.8,0,5.085412708492887,432.1923210123211,0,502174.39,9085114.780000001,22935135,845714.4299999999,0,21021,0,0.6996298254891592,0.5134324549730471,0,0,-0.1168381808566896,0.05699100250200823,0,-0.05984717835468136
130907,2026-02-01,La Libertad,Sánchez Carrión,Sarin,1311,14.99,Muy bajo,30.7,0,17.899245592719463,363.56546179598286,790.8985746659155,188377.5,3692370.830000002,6036262,938054.87,8032365.924307037,10156,0,0.9640401903754627,0.49884639831362926,0.41173994973549255,0,-0.16099471179270228,0.05537195021281285,0.045703134420639675,-0.05991962715924975
150119,2026-02-01,Lima,Lima,Lurin,1312,14.99,Muy bajo,30.6,0,1.8502756910779707,6.43372757637475,0,17189.67,789740.0600000005,1999702,0,0,122750,0,0.47170809095716554,0.16964729795425232,0,0,-0.07877525118984664,0.01883085007292201,0,-0.05994440111692463
120607,2026-02-01,Junín,Satipo,Río Negro,1313,14.98,Muy bajo,30.6,0,4.472928087495494,234.61727405208472,0,314510.15,8693743.09,24982498,1117449.17,0,37055,0,0.666314119513485,0.46193234779585085,0,0,-0.11127445795875199,0.051274490605339444,0,-0.059999967353412544
021408,2026-02-01,Áncash,Ocros,San Cristóbal de Rajan,1314,14.97,Muy bajo,30.5,0,6.4164705389982215,1541.8617793594312,0,35234.34,433263.16000000015,812396,31279.6,0,281,0,0.772607086197779,0.6208527785358028,0,0,-0.1290253833950291,0.06891465841747411,0,-0.06011072497755497
040513,2026-02-01,Arequipa,Caylloma,Madrigal,1315,14.96,Muy bajo,30.5,0,5.90066728982901,1056.2497962382447,0,90382.08,673887.3700000001,1264518,71485,0,638,0,0.7514542570068746,0.588888486000471,0,0,-0.12549286092014808,0.06536662194605228,0,-0.0601262389740958
020501,2026-02-01,Áncash,Bolognesi,Chiquian,1316,14.94,Muy bajo,30.4,0,5.429217500317813,631.321314794816,0,161775.35,2338414.1499999985,3295963,158372.5,0,3704,0,0.7234267583289264,0.545417712117534,0,0,-0.12081226864093073,0.06054136604504627,0,-0.060270902595884454
020402,2026-02-01,Áncash,Asunción,Acochaca,1317,14.92,Muy bajo,30.4,0,5.391321172926177,580.9562609736635,0,119092.76,1455876.3900000006,2467845,133049.45,0,2506,0,0.7197250132205183,0.5383983016476037,0,0,-0.12019407720782656,0.05976221148288401,0,-0.060431865724942545
060602,2026-02-01,Cajamarca,Cutervo,Callayuc,1318,14.92,Muy bajo,30.3,0,4.893323525051729,343.1258821635545,0,500642.14999999997,3197246.9700000007,8236577,264425.42,0,9318,0,0.6901110523532522,0.49396689778363373,0,0,-0.11524854574299312,0.054830325653983346,0,-0.06041822008900977
100112,2026-02-01,Huánuco,Huánuco,Yacus,1319,14.92,Muy bajo,30.3,0,1.64465569133102,3.1614128187456902,0,2609.83,13761.62999999999,304015,5000,0,4353,0,0.4420941300898995,0.12058279127955732,0,0,-0.07382971972501322,0.013384689832030863,0,-0.06044502989298235
210402,2026-02-01,Puno,Chucuito,Desaguadero,1320,14.91,Muy bajo,30.2,0,4.648465432355593,270.96525351360975,0,311388.07,3046191.380000001,5047350,234624.32,0,11242,0,0.6774193548387096,0.4740650543497527,0,0,-0.11312903225806452,0.05262122103282255,0,-0.060507811225241966
110403,2026-02-01,Ica,Palpa,Río Grande,1321,14.9,Muy bajo,30.2,0,5.176279215734246,452.35773225806446,0,62467.14,1402308.9699999997,1373361,71089,0,3100,0,0.706504494976203,0.5172803110024936,0,0,-0.11798625066102592,0.05741811452127679,0,-0.060568136139749124
250201,2026-02-01,Ucayali,Atalaya,Raymondi,1322,14.88,Muy bajo,30.1,0,0.8697286687401906,0.0018867298158640232,0,0.39,85.25000000000003,43679265,379891.09,0,45184,0,0.3638286620835537,1.5940811151659426e-4,0,0,-0.06075938656795347,1.7694300378341965e-5,0,-0.06074169226757513
060312,2026-02-01,Cajamarca,Celendín,La Libertad de Pallan,1323,14.87,Muy bajo,30.1,0,5.519482207394658,665.827967660114,0,763640.29,4200042.819999999,8825155,289692.96,0,6308,0,0.7297726070861977,0.5499112252368316,0,0,-0.12187202538339503,0.061040146001288306,0,-0.06083187938210673
090702,2026-02-01,Huancavelica,Tayacaja,Acostambo,1324,14.87,Muy bajo,30,0,3.399199340468938,60.878487394957986,0,12372.85,166624.42,2146980,72980.13,0,2737,0,0.5959809624537282,0.3488608246732548,0,0,-0.09952882072977262,0.038723551538731284,0,-0.06080526919104134
120423,2026-02-01,Junín,Jauja,Paccha,1325,14.85,Muy bajo,30,0,3.6834917120717665,84.434837861525,0,3654.66,96340.15000000002,347795,0,0,1141,0,0.6150185087255421,0.3761411388644251,0,0,-0.10270809095716553,0.041751666413951186,0,-0.060956424543214344
060112,2026-02-01,Cajamarca,Cajamarca,San Juan,1326,14.83,Muy bajo,29.9,0,4.855954206428852,312.6199610538374,0,249250.04,1364586.1300000004,3080083,149567.41999999998,0,4365,0,0.6890534108937071,0.48611675067906795,0,0,-0.11507191961924909,0.053958959325376546,0,-0.061112960293872545
160402,2026-02-01,Loreto,Mariscal Ramón Castilla,Pebas,1327,14.81,Muy bajo,29.9,0,0.8989408678694762,0.004659053017672558,0,0.22,55.89,5005891,45000,0,11996,0,0.36700158646218933,3.930954266267934e-4,0,0,-0.06128926493918562,4.363359235557407e-5,0,-0.061245631346830046
021006,2026-02-01,Áncash,Huari,Huacchis,1328,14.8,Muy bajo,29.8,0,8.63484863018321,5235.059982964226,0,433942.94,6145960.420000002,11957767,1002535.08,0,1174,0,0.8482284505552617,0.7241899380162965,0,0,-0.14165415124272873,0.08038508311980891,0,-0.06126906812291982
090503,2026-02-01,Huancavelica,Churcampa,Chinchihuasi,1329,14.8,Muy bajo,29.7,0,4.899740551291583,317.74904538341156,0,22784.15,406083.27999999997,1218738,2000,0,1278,0,0.6911686938127974,0.487488639330415,0,0,-0.11542517186673718,0.054111238965676066,0,-0.06131393290106111
200702,2026-02-01,Piura,Talara,El Alto,1330,14.78,Muy bajo,29.7,0,2.8293715191765823,22.42575109993715,0,280.65,214076.22000000003,21668903,75534.84999999999,0,9546,0,0.5452141723955579,0.26671606299481615,0,0,-0.09105076679005818,0.029605482992424593,0,-0.06144528379763359
081211,2026-02-01,Cusco,Quispicanchi,Oropesa,1331,14.77,Muy bajo,29.6,0,4.076652399148275,134.17185662867425,0,129299.11,1789315.88,11282504,419367.16,0,13336,0,0.6441036488630354,0.41494070668530403,0,0,-0.10756530936012691,0.046058418442068746,0,-0.061506890918058166
130205,2026-02-01,La Libertad,Ascope,Paijan,1332,14.76,Muy bajo,29.6,0,3.7126125132386423,83.29507468402915,0,150511.37000000002,2609801.280000001,8621541,201840.41999999998,0,31332,0,0.6181914331041777,0.37500533631558897,0,0,-0.10323796932839768,0.04162559233103037,0,-0.06161237699736731
090208,2026-02-01,Huancavelica,Acobamba,Rosario,1333,14.74,Muy bajo,29.5,0,3.6669971939482133,75.34257106274009,0,21969.1,294212.74000000005,5927902,159376,0,3905,0,0.6134320465362242,0.3666251863129606,0,0,-0.10244315177154945,0.04069539568073863,0,-0.06174775609081082
120133,2026-02-01,Junín,Huancayo,Sapallanga,1334,14.74,Muy bajo,29.5,0,3.4518112463185218,59.28613000987504,0,64909.47,1741055.7800000003,3771243,130176.19,0,29367,0,0.600211528291909,0.34665607249338815,0,0,-0.10023532522474882,0.038478824046766086,0,-0.06175650117798273
050503,2026-02-01,Ayacucho,La Mar,Ayna,1335,14.72,Muy bajo,29.4,0,4.0523059177424585,127.06235738689311,0,103823.84,1227295.3100000005,4178705,169333.91,0,9659,0,0.6430460074034903,0.4103714833740703,0,0,-0.10738868323638288,0.04555123465452181,0,-0.061837448581861076
080304,2026-02-01,Cusco,Anta,Chinchaypujio,1336,14.68,Muy bajo,29.4,0,5.117371936093734,351.9923539153063,0,108382.16,1487871.6799999997,8934836,390159.16,0,4227,0,0.7017451084082496,0.49611823201235683,0,0,-0.11719143310417768,0.055069123753371606,0,-0.06212230935080607
040103,2026-02-01,Arequipa,Arequipa,Cayma,1337,14.66,Muy bajo,29.3,0,5.05588485912444,322.64899082258967,0,1956496.86,38215514.41999999,42199158,1777540.8399999999,0,118443,0,0.6980433632998414,0.4887787754626065,0,0,-0.11657324167107352,0.05425444407634932,0,-0.0623187975947242
120302,2026-02-01,Junín,Chanchamayo,Perene,1338,14.65,Muy bajo,29.3,0,4.209370385421489,141.22537505315844,0,312523.14999999997,8634236.98,19508824,433820.8,0,61138,0,0.6520359598096246,0.4192423795883819,0,0,-0.10889000528820732,0.04653590413431039,0,-0.062354101153896925
022004,2026-02-01,Áncash,Yungay,Matacoto,1339,14.64,Muy bajo,29.2,0,5.67089722012777,626.3061277955271,0,79511.59,980169.0899999999,2777178,156407.91,0,1565,0,0.736118455843469,0.5447442899807577,0,0,-0.12293178212585934,0.060466616187864114,0,-0.062465165937995226
110110,2026-02-01,Ica,Ica,San Juan Bautista,1340,14.64,Muy bajo,29.2,0,4.995933097319558,306.8497863198237,0,286619.11000000004,5284567.020000003,6920500,164135.53,0,17222,0,0.6959280803807509,0.48454631002716136,0,0,-0.11621998942358541,0.053784640413014916,0,-0.0624353490105705
030411,2026-02-01,Apurímac,Aymaraes,San Juan de Chacña,1341,14.63,Muy bajo,29.1,0,5.367383548291438,452.2258852459016,0,9202.44,275857.79,752007,40363.1,0,610,0,0.7181385510312004,0.5172557128491228,0,0,-0.11992913802221047,0.057415384126252626,0,-0.06251375389595784
040811,2026-02-01,Arequipa,La Uniòn,Toro,1342,14.61,Muy bajo,29.1,0,6.129916609744991,938.8510319410323,0,22117.07,382112.3700000001,702720,31192.15,0,407,0,0.7599153886832364,0.5789343260645256,0,0,-0.12690586991010047,0.06426171019316233,0,-0.06264415971693814
060417,2026-02-01,Cajamarca,Chota,Tacabamba,1343,14.61,Muy bajo,29,0,4.7646791099776795,247.31668512199835,0,605115.47,3841570.0700000003,14499142,490470,0,15533,0,0.6853516657852988,0.4663718807056897,0,0,-0.11445372818614491,0.05176727875833156,0,-0.06268644942781335
090408,2026-02-01,Huancavelica,Castrovirreyna,Huamatambo,1344,14.61,Muy bajo,29,0,4.249145072118273,143.4823947368421,0,1949.5,54523.31,374593,15917,0,380,0,0.6546800634584876,0.4205738911197355,0,0,-0.10933157059756744,0.04668370191429064,0,-0.0626478686832768
120134,2026-02-01,Junín,Huancayo,Sicaya,1345,14.59,Muy bajo,28.9,0,3.663004116883559,66.84984796827165,0,69822.61,1921532.0300000003,5165072,154196.8,0,28744,0,0.6129032258064516,0.3566516869593457,0,0,-0.10235483870967743,0.03958833725248737,0,-0.06276650145719007
120205,2026-02-01,Junín,Concepción,Cochas,1346,14.59,Muy bajo,28.8,0,4.135643576681609,123.80339246119738,0,8249.29,223341.32000000007,722983,29900,0,1804,0,0.6472765732416711,0.40819149688787926,0,0,-0.10809518773135908,0.0453092561545546,0,-0.06278593157680448
080402,2026-02-01,Cusco,Calca,Coya,1347,14.58,Muy bajo,28.8,0,4.6921671983026725,218.0921822742475,0,58128.280000000006,782514.75,4982419,218935.76,0,3588,0,0.6795346377578001,0.45578282695495353,0,0,-0.11348228450555262,0.05059189379199984,0,-0.06289039071355278
080907,2026-02-01,Cusco,La Convención,Kimbiri,1348,14.55,Muy bajo,28.7,0,5.2874660603203045,393.78505927763996,0,415955.98000000004,5713033.640000001,116793972,4043748.19,0,14508,0,0.7139079851930196,0.5055810616189398,0,0,-0.11922263352723428,0.05611949783970232,0,-0.06310313568753195
150716,2026-02-01,Lima,Huarochirí,San Antonio,1349,14.48,Muy bajo,28.7,0,5.936199149652867,741.8781813765181,0,267988.26,4581097.77,14950365,575730.98,0,6175,0,0.7525118984664199,0.5590446523665802,0,0,-0.12566948704389214,0.0620539564126904,0,-0.06361553063120173
131007,2026-02-01,La Libertad,Santiago de Chuco,Santa Cruz de Chuca,1350,14.47,Muy bajo,28.6,0,5.811229219982186,642.7206912751677,0,30057.370000000003,1915307.6599999997,2637209,7303.719999999999,0,2980,0,0.7445795875198308,0.5469287235685615,0,0,-0.12434479111581175,0.06070908831611033,0,-0.06363570279970142
160303,2026-02-01,Loreto,Loreto,Tigre,1351,14.46,Muy bajo,28.6,1,8.24436995840863,0.004561380742278745,0,0.14,35.150000000000006,12442004,990764.8400000001,0,7706,0.125,0.8392384981491274,3.8487330691689754e-4,0,0.076375,-0.1401528291909043,4.272093706777563e-5,0,-0.06373510825383652
040107,2026-02-01,Arequipa,Arequipa,Jacobo Hunter,1352,14.45,Muy bajo,28.5,0,5.342525608646648,380.53508462598467,0,1099132.3299999998,21539046.859999985,33070666,1643973.99,0,56602,0,0.71602326811211,0.5026939973989917,0,0,-0.11957588577472238,0.055799033711288075,0,-0.06377685206343431
130906,2026-02-01,La Libertad,Sánchez Carrión,Sanagoran,1353,14.45,Muy bajo,28.5,0,5.6195268027966625,508.8337199124724,0,490650.19,7906258.339999996,13584907,87699.33,0,15538,0,0.7324167107350608,0.5272089502632926,0,0,-0.12231359069275516,0.058520193479225484,0,-0.06379339721352967
110111,2026-02-01,Ica,Ica,Santiago,1354,14.42,Muy bajo,28.4,0,5.17125663013093,310.20978967878744,0,589038.77,10826011.450000003,24949545,1223475.03,0,34899,0,0.7059756742464305,0.48546432889354174,0,0,-0.1178979375991539,0.05388654050718313,0,-0.06401139709197076
220901,2026-02-01,San Martín,San Martín,Tarapoto,1355,14.41,Muy bajo,28.4,0,1.625137534067626,1.7523650076100052,0,4708.07,154281.7200000001,1286045,20900,0,88042,0,0.4405076679005817,0.08562255606800016,0,0,-0.07356478053939715,0.009504103723548018,0,-0.06406067681584914
060606,2026-02-01,Cajamarca,Cutervo,Pimpingos,1356,14.4,Muy bajo,28.3,0,5.405211366192849,402.8619503395585,0,298236.91,1898285.5099999998,5507385,128445.63,0,4712,0,0.7213114754098361,0.5075034495447229,0,0,-0.12045901639344263,0.05633288289946425,0,-0.06412613349397839
090608,2026-02-01,Huancavelica,Huaytará,Querco,1357,14.4,Muy bajo,28.3,0,4.9902218423623115,252.6392996389892,0,15060.8,349905.43000000005,2129440,106263.78,0,1385,0,0.6953992596509783,0.4681654399711359,0,0,-0.11613167636171337,0.051966363836796085,0,-0.06416531252491728
050105,2026-02-01,Ayacucho,Huamanga,Chiara,1358,14.39,Muy bajo,28.2,0,3.9923537063570977,91.63187298018822,0,55816.22,652144.0399999996,3393278,135471.66,0,7117,0,0.639344262295082,0.3829810051978345,0,0,-0.1067704918032787,0.04251089157695963,0,-0.06425960022631907
040108,2026-02-01,Arequipa,Arequipa,La Joya,1359,14.36,Muy bajo,28.2,0,12.477042285980739,1069.8040316230636,33.957589304449556,2655159.91,50541821.67000002,74562868,5721299.31,1604292.349099415,47244,0,0.9238498149127445,0.5899657902268496,0.21925151391802883,0,-0.15428291909042835,0.06548620271518031,0.0243369180449012,-0.06445979833034685
080901,2026-02-01,Cusco,La Convención,Santa Ana,1360,14.36,Muy bajo,28.1,0,5.485069736016538,427.1482584465343,0,831128.71,12263426.5,53180339,2916112.98,0,28710,0,0.7265996827075621,0.5124419638275084,0,0,-0.12134214701216288,0.056881057984853434,0,-0.06446108902730945
090307,2026-02-01,Huancavelica,Angaraes,Huanca-Huanca,1361,14.36,Muy bajo,28.1,0,4.076746104329368,98.5015917266187,0,10619.880000000001,109533.76999999999,735881,30000,0,1112,0,0.6446324695928081,0.3890310862238254,0,0,-0.10765362242199895,0.04318245057084462,0,-0.06447117185115434
021012,2026-02-01,Áncash,Huari,Rahuapampa,1362,14.3,Muy bajo,28,0,10.100786277417763,6495.00407170295,0,358444.39999999997,5072598.180000003,8541133,862721.5900000001,0,781,0,0.8820729772607087,0.7424244835846757,0,0,-0.14730618720253835,0.082409117677899,0,-0.06489706952463935
061110,2026-02-01,Cajamarca,San Miguel,San Gregorio,1363,14.29,Muy bajo,27.9,0,6.527262459046962,962.6410412757973,0,124921.06999999999,2052350.7,4123931,85980.5,0,2132,0,0.775251189846642,0.5810483321358151,0,0,-0.1294669487043892,0.06449636486707548,0,-0.06497058383731373
040503,2026-02-01,Arequipa,Caylloma,Cabanaconde,1364,14.28,Muy bajo,27.9,0,6.313679208936904,849.8800000000006,0,97000.34999999999,1677663.120000001,2400921,151586.45,0,1974,0,0.7683765203595981,0.5705239370902276,0,0,-0.1283188789000529,0.06332815701701527,0,-0.06499072188303762
090711,2026-02-01,Huancavelica,Tayacaja,Pazos,1365,14.27,Muy bajo,27.8,0,3.584275282515339,47.980058794708484,0,14777.8,195854.60000000003,2881171,103269.1,0,4082,0,0.6086726599682708,0.329092082687183,0,0,-0.10164833421470124,0.03652922117827731,0,-0.06511911303642393
150205,2026-02-01,Lima,Barranca,Supe Puerto,1366,14.25,Muy bajo,27.8,0,3.8789018743187382,70.83804848237926,0,81812.04,1043231.9399999995,4510012,174938.94,0,14727,0,0.6308831306187203,0.36148201171468114,0,0,-0.10535748281332628,0.04012450330032961,0,-0.06523297951299667
060805,2026-02-01,Cajamarca,Jaén,Huabal,1367,14.24,Muy bajo,27.7,0,5.349737351934043,329.3648891829308,0,467298.56,2987010.1799999997,6682326,205080.67,0,9069,0,0.7170809095716552,0.49051566616928477,0,0,-0.11975251189846642,0.05444723894479061,0,-0.0653052729536758
130805,2026-02-01,La Libertad,Pataz,Huaylillas,1368,14.22,Muy bajo,27.7,0,7.633028730469831,1875.9779609544455,0,170054.36,1729651.6799999988,2294463,175137.02,0,922,0,0.8154415653093601,0.6374302918184019,0,0,-0.13617874140666314,0.07075476239184261,0,-0.06542397901482053
160702,2026-02-01,Loreto,Datem del Marañón,Cahuapanas,1369,14.22,Muy bajo,27.6,0,1.1756265659489227,0.006631309436722751,0,0.26,54.39,10462506,81000,0,8202,0,0.39238498149127443,5.58950523043703e-4,0,0,-0.06552829190904283,6.204350805785103e-5,0,-0.06546624840098497
080309,2026-02-01,Cusco,Anta,Zurite,1370,14.18,Muy bajo,27.6,0,4.800378938188275,185.42466436720616,0,50680.68,698865.56,3848121,134165.22,0,3769,0,0.6874669487043892,0.4421278986626063,0,0,-0.114806980433633,0.049076196751549304,0,-0.06573078368208368
110204,2026-02-01,Ica,Chincha,Chincha Baja,1371,14.18,Muy bajo,27.5,0,5.462851236557625,366.9210459979209,0,301669.93000000005,5647648.739999998,10012554,546970.9299999999,0,15392,0,0.7255420412480169,0.49962123758839605,0,0,-0.12116552088841884,0.05545795737231196,0,-0.06570756351610688
210704,2026-02-01,Puno,Lampa,Nicasio,1372,14.18,Muy bajo,27.5,0,5.049422314157063,219.58117732558142,0,27975.019999999997,453215.55000000005,984272,49700.05,0,2064,0,0.6969857218402962,0.4563556293682594,0,0,-0.11639661554732947,0.050655474859876794,0,-0.06574114068745268
220501,2026-02-01,San Martín,Lamas,Lamas,1373,14.17,Muy bajo,27.4,0,1.454152043136343,0.6320672809350073,0,456.5,10221.160000000003,1410968,20517.62,0,16171,0,0.42147012162876785,0.04142580536543733,0,0,-0.07038551031200424,0.004598264395563543,0,-0.0657872459164407
200205,2026-02-01,Piura,Ayabaca,Montero,1374,14.14,Muy bajo,27.4,0,3.2407395449391334,27.70492935635793,0,470.93,176480.40000000002,1935785,62733.75,0,6370,0,0.5838180856689582,0.28390322800452156,0,0,-0.09749762030671602,0.03151325830850189,0,-0.06598436199821413
200209,2026-02-01,Piura,Ayabaca,Sicchez,1375,14.14,Muy bajo,27.3,0,2.764310212923246,12.497963354474983,0,6.82,17734.61,232666,6431.61,0,1419,0,0.5415124272871497,0.22009353987501667,0,0,-0.090432575356954,0.024430382926126853,0,-0.06600219243082714
040704,2026-02-01,Arequipa,Islay,Islay,1376,14.08,Muy bajo,27.3,0,6.213887005204251,667.7318587360598,0,9038.92,3592397.4000000022,16665033,751757.29,0,5380,0,0.7636171337916446,0.5501523374012658,0,0,-0.12752406134320465,0.0610669094515405,0,-0.06645715189166415
020305,2026-02-01,Áncash,Antonio Raymondi,Mirgas,1377,14.07,Muy bajo,27.2,0,6.991302133508416,1093.7962686973074,0,327446.8,4021888.879999999,5866956,410176.62,0,3677,0,0.7916446324695928,0.591839706949363,0,0,-0.132204653622422,0.0656942074713793,0,-0.06651044615104271
160505,2026-02-01,Loreto,Requena,Maquia,1378,14.07,Muy bajo,27.2,0,1.2425129264888797,0.004774988692899141,0,0.17,42.230000000000004,28503293,274307,0,8844,0,0.3987308302485457,4.028539345074196e-4,0,0,-0.06658804865150714,4.471678673032357e-5,0,-0.06654333186477682
040204,2026-02-01,Arequipa,Camaná,Mariscal Cáceres,1379,14.06,Muy bajo,27.1,0,6.161345941462288,644.8306795827123,0,240003.79,4326813.859999999,6147251,286650.6,0,6710,0,0.7625594923320994,0.5472054698952146,0,0,-0.1273474352194606,0.06073980715836882,0,-0.06660762806109177
090405,2026-02-01,Huancavelica,Castrovirreyna,Chupamarca,1380,14.05,Muy bajo,27,0,4.514922104063703,118.25289637952564,0,3532.4100000000003,94720.57000000004,744198,0,0,801,0,0.6679005817028028,0.40434419055715615,0,0,-0.11153939714436807,0.04488220515184433,0,-0.06665719199252373
160601,2026-02-01,Loreto,Ucayali,Contamana,1381,14.05,Muy bajo,27,0,1.2440644767599482,0.0037256983610908373,0,0.32,112.30000000000001,4529508,42350,0,30142,0,0.39925965097831834,3.1449228746193217e-4,0,0,-0.06667636171337916,3.490864390827447e-5,0,-0.06664145306947089
080102,2026-02-01,Cusco,Cusco,Ccorca,1382,14.04,Muy bajo,26.9,0,5.151805781552713,225.29623500206867,0,39752.68,544541,3198172,0,0,2417,0,0.7043892120571127,0.4585188258559726,0,0,-0.11763299841353783,0.05089558967001296,0,-0.06673740874352488
080107,2026-02-01,Cusco,Cusco,Saylla,1383,14.04,Muy bajo,26.9,0,4.869564330965572,172.93237610319062,0,129445.48,1783105.7299999986,9956939,371799.96,0,10311,0,0.6895822316234796,0.4362621543891077,0,0,-0.1151602326811211,0.04842509913719095,0,-0.06673513354393015
060504,2026-02-01,Cajamarca,Contumazá,Guzmango,1384,14.01,Muy bajo,26.8,0,5.248005956895911,252.08691402069215,0,100183.98,706599.6200000001,1654553,54950,0,2803,0,0.7117927022739291,0.46798106191171873,0,0,-0.11886938127974617,0.05194589787220078,0,-0.06692348340754539
150606,2026-02-01,Lima,Huaral,Ihuari,1385,14,Muy bajo,26.8,0,5.709190733742274,411.7085062466053,0,56722.21,757955.3600000003,3363170,145429.79,0,1841,0,0.7398202009518773,0.5093359227441248,0,0,-0.12354997355896351,0.05653628742459785,0,-0.06701368613436566
250304,2026-02-01,Ucayali,Padre Abad,Neshuya,1386,14,Muy bajo,26.7,0,1.2582544732079526,0.0016807519153305428,0,0.09,21.28,2288123,28790.41,0,12661,0,0.4013749338974088,1.4201982728472497e-4,0,0,-0.06702961396086728,1.5764200828604472e-5,0,-0.06701384976003867
060408,2026-02-01,Cajamarca,Chota,Conchan,1387,13.99,Muy bajo,26.7,0,5.163397249296889,218.47157578965943,0,185313.5,1238078.42,2435959,125778.24,0,5667,0,0.7049180327868853,0.45592914481762714,0,0,-0.11772131147540985,0.050608135074756616,0,-0.06711317640065323
030612,2026-02-01,Apurímac,Chincheros,Ahuayro,1388,13.98,Muy bajo,26.6,0,5.646003676937431,371.92190049751247,0,3087.31,373781.51,1449032,81812.4,0,1005,0,0.7350608143839239,0.5007629710810406,0,0,-0.1227551560021153,0.055584689789995506,0,-0.06717046621211979
150304,2026-02-01,Lima,Cajatambo,Huancapon,1389,13.97,Muy bajo,26.6,0,5.050071404789486,189.7024679860303,0,13281.67,162954.42000000004,726842,36706.04,0,859,0,0.6975145425700687,0.44404653103764363,0,0,-0.11648492860920148,0.049289164945178446,0,-0.06719576366402304
021009,2026-02-01,Áncash,Huari,Masin,1390,13.91,Muy bajo,26.5,0,10.961784433994072,6603.588493506494,0,538106.25,7627144.710000001,8838388,314206.97,0,1155,0,0.8995240613432046,0.7438264144741845,0,0,-0.15022051824431518,0.08256473200663449,0,-0.06765578623768069
051101,2026-02-01,Ayacucho,Vilcas Huamán,Vilcas Huaman,1391,13.91,Muy bajo,26.5,0,4.164785219633445,75.3906701114161,0,39714.28,466894.4199999999,1658741,41083,0,6193,0,0.6488630354309889,0.3666784514451742,0,0,-0.10836012691697515,0.040701308110414336,0,-0.06765881880656081
150612,2026-02-01,Lima,Huaral,Veintisiete de Noviembre,1392,13.91,Muy bajo,26.4,0,5.229339751951436,226.4370674486803,0,5859.04,77215.03999999998,1297891,67871.13,0,341,0,0.7102062400846113,0.4589440933615849,0,0,-0.1186044420941301,0.05094279436313593,0,-0.06766164773099417
050911,2026-02-01,Ayacucho,Sucre,Soras,1393,13.9,Muy bajo,26.4,0,4.3195305414267064,87.7842577319588,0,6315.37,85150.73000000004,627361,27099.050000000003,0,970,0,0.6578529878371232,0.37939326535801554,0,0,-0.10986144896879958,0.042112652454739725,0,-0.06774879651405985
060412,2026-02-01,Cajamarca,Chota,Miracosta,1394,13.9,Muy bajo,26.3,0,5.4390183882491705,287.87950809061476,0,140057.98,889547.6799999997,2946175,139743,0,3090,0,0.7239555790586991,0.4791675423522552,0,0,-0.12090058170280275,0.053187597201100334,0,-0.06771298450170242
080502,2026-02-01,Cusco,Canas,Checca,1395,13.9,Muy bajo,26.3,0,5.504072851061229,311.03517777777796,0,122756.55,1679589.960000001,18324510,660893.13,0,5400,0,0.7281861448968799,0.48568832463020956,0,0,-0.12160708619777896,0.05391140403395326,0,-0.06769568216382571
060414,2026-02-01,Cajamarca,Chota,Pion,1396,13.89,Muy bajo,26.2,0,5.42218221016193,279.15564030131833,0,46507.36,296463.29000000004,588156,22515.89,0,1062,0,0.7228979375991539,0.4765742941384313,0,0,-0.12072395557905871,0.05289974664936587,0,-0.06782420892969285
120806,2026-02-01,Junín,Yauli,Paccha,1397,13.86,Muy bajo,26.2,0,9.17135650461577,3574.1646416831045,0,159220.56999999998,5436304.420000002,11642371,1067763.35,0,1521,0,0.8672659968270756,0.6919220359739768,0,0,-0.14483342147012163,0.07680334599311144,0,-0.06803007547701019
021013,2026-02-01,Áncash,Huari,Rapayan,1398,13.84,Muy bajo,26.1,0,11.692883869530087,7341.159115898956,0,695100.73,9881200.169999994,14629580,1592181.66,0,1346,0,0.9085140137493389,0.7527795697110684,0,0,-0.1517218402961396,0.0835585322379286,0,-0.06816330805821101
050301,2026-02-01,Ayacucho,Huanca Sancos,Sancos,1399,13.84,Muy bajo,26,0,4.004308829192875,61.307077521894286,0,15960.07,189009.7200000001,895835,35872,0,3083,0,0.6404019037546271,0.3494445557912917,0,0,-0.10694711792702273,0.038788345692833376,0,-0.06815877223418935
050501,2026-02-01,Ayacucho,La Mar,San Miguel,1400,13.83,Muy bajo,26,0,4.262815523929757,79.53835819114664,0,56458.89,666610.98,6790729,289476.25,0,8381,0,0.6552088841882602,0.3711498567442951,0,0,-0.10941988365943946,0.04119763409861676,0,-0.0682222495608227
050507,2026-02-01,Ayacucho,La Mar,Santa Rosa,1401,13.82,Muy bajo,25.9,0,4.696446248917596,122.97106834310395,0,135507.78,1594196.9299999997,5483164,223247.19,0,12964,0,0.6800634584875727,0.40762561162697747,0,0,-0.11357059756742464,0.0452464428905945,0,-0.06832415467683015
080706,2026-02-01,Cusco,Chumbivilcas,Llusco,1402,13.82,Muy bajo,25.9,0,7.788710195199233,1542.5941361658563,0,169159.7,6026915.290000001,12285704,697840.77,0,3907,0,0.8217874140666314,0.6208929116377588,0,0,-0.13723849814912745,0.06891911319179123,0,-0.06831938495733622
150140,2026-02-01,Lima,Lima,Santiago de Surco,1403,13.77,Muy bajo,25.8,0,1.5097966308038693,0.3499878913839062,0,4969.040000000001,154925.6399999999,1363530,20586.53,0,442660,0,0.42781597038603913,0.02537872161260925,0,0,-0.07144526705446853,0.002817038098999627,0,-0.06862822895546891
150709,2026-02-01,Lima,Huarochirí,Huarochiri,1404,13.72,Muy bajo,25.8,0,12.257165037890843,472.39298701298713,50.05822601329464,18472,509239.64000000013,750973,72408,53962.76764233162,1078,0,0.920676890534109,0.5209374350065266,0.2426212713868914,0,-0.1537530407191962,0.05782405528572445,0.026930961123944948,-0.06899802430952681
151032,2026-02-01,Lima,Yauyos,Viñac,1405,13.72,Muy bajo,25.7,0,5.241070644713608,199.3796185632553,0,52015.53,313624.1400000006,1719973,52920,0,1573,0,0.7112638815441565,0.4482326186479414,0,0,-0.11878106821787415,0.0497538206699215,0,-0.06902724754795266
060106,2026-02-01,Cajamarca,Cajamarca,Jesús,1406,13.68,Muy bajo,25.7,0,5.837569971135747,357.61347346698113,0,1093973.31,6065124.51,14021496,443368.58999999997,0,16960,0,0.745637228979376,0.4974543119282845,0,0,-0.1245214172395558,0.055217428624039576,0,-0.06930398861551623
110205,2026-02-01,Ica,Chincha,El Carmen,1407,13.66,Muy bajo,25.6,0,5.839436281989428,359.7777693464589,0,274533.88,5262829.210000001,5888547,343857.95,0,14628,0,0.7466948704389212,0.4979631655528675,0,0,-0.12469804336329986,0.05527391137636829,0,-0.06942413198693156
020202,2026-02-01,Áncash,Aija,Coris,1408,13.6,Muy bajo,25.6,0,8.969710425150346,2629.0887604562727,0,226938.57,3457251.719999999,10488031,453239.5,0,1315,0,0.8609201480698043,0.665959957983607,0,0,-0.14377366472765732,0.07392155533618038,0,-0.06985210939147694
200703,2026-02-01,Piura,Talara,La Brea,1409,13.59,Muy bajo,25.5,0,3.2124098402098844,17.1595489001189,0,389.81,230898.8899999999,11139112,79466.66,0,13456,0,0.5817028027498677,0.245181522305146,0,0,-0.09714436805922792,0.027215148975871208,0,-0.06992921908335671
020506,2026-02-01,Áncash,Bolognesi,Canis,1410,13.58,Muy bajo,25.5,0,7.1594568374083165,843.0742131979702,0,11802.619999999999,166085.6200000001,316443,22655.6,0,197,0,0.7979904812268641,0.5698447916647713,0,0,-0.13326441036488632,0.06325277187478962,0,-0.0700116384900967
081204,2026-02-01,Cusco,Quispicanchi,Ccarhuayo,1411,13.58,Muy bajo,25.4,0,5.85788337930608,348.1027510102579,0,81867.89,1119846.5499999998,6452011,222057,0,3217,0,0.748281332628239,0.49518120126872855,0,0,-0.12496298254891593,0.05496511334082887,0,-0.06999786920808707
120136,2026-02-01,Junín,Huancayo,Viques,1412,13.55,Muy bajo,25.4,0,4.281197290982148,65.21676908150064,0,7227.34,201650.25,581613,24900,0,3092,0,0.6562665256478054,0.3545913034227059,0,0,-0.10959650978318351,0.039359634679920354,0,-0.07023687510326315
130807,2026-02-01,La Libertad,Pataz,Ongon,1413,13.55,Muy bajo,25.3,0,8.391672860143101,1787.352764612954,0,155119.09,2262788.5999999996,3861590,278516,0,1266,0,0.8413537810682179,0.6333398635994691,0,0,-0.1405060814383924,0.07030072485954107,0,-0.07020535657885134
150505,2026-02-01,Lima,Cañete,Chilca,1414,13.53,Muy bajo,25.3,0,4.633740260705723,92.30484511247586,0,202895.77,2720500.700000001,12348559,0,0,29473,0,0.6763617133791645,0.38359317780461255,0,0,-0.11295240613432048,0.042578842736311996,0,-0.07037356339800849
150609,2026-02-01,Lima,Huaral,San Miguel de Acos,1415,13.53,Muy bajo,25.2,0,5.409058582305636,210.72757825370678,0,9586.49,127911.64000000001,1635289,87930.24,0,607,0,0.7223691168693813,0.4528912405760158,0,0,-0.12063564251718668,0.050270927703937755,0,-0.07036471481324894
040517,2026-02-01,Arequipa,Caylloma,Tisco,1416,13.52,Muy bajo,25.1,0,7.976254893129768,1416.349768234493,0,120438.41,2077785.1100000013,4347422,44540,0,1467,0,0.8297197250132206,0.6136770984587874,0,0,-0.13856319407720785,0.0681181579289254,0,-0.07044503614828246
081106,2026-02-01,Cusco,Paucartambo,Kosñipata,1417,13.5,Muy bajo,25.1,0,6.727348268024736,619.9767265388492,0,223115.95,3071984.679999998,16325926,784025.67,0,4955,0,0.7842411422527763,0.5438866729005375,0,0,-0.13096827075621365,0.060371420691959665,0,-0.07059685006425398
050513,2026-02-01,Ayacucho,La Mar,Rio Magdalena,1418,13.47,Muy bajo,25,0,5.658383157466846,255.25706382978728,0,33926.2,599854.1000000001,1180820,66815.32,0,2350,0,0.7355896351136965,0.4690337853548493,0,0,-0.12284346906398731,0.05206275017438827,0,-0.07078071888959904
040701,2026-02-01,Arequipa,Islay,Mollendo,1419,13.46,Muy bajo,25,0,5.839236886562521,304.8607565837335,0,470405.48,8381231.920000002,42358840,2017625.8499999999,0,27492,0,0.7461660497091486,0.48399813494706845,0,0,-0.12460973030142782,0.0537237929791246,0,-0.07088593732230322
081003,2026-02-01,Cusco,Paruro,Ccapi,1420,13.45,Muy bajo,24.9,0,5.577659903865221,230.28257815126048,0,49030.77,685090.6699999999,3772204,210400.71,0,2975,0,0.730830248545743,0.46036203035933293,0,0,-0.12204865150713909,0.051100185369885955,0,-0.07094846613725314
030712,2026-02-01,Apurímac,Grau,Vilcabamba,1421,13.43,Muy bajo,24.9,0,5.889969662445827,319.7391180981595,0,1836.97,416939.81,1150719,66377,0,1304,0,0.7498677948175568,0.48801499331280307,0,0,-0.125227921734532,0.05416966425772114,0,-0.07105825747681087
150801,2026-02-01,Lima,Huaura,Huacho,1422,13.43,Muy bajo,24.8,0,6.262759370990426,424.2225098127174,0,2607109.73,34045129.08000001,18531419,557786.63,0,80253,0,0.7657324167107351,0.5118620799602599,0,0,-0.12787731359069276,0.05681669087558885,0,-0.07106062271510391
110209,2026-02-01,Ica,Chincha,San Pedro de Huacarpana,1423,13.4,Muy bajo,24.8,0,8.015277298905616,1308.4730827702695,0,80502.48,1549232.129999999,1566180,71027.17,0,1184,0,0.8302485457429931,0.6069823005691538,0,0,-0.13865150713907987,0.06737503536317607,0,-0.0712764717759038
140105,2026-02-01,Lambayeque,Chiclayo,José Leonardo Ortiz,1424,13.39,Muy bajo,24.7,0,1.5687148068637549,0.12683223290201126,0,248.55,21495.399999999965,1274929,20000,0,169479,0,0.4341618191433104,0.010098389012752968,0,0,-0.07250502379693284,0.0011209211804155794,0,-0.07138410261651726
120206,2026-02-01,Junín,Concepción,Comas,1425,13.38,Muy bajo,24.7,0,5.0909502286965385,126.40325652480598,0,22608.36,537593.0499999998,2214288,112728.3,0,4253,0,0.7001586462189318,0.4099351077650606,0,0,-0.11692649391856161,0.04550279696192173,0,-0.07142369695663989
080103,2026-02-01,Cusco,Cusco,Poroy,1426,13.37,Muy bajo,24.6,0,5.2390751156860444,151.25442050471108,0,165652.32,2295588.34,13508976,517443.47,0,15177,0,0.710735060814384,0.42500489586760315,0,0,-0.11869275515600212,0.04717554344130395,0,-0.07151721171469817
200804,2026-02-01,Piura,Sechura,Cristo Nos Valga,1427,13.34,Muy bajo,24.6,0,6.705805541252756,530.9751358933895,0,0,3028151.2,9300821,621351.97,0,5703,0,0.7821258593336858,0.5308041483466129,0,0,-0.13061501850872553,0.058919260466474034,0,-0.0716957580422515
200704,2026-02-01,Piura,Talara,Lobitos,1428,13.33,Muy bajo,24.5,0,3.741346156497558,28.953846153846165,0,77.15,39522.000000000015,12330186,202755.91,0,1365,0,0.6208355367530407,0.2875049171515778,0,0,-0.10367953463775781,0.03191304580382513,0,-0.07176648883393268
120434,2026-02-01,Junín,Jauja,Yauyos,1429,13.32,Muy bajo,24.5,0,4.410745622172972,60.56186608015639,0,23812.37,619547.8899999999,2236669,98653.78,0,10230,0,0.662083553675304,0.3484269902387625,0,0,-0.11056795346377578,0.03867539591650264,0,-0.07189255754727314
040206,2026-02-01,Arequipa,Camaná,Ocoña,1430,13.3,Muy bajo,24.4,0,6.862138406176735,569.8136242487584,0,122867.92,2180676.7399999984,3141854,198623.37,0,3827,0,0.7879428873611846,0.5367633724432378,0,0,-0.13158646218931783,0.0595807343411994,0,-0.07200572784811843
021304,2026-02-01,Áncash,Mariscal Luzuriaga,Fidel Olivas Escudero,1431,13.28,Muy bajo,24.4,0,7.953163352148261,1121.9384741641331,0,151840.58000000002,1845588.789999999,2818861,224188.62,0,1645,0,0.8270756213643575,0.5939861131695154,0,0,-0.13812162876784773,0.06593245856181622,0,-0.07218917020603151
070106,2026-02-01,Callao,Prov. Const. del Callao,Ventanilla,1432,13.27,Muy bajo,24.3,1,10.516722734506796,0.002403062073556316,0,66.1,1039.679999999993,137905556,8103728.9,0,432648,0.125,0.8900052882072977,2.0298024542248763e-4,0,0.076375,-0.14863088313061873,2.2530807241896127e-5,0,-0.07223335232337684
050618,2026-02-01,Ayacucho,Lucanas,San Pedro de Palco,1433,13.26,Muy bajo,24.2,0,6.340286062198487,405.64397135416675,0,9793.779999999999,311534.57000000007,3799803,46053.5,0,768,0,0.7704918032786885,0.5080840080552494,0,0,-0.12867213114754097,0.05639732489413269,0,-0.07227480625340829
210201,2026-02-01,Puno,Azángaro,Azángaro,1434,13.26,Muy bajo,24.2,0,5.818811830571736,256.28894155531475,0,281209.29000000004,8515968.95,11051875,643087.81,0,33228,0,0.7451084082496033,0.46937363713027247,0,0,-0.12443310417768376,0.05210047372146025,0,-0.07233263045622351
210703,2026-02-01,Puno,Lampa,Calapuja,1435,13.25,Muy bajo,24.1,0,6.105674157917163,325.74229621736816,0,38959.91,611418.29,1098348,67061.55,0,1877,0,0.7588577472236911,0.4895832113467922,0,0,-0.12672924378635642,0.05434373645949394,0,-0.07238550732686247
040705,2026-02-01,Arequipa,Islay,Mejia,1436,13.24,Muy bajo,24.1,0,6.328585934866614,393.3450574712642,0,28022.489999999998,513315.2999999998,7108244,249226.03,0,1305,0,0.7699629825489159,0.5054867541775447,0,0,-0.12858381808566896,0.056109029713707466,0,-0.0724747883719615
061007,2026-02-01,Cajamarca,San Marcos,José Sabogal,1437,13.19,Muy bajo,24,0,5.6257655211898,196.35566338880486,0,405650.88,2595821.87,5980566,203174.35,0,13220,0,0.7329455314648334,0.4469466520863204,0,0,-0.12240190375462719,0.04961107838158157,0,-0.07279082537304563
150603,2026-02-01,Lima,Huaral,Atavillos Bajo,1438,13.15,Muy bajo,24,0,5.685749797493843,204.71005390835577,0,11436,151894.86,1219716,37930,0,742,0,0.7371760973030143,0.45045288847032683,0,0,-0.12310840824960338,0.05000027062020628,0,-0.07310813762939711
150732,2026-02-01,Lima,Huarochirí,Surco,1439,13.15,Muy bajo,23.9,0,6.0933500012514115,300.02194558944774,0,21470.5,363926.6200000001,1518286,63231.08,0,1213,0,0.7583289264939186,0.4826495348728836,0,0,-0.1266409307244844,0.053574098370890076,0,-0.07306683235359432
040113,2026-02-01,Arequipa,Arequipa,Pocsi,1440,13.13,Muy bajo,23.9,0,9.107053677369082,1997.4447596153836,0,42711.87,830937.0199999996,1411675,87560,0,416,0,0.8656795346377578,0.6427332823847879,0,0,-0.14456848228450556,0.07134339434471146,0,-0.0732250879397941
160606,2026-02-01,Loreto,Ucayali,Vargas Guerra,1441,13.13,Muy bajo,23.8,0,1.6130778746484928,0.003921167484997272,0,0.08,28.75,914277,14748,0,7332,0,0.43892120571126386,3.309599105757646e-4,0,0,-0.07329984135378106,3.673655007390987e-5,0,-0.07326310480370715
030410,2026-02-01,Apurímac,Aymaraes,Pocohuanca,1442,13.11,Muy bajo,23.8,0,6.738271990540623,464.67195580110484,0,16586.91,420528.1199999999,1434344,96650,0,905,0,0.7847699629825489,0.5195467475315201,0,0,-0.13105658381808566,0.05766968897599873,0,-0.07338689484208694
080303,2026-02-01,Cusco,Anta,Cachimayo,1443,13.1,Muy bajo,23.7,0,5.127576284557129,106.67000340715501,0,22680.48,313076.45999999996,1816521,38427.49,0,2935,0,0.7028027498677948,0.39570334198248686,0,0,-0.11736805922792173,0.04392307096005604,0,-0.07344498826786569
050809,2026-02-01,Ayacucho,Pàucar del Sara Sara,San José de Ushua,1444,13.07,Muy bajo,23.7,0,9.478821325552323,2161.400074074074,0,13636.419999999998,583578.02,1829411,173406.6,0,270,0,0.8725542041248017,0.6494014879912255,0,0,-0.14571655208884188,0.07208356516702603,0,-0.07363298692181584
200401,2026-02-01,Piura,Morropón,Chulucanas,1445,13.05,Muy bajo,23.6,0,3.7651727562217845,24.005510485179805,0,3306.85,2248260.09,31510211,1186413.88,0,93656,0,0.6229508196721312,0.2722350495381467,0,0,-0.1040327868852459,0.030218090498734283,0,-0.07381469638651163
050303,2026-02-01,Ayacucho,Huanca Sancos,Sacsamarca,1446,13.04,Muy bajo,23.6,0,4.742123548307806,71.56253333333332,0,7256.320000000001,85875.03999999998,2367754,112281.82,0,1200,0,0.6832363828662084,0.3623306137831946,0,0,-0.1141004759386568,0.0402186981299346,0,-0.0738817778087222
180207,2026-02-01,Moquegua,General Sánchez Cerro,Matalaque,1447,13.02,Muy bajo,23.5,0,10.266430985828139,2579.090690909091,0,72478.51000000001,709249.94,806175,82765.4,0,275,0,0.8847170809095717,0.6643368255257298,0,0,-0.14774775251189848,0.07374138763335601,0,-0.07400636487854247
200402,2026-02-01,Piura,Morropón,Buenos Aires,1448,13.01,Muy bajo,23.5,0,3.4430095096673217,14.738181146708522,0,246.71,159629.24,2717971,51080,0,10831,0,0.5986250661025913,0.2330791499678902,0,0,-0.09997038603913275,0.025871785646435812,0,-0.07409860039269693
230108,2026-02-01,Tacna,Tacna,Pocollay,1449,13.01,Muy bajo,23.4,0,8.119082766677476,1053.159776810853,0,1522781.98,20573476.24000001,27470524,1681754.6700000002,0,19535,0,0.8350079323109466,0.5886409552776966,0,0,-0.1394463246959281,0.06533914603582432,0,-0.07410717866010379
021604,2026-02-01,Áncash,Pomabamba,Quinuabamba,1450,13,Muy bajo,23.3,0,8.215542718433493,1109.3684166277437,0,193930.77,2375157.7799999993,2888671,166850,0,2141,0,0.8381808566895822,0.5930341206801983,0,0,-0.13997620306716024,0.06582678739550202,0,-0.07414941567165823
090111,2026-02-01,Huancavelica,Huancavelica,Mariscal Cáceres,1451,13,Muy bajo,23.3,0,5.108400253376653,95.8438481012658,0,3152.58,37858.31999999999,293634,15000,0,395,0,0.701216287678477,0.38674149016445614,0,0,-0.11710312004230566,0.04292830540825463,0,-0.07417481463405104
030413,2026-02-01,Apurímac,Aymaraes,Soraya,1452,12.97,Muy bajo,23.2,0,7.587439651536395,704.9465909090908,0,17472.66,403229.44999999995,1550578,75302.49,0,572,0,0.8138551031200423,0.5547322793922073,0,0,-0.13591380222104707,0.06157528301253501,0,-0.07433851920851206
100103,2026-02-01,Huánuco,Huánuco,Chinchao,1453,12.95,Muy bajo,23.2,1,26.403769158810242,3.657203803022917,0,8347.56,45005.55000000002,4257767,1124210.97,0,12306,0.125,0.9899524061343205,0.13010190332228788,0,0.076375,-0.16532205182443152,0.014441311268773955,0,-0.07450574055565756
230408,2026-02-01,Tacna,Tarata,Ticaco,1454,12.95,Muy bajo,23.1,0,10.666744457940053,2871.4335714285717,0,123248.01,1648202.87,1319771,140776.6,0,574,0,0.893707033315706,0.6734140204906394,0,0,-0.1492490745637229,0.07474895627446097,0,-0.07450011828926194
050406,2026-02-01,Ayacucho,Huanta,Santillana,1455,12.94,Muy bajo,23.1,0,4.835749557685706,72.7390695517774,0,20148.49,235310.8899999999,757380,36625,0,3235,0,0.6885245901639344,0.36369082281870085,0,0,-0.11498360655737705,0.040369681332875794,0,-0.07461392522450125
040311,2026-02-01,Arequipa,Caravelí,Lomas,1456,12.93,Muy bajo,23,0,8.387987683914696,1104.2182971227244,0,105829.98,1880483.7599999998,4258496,346903.12,0,1703,0,0.8408249603384452,0.5926409606017811,0,0,-0.14041776837652037,0.0657831466267977,0,-0.07463462174972267
150706,2026-02-01,Lima,Huarochirí,Cuenca,1457,12.92,Muy bajo,23,0,6.6833661403878875,370.65483263598327,0,11748.78,177173.01,658903,31536.9,0,478,0,0.7800105764145955,0.5004751444927582,0,0,-0.13026176626123745,0.05555274103869616,0,-0.07470902522254129
040302,2026-02-01,Arequipa,Caravelí,Acarí,1458,12.91,Muy bajo,22.9,0,7.117819908384866,500.47938785385975,0,109909.67,2068481.3100000024,5439276,318713.37,0,4133,0,0.7974616604970914,0.5258116940402838,0,0,-0.13317609730301427,0.05836509803847151,0,-0.07481099926454277
130101,2026-02-01,La Libertad,Trujillo,Trujillo,1459,12.91,Muy bajo,22.9,0,6.4691918553675025,331.83097421740274,0,5272764.97,120440706.74000007,33773212,775915.74,0,362958,0,0.7741935483870968,0.49114460486682465,0,0,-0.12929032258064516,0.054517051140217536,0,-0.07477327144042761
060604,2026-02-01,Cajamarca,Cutervo,Cujillo,1460,12.9,Muy bajo,22.8,0,5.866434585926999,210.03306114074684,0,80383.48,511850.57000000007,1266226,74282.32,0,2437,0,0.7493389740877843,0.4526133787584792,0,0,-0.12513960867265997,0.05024008504219119,0,-0.07489952363046878
230109,2026-02-01,Tacna,Tacna,Sama,1461,12.9,Muy bajo,22.8,0,11.305858439669022,3294.601590856077,0,1036776.48,14123957.020000003,16892416,1610727.34,0,4287,0,0.9037546271813856,0.6850362341996419,0,0,-0.1509270227392914,0.07603902199616025,0,-0.07488800074313115
180208,2026-02-01,Moquegua,General Sánchez Cerro,Puquina,1462,12.87,Muy bajo,22.7,0,10.569462915752785,2582.18281629116,0,607877.88,5959677.939999998,10785496,1039257,0,2308,0,0.891062929666843,0.6644381168135927,0,0,-0.14880750925436279,0.07375263096630878,0,-0.075054878288054
020703,2026-02-01,Áncash,Carlos Fermín Fitzcarrald,Yauya,1463,12.86,Muy bajo,22.7,0,8.785096190432974,1335.2426069708144,0,402648.16,4712071.160000004,9894799,507383.01,0,3529,0,0.854574299312533,0.6086937039146114,0,0,-0.142713907985193,0.06756500113452187,0,-0.07514890685067115
030401,2026-02-01,Apurímac,Aymaraes,Chalhuanca,1464,12.85,Muy bajo,22.6,0,7.0471652752076706,451.0618527042578,0,100866.05,2351836.5,9720732,684362.3,0,5214,0,0.7942887361184559,0.5170382331120377,0,0,-0.13264621893178213,0.05739124387543618,0,-0.07525497505634596
160508,2026-02-01,Loreto,Requena,Soplin,1465,12.81,Muy bajo,22.6,0,1.6995113906604151,2.7700831024930774e-5,0,0.01,0.020000000000000018,6275975,100120.91,0,722,0,0.45214172395557906,2.3425931208722007e-6,0,0,-0.07550766790058171,2.600278364168143e-7,0,-0.07550740787274529
210801,2026-02-01,Puno,Melgar,Ayaviri,1466,12.8,Muy bajo,22.5,0,6.854941580547674,384.25102359550556,0,995291.7300000001,10259502.329999998,14910958,812137.46,0,26700,0,0.787414066631412,0.5035136650818395,0,0,-0.1314981491274458,0.055890016824084184,0,-0.07560813230336164
060803,2026-02-01,Cajamarca,Jaén,Chontali,1467,12.79,Muy bajo,22.4,0,6.2430210244701865,256.3780805777272,0,505119.18,2698122.920000001,7282086,125820.38,0,10524,0,0.7652035959809624,0.46940293132784244,0,0,-0.12778900052882072,0.05210372537739051,0,-0.07568527515143021
021502,2026-02-01,Áncash,Pallasca,Bolognesi,1468,12.75,Muy bajo,22.4,0,7.610315392317949,603.7571206690561,0,41072.82,505344.70999999996,1446072,11500,0,837,0,0.8149127445795875,0.5416484179967082,0,0,-0.13609042834479113,0.06012297439763461,0,-0.07596745394715651
050708,2026-02-01,Ayacucho,Parinacochas,Upahuacho,1469,12.75,Muy bajo,22.3,0,6.843853158122765,367.4826441102756,0,63722.57,293251.1499999999,551641,36253.5,0,798,0,0.7868852459016393,0.49975022574724637,0,0,-0.13140983606557377,0.055472275057944345,0,-0.07593756100762943
030602,2026-02-01,Apurímac,Chincheros,Anco_Huallo,1470,12.74,Muy bajo,22.3,0,7.38889644303071,502.3630250025724,0,21126.57,4882466.240000001,19518358,796452.26,0,9719,0,0.804865150713908,0.5261287528860201,0,0,-0.13441248016922264,0.058400291570348234,0,-0.0760121885988744
040802,2026-02-01,Arequipa,La Uniòn,Alca,1471,12.74,Muy bajo,22.2,0,7.815569017622799,707.6984234752586,0,69349.65000000001,1229979.8599999994,1680607,65469,0,1738,0,0.8239026969857218,0.555061293981995,0,0,-0.13759175039661556,0.061611803632001444,0,-0.07597994676461411
120114,2026-02-01,Junín,Huancayo,El Tambo,1472,12.71,Muy bajo,22.2,0,4.283279702932966,34.24324161893134,0,225293.90999999997,6199156.759999998,19228522,739274.76,0,181033,0,0.656795346377578,0.3012571584432739,0,0,-0.10968482284505553,0.0334395445872034,0,-0.07624527825785213
150717,2026-02-01,Lima,Huarochirí,San Bartolomé,1473,12.7,Muy bajo,22.1,0,6.386166165772915,271.88832644628116,0,15569.57,263187.90000000014,916362,51063.9,0,968,0,0.7720782654680064,0.47435160189959513,0,0,-0.12893707033315707,0.05265302781085506,0,-0.076284042522302
080306,2026-02-01,Cusco,Anta,Limatambo,1474,12.68,Muy bajo,22.1,0,6.059544721027662,203.14168936227588,0,110320.75,1506701.9100000001,8653815,522226.79,0,7417,0,0.7567424643046008,0.44980565282729246,0,0,-0.12637599153886833,0.049928427463829465,0,-0.07644756407503886
090103,2026-02-01,Huancavelica,Huancavelica,Acoria,1475,12.68,Muy bajo,22,0,5.494340078656024,119.20851418318526,0,114400.34999999999,1395216.4500000002,12462364,684724.66,0,11704,0,0.7271285034373347,0.4050191708260226,0,0,-0.12143046007403491,0.04495712796168851,0,-0.07647333211234639
150711,2026-02-01,Lima,Huarochirí,Langa,1476,12.68,Muy bajo,22,0,7.047079237550092,392.8263858695652,0,17186.469999999998,289120.22,812014,18700,0,736,0,0.7937599153886833,0.5053754498850302,0,0,-0.13255790586991012,0.056096674937238356,0,-0.07646123093267176
151031,2026-02-01,Lima,Yauyos,Tupe,1477,12.67,Muy bajo,21.9,0,6.790022189470547,336.0491954022997,0,24311.47,146181.40000000037,791817,50264.55,0,435,0,0.7852987837123215,0.49220967460061005,0,0,-0.1311448968799577,0.05463527388066772,0,-0.07650962299928998
020802,2026-02-01,Áncash,Casma,Buena Vista Alta,1478,12.66,Muy bajo,21.9,0,8.243451412150117,866.0149489459809,0,422824.13,5258442.769999996,10323867,370681.34,0,6072,0,0.8387096774193549,0.572112571042287,0,0,-0.14006451612903228,0.06350449538569386,0,-0.076560020743338425
080405,2026-02-01,Cusco,Calca,Pisac,1479,12.64,Muy bajo,21.8,0,6.148519741478918,212.1900456469416,0,187176,2556677.8599999994,14082101,798286.28,0,12049,0,0.7609730301427816,0.4534733749425897,0,0,-0.12708249603384453,0.05033554461862746,0,-0.07674695141521706
150607,2026-02-01,Lima,Huaral,Lampian,1480,12.64,Muy bajo,21.8,0,5.3419601126435925,93.94549090909095,0,2092.66,25835.01000000001,2138071,114214.9,0,275,0,0.7154944473823374,0.38506728865338474,0,0,-0.11948757271285035,0.042742469040525706,0,-0.07674510367232465
190103,2026-02-01,Pasco,Pasco,Huariaca,1481,12.64,Muy bajo,21.7,0,8.08356195106222,779.7657952000001,0,437636.12,4873536.220000001,6121937,494870.57,0,6250,0,0.8339502908514014,0.5632513700702184,0,0,-0.13926969857218405,0.06252090207779425,0,-0.0767487964943898
210212,2026-02-01,Puno,Azángaro,San José,1482,12.64,Muy bajo,21.7,0,6.663038578542249,292.3619185660546,0,44430.43,1321183.5100000007,1994347,54410,0,4519,0,0.7789529349550502,0.4804696808481189,0,0,-0.1300851401374934,0.0533321345741412,0,-0.07675300556335218
130206,2026-02-01,La Libertad,Ascope,Rázuri,1483,12.63,Muy bajo,21.6,0,5.224319531695857,83.57814202632386,0,47196.61,819149.3700000001,3595612,187846.26,0,9801,0,0.7091485986250661,0.3752888470287557,0,0,-0.11842781597038604,0.041657062020191885,0,-0.07677075395019416
110507,2026-02-01,Ica,Pisco,San Clemente,1484,12.62,Muy bajo,21.5,0,6.950305412555115,354.32225947478815,0,652857.7799999999,11994871.450000003,25285470,1496987.65,0,33853,0,0.7905869910100476,0.49667458927080455,0,0,-0.13202802749867795,0.05513087940905931,0,-0.07689714808961864
081002,2026-02-01,Cusco,Paruro,Accha,1485,12.6,Muy bajo,21.5,0,6.002069017311768,186.4999798657718,0,40496.009999999995,555769.94,3368749,181494.63999999998,0,2980,0,0.7551560021152829,0.44261429812888786,0,0,-0.12611105235325226,0.04913018709230655,0,-0.07698086526094572
040403,2026-02-01,Arequipa,Castilla,Ayo,1486,12.57,Muy bajo,21.4,0,7.970743119223639,680.4669680851066,0,8258.45,127927.79000000004,216291,1400,0,188,0,0.8291909042834479,0.5517476944942945,0,0,-0.1384748810153358,0.06124399408886669,0,-0.07723088692646912
021507,2026-02-01,Áncash,Pallasca,Llapo,1487,12.56,Muy bajo,21.4,0,6.822880976324602,312.3663139329805,0,14614.41,177111.69999999995,337101,23000,0,567,0,0.7858276044420941,0.4860483261207107,0,0,-0.13123320994182971,0.05395136419939889,0,-0.07728184574243083
160403,2026-02-01,Loreto,Mariscal Ramón Castilla,Yavari,1488,12.55,Muy bajo,21.3,0,1.760399117687962,0.004961878621530955,0,0.13,32.54,1136106,0,0,6558,0,0.4637757800105764,4.185824152985892e-4,0,0,-0.07745055526176627,4.6462648098143406e-5,0,-0.07740409261366812
080307,2026-02-01,Cusco,Anta,Mollepata,1489,12.53,Muy bajo,21.3,0,5.9800947488819745,171.76670244976594,0,45211.65,624028.4299999997,3881840,152793.2,0,3633,0,0.7535695399259651,0.43569347694082383,0,0,-0.12584611316763616,0.04836197594043144,0,-0.07748413722720472
080915,2026-02-01,Cusco,La Convención,Kumpirushiato,1490,12.51,Muy bajo,21.2,0,7.541706816756687,468.00978719501,0,192250.29,2551121.3499999996,54007766,3262601.02,0,5451,0,0.8106821787414067,0.5201507553464599,0,0,-0.13538392384981493,0.05773673384345705,0,-0.07764719000635788
081209,2026-02-01,Cusco,Quispicanchi,Marcapata,1491,12.51,Muy bajo,21.2,0,7.725501212003985,550.846123461691,0,202157.33,2775162.7699999996,19438880,1360705.1700000002,0,5038,0,0.819672131147541,0.5339054965628952,0,0,-0.13688524590163936,0.05926351011848137,0,-0.077621735783158
180105,2026-02-01,Moquegua,Mariscal Nieto,San Cristóbal,1492,12.48,Muy bajo,21.1,0,17.835054664746693,6957.947932875663,0,862128.98,9121869.739999995,10010565,1643631.47,0,1311,0,0.9635113696456901,0.7482462894462405,0,0,-0.16090639873083026,0.08305533812853269,0,-0.07785106060229757
250306,2026-02-01,Ucayali,Padre Abad,Huipoca,1493,12.43,Muy bajo,21.1,0,1.8028151317104935,0.001624750499001996,0,0.03,8.14,1655411,29844,0,5010,0,0.4685351665785299,1.3729167012829804e-4,0,0,-0.0782453728186145,1.5239375384241082e-5,0,-0.07823013344323027
090605,2026-02-01,Huancavelica,Huaytará,Laramarca,1494,12.42,Muy bajo,21,0,5.706209800697989,121.03777316735822,0,3685.83,87510.31,866775,41200,0,723,0,0.738762559492332,0.40629639284787933,0,0,-0.12337334743521947,0.04509889960611461,0,-0.07827444782910487
230101,2026-02-01,Tacna,Tacna,Tacna,1495,12.37,Muy bajo,21,0,12.177534987298959,2929.6980362193726,0,19371445.7,319020678.55999994,81256344,4460556.81,0,108892,0,0.9196192490745637,0.6751122485466602,0,0,-0.15357641459545215,0.07493745958867928,0,-0.07863895500677287
200410,2026-02-01,Piura,Morropón,Yamango,1496,12.32,Muy bajo,20.9,0,4.374412285468857,27.064952357683843,0,367.90000000000003,221553.69999999995,2566935,105788.32,0,8186,0,0.6604970914859862,0.2819964292890512,0,0,-0.11030301427815971,0.031301603651084683,0,-0.07900141062707502
022006,2026-02-01,Áncash,Yungay,Ranrahirca,1497,12.29,Muy bajo,20.9,0,7.592124843789142,423.2422778891115,0,101985.42,1267187.38,2818306,170469.31,0,2994,0,0.814383923849815,0.5116669051659954,0,0,-0.1360021152829191,0.05679502647342549,0,-0.07920708880949362
230206,2026-02-01,Tacna,Candarave,Quilahuani,1498,12.29,Muy bajo,20.8,0,12.268816972013665,2837.337380560132,0,562402.51,1722263.79,1759037,214213.27,0,607,0,0.9212057112638815,0.6724041716795276,0,0,-0.15384135378106822,0.07463686305642757,0,-0.07920449072464066
150808,2026-02-01,Lima,Huaura,Paccho,1499,12.26,Muy bajo,20.8,0,5.8900161585773585,131.21459381739754,0,15062.64,182519.5,815047,18186.4,0,1391,0,0.7503966155473295,0.4130699887462971,0,0,-0.12531623479640402,0.045850768750838974,0,-0.07946546604556505
080918,2026-02-01,Cusco,La Convención,Unión Ashaninka,1500,12.23,Muy bajo,20.7,0,7.807466468966122,469.6836778921109,0,205879.91999999998,3012551.1099999994,55599240,4313495.96,0,6414,0,0.8228450555261766,0.5204520430621645,0,0,-0.1374151242728715,0.05777017677990026,0,-0.07964494749297124
200306,2026-02-01,Piura,Huancabamba,San Miguel de El Faique,1501,12.23,Muy bajo,20.7,0,4.079478955748217,18.88841747674297,0,296.53,180705.49,3531677,127712.04,0,9567,0,0.6451612903225806,0.2528722914354852,0,0,-0.10774193548387097,0.028068824349338856,0,-0.07967311113453211
211306,2026-02-01,Puno,Yunguyo,Tinicachi,1502,12.22,Muy bajo,20.6,0,6.012150799376951,140.4891822094692,0,6749.1900000000005,97920.96000000002,148303,8916.2,0,697,0,0.7556848228450556,0.4188034943006799,0,0,-0.12619936541512428,0.04648718786737547,0,-0.07971217754774881
200405,2026-02-01,Piura,Morropón,Morropon,1503,12.21,Muy bajo,20.5,0,3.942804995649471,15.10679068108879,0,364.61,254186.86,2801958,86115.74,0,16826,0,0.6340560549973558,0.2350370259054189,0,0,-0.10588736118455844,0.026089109875501497,0,-0.07979825130905693
240105,2026-02-01,Tumbes,Tumbes,San Jacinto,1504,12.2,Muy bajo,20.5,1,13.639468432585216,0.009861035718163057,0,0.02,90.82999999999993,1830511,229671.97,0,9211,0.125,0.9360126916975146,8.298508863519153e-4,0,0.076375,-0.15631411951348495,9.21134483850626e-5,0,-0.0798470060650999
040412,2026-02-01,Arequipa,Castilla,Uñon,1505,12.18,Muy bajo,20.4,0,9.196079756674552,1011.6430051813477,0,13182.970000000001,195247.1000000001,369875,17014,0,193,0,0.8683236382866208,0.5852429579143634,0,0,-0.14501004759386568,0.06496196832849434,0,-0.08004807926537134
060811,2026-02-01,Cajamarca,Jaén,San José del Alto,1506,12.18,Muy bajo,20.4,0,6.995710855378088,260.9935393258428,0,319480.03,2137015.1000000006,5483844,220867.16,0,8188,0,0.7921734531993654,0.4709060323426841,0,0,-0.13229296668429402,0.05227056959003793,0,-0.0800223970942561
021008,2026-02-01,Áncash,Huari,Huantar,1507,12.16,Muy bajo,20.3,0,20.571824578658713,6645.311204013379,0,1263790.06,17882532.450000003,21048317,4215698.850000001,0,2691,0,0.9746166049709148,0.7443589746157913,0,0,-0.16276097303014278,0.08262384618235283,0,-0.08013712684778995
150710,2026-02-01,Lima,Huarochirí,Lahuaytambo,1508,12.15,Muy bajo,20.3,0,7.955577591791943,479.74734530938133,0,14136.789999999999,240353.42000000004,756330,35237.02,0,501,0,0.8276044420941301,0.5222411456384538,0,0,-0.13820994182971974,0.05796876716586837,0,-0.08024117466385136
060607,2026-02-01,Cajamarca,Cutervo,Querocotillo,1509,12.13,Muy bajo,20.2,0,7.5399466984792065,342.9630569185476,0,661720.5900000001,4193752.26,11514118,738949.36,0,12228,0,0.8096245372818615,0.49392687408239566,0,0,-0.13520729772607087,0.05482588302314592,0,-0.08038141470292495
140119,2026-02-01,Lambayeque,Chiclayo,Pucala,1510,12.12,Muy bajo,20.2,0,2.0257979163221433,0.10250439947206348,0,4.76,931.9700000000012,241880,0,0,9092,0,0.48704389212057114,0.008252587074830429,0,0,-0.08133632998413538,9.160371653061776e-4,0,-0.0804202928188292
230402,2026-02-01,Tacna,Tarata,Héroes Albarracín,1511,12.12,Muy bajo,20.1,0,13.266029131651663,3093.1539784946217,0,64463.43,862989.9599999995,1122971,9724.17,0,279,0,0.9333685880486515,0.6797021249849717,0,0,-0.15587255420412482,0.07544693587333186,0,-0.08042561833079297
020510,2026-02-01,Áncash,Bolognesi,Huayllacayan,1512,12.11,Muy bajo,20.1,0,10.663651480991744,1501.117788632326,0,115774.11,1690258.629999999,2812541,299919.57,0,1126,0,0.8931782125859333,0.618589462611901,0,0,-0.14916076150185087,0.068663430349921,0,-0.08049733115192986
081001,2026-02-01,Cusco,Paruro,Paruro,1513,12.11,Muy bajo,20,0,6.229322340414148,150.00564006888632,0,37846.02,522619.6499999999,3177318,34662.04,0,3484,0,0.7641459545214172,0.42430840824993066,0,0,-0.12761237440507667,0.047098233315742304,0,-0.08051414108933436
150202,2026-02-01,Lima,Barranca,Paramonga,1514,12.11,Muy bajo,20,0,19.53989410426216,42.981906777668,830.1734663368054,71303.64,913838.3199999994,3870033,1050,17650318.06778682,21261,0,0.970386039132734,0.3199895291627791,0.41472602389952656,0,-0.16205446853516658,0.03551883773706848,0.04603458865284745,-0.08050104214525064
110301,2026-02-01,Ica,Nasca,Nasca,1515,12.1,Muy bajo,19.9,0,11.97704012336264,2227.2901047520154,0,3442813.0300000003,72930387.19,85494928,8268031.82,0,32744,0,0.9159175039661555,0.6519398852944049,0,0,-0.15295822316234797,0.07236532726767896,0,-0.08059289589466902
021705,2026-02-01,Áncash,Recuay,Llacllin,1516,12.09,Muy bajo,19.9,0,9.957928113548743,1142.4525239616617,0,57902.2,715175.2800000003,1047374,104296.75,0,626,0,0.878900052882073,0.595517089604072,0,0,-0.14677630883130618,0.066102396946052,0,-0.08067391188525419
060415,2026-02-01,Cajamarca,Chota,Querocoto,1517,12.09,Muy bajo,19.8,0,7.497633008914371,323.32156439570696,0,415459.94,2771512.45,6643878,498133.58999999997,0,8572,0,0.8080380750925437,0.4889543351342447,0,0,-0.1349423585404548,0.05427393119990116,0,-0.08066842734055364
080104,2026-02-01,Cusco,Cusco,San Jerónimo,1518,12.08,Muy bajo,19.8,0,5.633677439633182,84.78927172516478,0,518650.03,7061165.759999998,41639846,1846944.39,0,83279,0,0.733474352194606,0.3764912540832492,0,0,-0.12249021681649921,0.04179052920324066,0,-0.08069968761325855
151001,2026-02-01,Lima,Yauyos,Yauyos,1519,12.04,Muy bajo,19.7,0,6.165417817695025,139.19750474383295,0,24015.920000000002,146714.16999999993,3348817,7600.02,0,1054,0,0.763088313061872,0.41802790665712436,0,0,-0.12743574828133264,0.046401097638940805,0,-0.08103465064239183
020503,2026-02-01,Áncash,Bolognesi,Antonio Raymondi,1520,11.99,Muy bajo,19.6,0,10.69935145897135,1389.6639328537167,0,81375.84,1158979.7199999997,2236096,89597.5,0,834,0,0.8942358540454786,0.6120696586060395,0,0,-0.14933738762559493,0.06793973210527038,0,-0.08139765552032455
040102,2026-02-01,Arequipa,Arequipa,Alto Selva Alegre,1521,11.98,Muy bajo,19.6,0,7.639649160614566,343.36268958120536,0,1728039.8,33615207.31,69029194,4984647.96,0,97900,0,0.8159703860391327,0.49402507308738464,0,0,-0.13626705446853518,0.0548367831126997,0,-0.08143027135583548
080807,2026-02-01,Cusco,Espinar,Suyckutambo,1522,11.96,Muy bajo,19.5,0,12.02489891457215,2029.6326473029044,0,292758.02,2445707.34,4700727,452235.67,0,1205,0,0.9164463246959281,0.644084533862535,0,0,-0.15304653622422001,0.07149338325874138,0,-0.08155315296547863
080913,2026-02-01,Cusco,La Convención,Villa Kintiarina,1523,11.96,Muy bajo,19.5,0,8.14451023264806,486.79583367305327,0,87226.29,1194110.1799999997,24714326,2012860.81,0,2453,0,0.8365943945002644,0.5234720512270472,0,0,-0.13971126388154417,0.058105397686202244,0,-0.08160586619534194
230110,2026-02-01,Tacna,Tacna,Coronel Gregorio Albarracín Lanchipa,1524,11.96,Muy bajo,19.4,0,9.707747960682397,992.3585067146054,0,12198554.98,166708290.26,186522565,14670416.23,0,167992,0,0.8762559492332099,0.5836169204477539,0,0,-0.14633474352194606,0.06478147816970069,0,-0.08155326535224537
150504,2026-02-01,Lima,Cañete,Cerro Azul,1525,11.94,Muy bajo,19.4,0,6.034829929077259,114.04209553853093,0,94133.68,1265297.0500000007,4698775,283563.07999999996,0,11095,0,0.7562136435748281,0.4013040858811799,0,0,-0.1262876784769963,0.04454475353281097,0,-0.08174292494418532
130905,2026-02-01,La Libertad,Sánchez Carrión,Marcabal,1526,11.93,Muy bajo,19.3,0,8.02897820582551,428.76937651331707,0,232230.19,4249962.059999999,12119936,513244.8,0,9912,0,0.8307773664727657,0.5127615659420187,0,0,-0.13873982020095188,0.05691653381956408,0,-0.0818232863813878
150102,2026-02-01,Lima,Lima,Ancón,1527,11.91,Muy bajo,19.3,0,2.8982902985528836,2.0749543668282646,0,7522.64,225987.42999999993,1380124,40000,0,108912,0,0.5536753040719197,0.09499527337163656,0,0,-0.0924637757800106,0.010544475344251658,0,-0.08191930043575894
090206,2026-02-01,Huancavelica,Acobamba,Paucara,1528,11.87,Muy bajo,19.2,0,5.802522313015832,86.69320973348786,0,33966.41,448897.4400000002,4518551,262189.93,0,5178,0,0.7440507667900582,0.3783475819823418,0,0,-0.12425647805393973,0.04199658160003994,0,-0.08225989645389979
131202,2026-02-01,La Libertad,Virú,Chao,1529,11.87,Muy bajo,19.2,0,6.324631977851924,137.05930655345088,0,363554.94,6295133.949999999,9513422,601688.93,0,45930,0,0.7694341618191433,0.41672818373521747,0,0,-0.12849550502379692,0.04625682839460914,0,-0.08223867662918778
080401,2026-02-01,Cusco,Calca,Calca,1530,11.85,Muy bajo,19.1,0,6.717414917668214,174.97480912572593,0,309746.58,4248913.290000003,28273467,1847076.9,0,24283,0,0.7837123215230037,0.4372494335533358,0,0,-0.13087995769434163,0.04853468712442027,0,-0.08234527056992136
080916,2026-02-01,Cusco,La Convención,Cielo Punco,1531,11.85,Muy bajo,19.1,0,8.040677452790481,409.5325984589041,0,66625.18,956668.1499999999,20227594,1626435.59,0,2336,0,0.8313061872025383,0.5088888743621071,0,0,-0.13882813326282392,0.056486665054193884,0,-0.08234146820863003
081210,2026-02-01,Cusco,Quispicanchi,Ocongate,1532,11.85,Muy bajo,19,0,7.541158339674853,280.03234708823663,0,403508.27,5544360.439999998,29379137,2016464.24,0,19799,0,0.810153358011634,0.47683852675908683,0,0,-0.1352956107879429,0.052929076470258636,0,-0.08236653431768426
210604,2026-02-01,Puno,Huancané,Inchupalla,1533,11.81,Muy bajo,19,0,6.5241351452725125,144.29694961416257,0,21983.91,317886.18000000017,693180,34304,0,2203,0,0.7747223691168694,0.42104932939648615,0,0,-0.1293786356425172,0.046736475563009965,0,-0.08264216007950723
210803,2026-02-01,Puno,Melgar,Cupi,1534,11.8,Muy bajo,18.9,0,8.833182495869488,616.1237775202779,0,103394.94,1063429.6399999997,1450789,128150.84,0,1726,0,0.8566895822316235,0.5433603177943375,0,0,-0.14306716023268112,0.060312995275171456,0,-0.08275416495750967
080602,2026-02-01,Cusco,Canchis,Checacupe,1535,11.76,Muy bajo,18.9,0,7.187723985762613,215.98610858010636,0,86205.65,1137814.8200000003,6632397,371401.68,0,5268,0,0.7995769434161819,0.4549659577016087,0,0,-0.13352934955050239,0.050501221304878566,0,-0.08302812824562382
250307,2026-02-01,Ucayali,Padre Abad,Boqueron,1536,11.76,Muy bajo,18.8,0,2.1467351378569077,0.0013419398675046713,0,0.03,7.9,1549070,33254.43,0,5887,0,0.49709148598625064,1.1341014360433608e-4,0,0,-0.08301427815970386,1.2588525940081305e-5,0,-0.08300168963376378
200403,2026-02-01,Piura,Morropón,Chalaco,1537,11.74,Muy bajo,18.7,0,4.543744925759533,20.191088405797096,0,228.29,139318.50999999995,2036019,87589.51,0,6900,0,0.6694870438921205,0.258237606419919,0,0,-0.11180433632998414,0.02866437431261101,0,-0.08313996201737313
021503,2026-02-01,Áncash,Pallasca,Conchucos,1538,11.73,Muy bajo,18.7,0,9.61686454547666,792.9720117294053,0,474450.25,5814070.789999999,13853513,1012214.88,0,7332,0,0.8736118455843469,0.5646698409265136,0,0,-0.14589317821258593,0.06267835234284301,0,-0.08321482586974292
040603,2026-02-01,Arequipa,Condesuyos,Cayarani,1539,11.71,Muy bajo,18.6,0,10.797204011719646,1155.9883171419626,0,279100.3,3688758.7200000025,8769207,908083.17,0,3191,0,0.8958223162347964,0.5965123064736919,0,0,-0.149602326811211,0.0662128660185798,0,-0.0833894607926312
050612,2026-02-01,Ayacucho,Lucanas,Ocaña,1540,11.71,Muy bajo,18.6,0,8.527610105856533,472.2511296859167,0,29204.800000000003,932223.7299999995,3718240,41320.58,0,1974,0,0.8455843469063987,0.5209120892585698,0,0,-0.1412125859333686,0.05782124190770125,0,-0.08339134402566736
210115,2026-02-01,Puno,Puno,Vilque,1541,11.67,Muy bajo,18.5,0,13.989883705192826,256.88636013851476,21.353448057744117,46835.619999999995,667647.6499999999,1514685,103717.49,55497.611502076965,2599,0,0.9402432575356954,0.4695697761337411,0.19166691285627452,0,-0.15702062400846115,0.052122245150845264,0.02127502732704647,-0.0836233515305694
040115,2026-02-01,Arequipa,Arequipa,Quequeña,1542,11.66,Muy bajo,18.5,0,10.448228521411759,975.6435925435688,0,446145.52999999997,8845184.809999995,14765321,642743.46,0,9066,0,0.88841882601798,0.5821818012957743,0,0,-0.14836594394500266,0.06462217994383096,0,-0.0837437640011717
130106,2026-02-01,La Libertad,Trujillo,Laredo,1543,11.64,Muy bajo,18.4,0,5.724560289917114,69.37168576076422,0,231557.03000000003,4008573.49,7316298,180382.7,0,57784,0,0.7414066631411952,0.3597379270831725,0,0,-0.1238149127445796,0.039930909906232145,0,-0.08388400283834746
110106,2026-02-01,Ica,Ica,Parcona,1544,11.63,Muy bajo,18.4,0,7.7045729142084145,270.4952931323284,0,962667.85,17601940.21000001,19742181,1129356.39,0,65073,0,0.8175568482284505,0.47391879170885254,0,0,-0.13653199365415125,0.05260498587968263,0,-0.08392700777446863
080904,2026-02-01,Cusco,La Convención,Maranura,1545,11.58,Muy bajo,18.3,0,6.716554161808151,140.41253151036094,0,48016.6,657271.0599999996,13538082,774840.31,0,4681,0,0.7831835007932311,0.41875766738496706,0,0,-0.1307916446324696,0.046482101079731344,0,-0.08430954355273824
080603,2026-02-01,Cusco,Canchis,Combapata,1546,11.57,Muy bajo,18.3,0,6.963123506132206,161.18640395081636,0,58383.12,799645.75,4491696,286048.34,0,4961,0,0.7911158117398202,0.4303490826602558,0,0,-0.13211634056054997,0.047768748175288395,0,-0.08434759238526157
030203,2026-02-01,Apurímac,Andahuaylas,Chiara,1547,11.56,Muy bajo,18.2,0,7.833336082375293,289.71172109443955,0,2543.88,328243.38,1333798,2500,0,1133,0,0.8244315177154945,0.47970222449440814,0,0,-0.1376800634584876,0.0532469469188793,0,-0.0844331165396083
051007,2026-02-01,Ayacucho,Víctor Fajardo,Colca,1548,11.55,Muy bajo,18.2,0,6.449133800716392,114.58629132231408,0,14634.62,110919.53000000003,372143,19000,0,968,0,0.7731359069275515,0.40170318732020255,0,0,-0.1291136964569011,0.044589053792542487,0,-0.0845246426643586
120128,2026-02-01,Junín,Huancayo,Quilcas,1549,11.51,Muy bajo,18.1,0,6.837841088013782,140.68092646347355,0,28570.899999999998,581574.9499999997,1430276,97800,0,4134,0,0.7863564251718668,0.41891802320172833,0,0,-0.13132152300370176,0.04649990057539184,0,-0.08482162242830991
050204,2026-02-01,Ayacucho,Cangallo,María Parado de Bellido,1550,11.49,Muy bajo,18.1,0,5.710696133858717,60.794316807738845,0,8531.03,100553.80000000005,385242,22000,0,1654,0,0.74034902168165,0.34874571116440134,0,0,-0.12363828662083555,0.03871077393924855,0,-0.08492751268158699
230204,2026-02-01,Tacna,Candarave,Curibaya,1551,11.48,Muy bajo,18,0,12.745486881401305,1721.412834532374,0,88300.11,1196381.92,1341035,110341.47,0,695,0,0.9280803807509255,0.6301627130009796,0,0,-0.15498942358540457,0.06994806114310874,0,-0.08504136244229583
040123,2026-02-01,Arequipa,Arequipa,Tiabaya,1552,11.47,Muy bajo,18,0,14.202189109396476,2160.645166813479,0,1346602.1099999999,39245958.81000003,56785650,7740462.16,0,18164,0,0.9413008989952406,0.649371959350629,0,0,-0.1571972501322052,0.07208028748791982,0,-0.08511696264428538
050613,2026-02-01,Ayacucho,Lucanas,Otoca,1553,11.47,Muy bajo,17.9,0,8.985628023409221,531.0104952978052,0,23206.64,846961.7399999993,1773660,86933.90000000001,0,1595,0,0.8625066102591221,0.5308097692905633,0,0,-0.1440386039132734,0.05891988439125253,0,-0.08511871952202085
080503,2026-02-01,Cusco,Canas,Kunturkanki,1554,11.47,Muy bajo,17.8,0,7.777402224469217,252.05196922477592,0,94500.51,1294034.8099999996,7271937,565567.79,0,5134,0,0.8207297726070862,0.46796938433086593,0,0,-0.13706187202538342,0.05194460166072612,0,-0.0851172703646573
021805,2026-02-01,Áncash,Santa,Moro,1555,11.46,Muy bajo,17.8,0,10.474043745391304,846.5311307579686,0,610639.8999999999,7516349.910000004,18634603,1205777.11,0,8879,0,0.8889476467477525,0.5701904369641727,0,0,-0.14845425700687467,0.06329113850302318,0,-0.0851631185038515
030607,2026-02-01,Apurímac,Chincheros,Uranmarca,1556,11.46,Muy bajo,17.7,0,8.723776924569405,439.4291558441558,0,8277.26,1150425.5299999998,11555338,650464.58,0,2618,0,0.85193019566367,0.5148335750912627,0,0,-0.1422723426758329,0.05714652683513016,0,-0.08512581584070275
040208,2026-02-01,Arequipa,Camaná,Samuel Pastor,1557,11.42,Muy bajo,17.7,0,9.002902444067969,519.8040642222471,0,516772.5,9243155.869999997,13729119,1124467.99,0,17782,0,0.8630354309888948,0.5290093571984693,0,0,-0.14412691697514543,0.058720038649030096,0,-0.08540687832611533
230201,2026-02-01,Tacna,Candarave,Candarave,1558,11.42,Muy bajo,17.6,0,14.316736468352257,2114.3938857392063,0,364093.53,4848305.18,6802128,769171.66,0,2293,0,0.9418297197250132,0.6475428589007982,0,0,-0.15728556319407722,0.07187725733798861,0,-0.0854083058560886
020507,2026-02-01,Áncash,Bolognesi,Colquioc,1559,11.41,Muy bajo,17.6,0,10.644082262943263,869.4495210218194,0,114881.45999999999,1633695.6499999985,3930810,418398.65,0,1879,0,0.8926493918561608,0.5724469179757393,0,0,-0.14907244843997886,0.06354160789530706,0,-0.08553084054467179
040120,2026-02-01,Arequipa,Arequipa,Santa Isabel de Siguas,1560,11.37,Muy bajo,17.5,0,13.72277404363658,1866.4445985401471,0,53486.18,1022811.6400000006,1844095,253060.99,0,548,0,0.9370703331570598,0.6369996638184491,0,0,-0.156490745637229,0.07070696268384785,0,-0.08578378295338115
010518,2026-02-01,Amazonas,Luya,San Jerónimo,1561,11.36,Muy bajo,17.5,0,2.4144905880423493,0.009225941422594143,0,0.36,4.41,109754,2650,0,478,0,0.5145425700687467,7.766494601458384e-4,0,0,-0.08592860920148071,8.620809007618807e-5,0,-0.08584240111140452
050608,2026-02-01,Ayacucho,Lucanas,Laramate,1562,11.34,Muy bajo,17.4,0,8.712309665615432,385.53123441396514,0,18792.5,618392.1000000001,1351109,117712.8,0,1604,0,0.8498149127445795,0.5037942260017565,0,0,-0.1419190904283448,0.05592115908619497,0,-0.08599793134214984
080404,2026-02-01,Cusco,Calca,Lares,1563,11.34,Muy bajo,17.4,0,8.978221978286514,477.72363223609545,0,213095.79,2946121.6400000006,16765802,725251.79,0,6167,0,0.8619777895293496,0.5218844007041064,0,0,-0.14395029085140137,0.0579291684781558,0,-0.08602112237324558
200603,2026-02-01,Piura,Sullana,Ignacio Escudero,1564,11.33,Muy bajo,17.3,0,4.898793600164626,21.622696683293956,0,1854.58,494165.1100000001,3809848,20000,0,22854,0,0.6906398730830249,0.2637661168391177,0,0,-0.11533685880486516,0.029278038969142068,0,-0.0860588198357231
200802,2026-02-01,Piura,Sechura,Bellavista de la Unión,1565,11.33,Muy bajo,17.3,0,8.10108042923301,290.67591277365966,0,2702.07,1686210.9699999997,3021762,160886.66,0,5801,0,0.8344791115811739,0.47998224620711144,0,0,-0.13935801163405606,0.05327802932898937,0,-0.0860799823050667
061004,2026-02-01,Cajamarca,San Marcos,Gregorio Pita,1566,11.32,Muy bajo,17.2,0,7.5187999484757295,182.11733152419717,0,126277.87000000001,805322.8399999999,1638063,97602.68,0,4422,0,0.8085668958223162,0.44061410816157154,0,0,-0.13503067160232682,0.04890816600593444,0,-0.08612250559639237
150728,2026-02-01,Lima,Huarochirí,Santa Eulalia,1567,11.32,Muy bajo,17.2,0,7.564143215819093,193.56381602716962,0,157745.33,2678729.6500000004,7480682,535318.62,0,13839,0,0.8122686409307245,0.44574177639250023,0,0,-0.135648863035431,0.049477337179567524,0,-0.08617152585586348
080804,2026-02-01,Cusco,Espinar,Ocoruro,1568,11.31,Muy bajo,17.1,0,20.1847810172572,3365.4535574572146,0,292724.02,2752941.0100000016,5088369,842324.14,0,818,0,0.973030142781597,0.6868351056810429,0,0,-0.1624960338445267,0.07623869673059576,0,-0.08625733711393095
110206,2026-02-01,Ica,Chincha,Grocio Prado,1569,11.31,Muy bajo,17.1,0,8.972812944081541,461.54778113938227,0,798820.2899999999,15255538.810000002,18266634,843818.79,0,33053,0,0.861448968799577,0.5189774671422848,0,0,-0.14386197778952936,0.05760649885279361,0,-0.08625547893673574
200404,2026-02-01,Piura,Morropón,La Matanza,1570,11.31,Muy bajo,17,0,5.163588394645712,27.849975571562787,0,973.63,444624.85999999987,3819892,158923.5,0,15965,0,0.7054468535166578,0.2843294786559926,0,0,-0.11780962453728186,0.03156057213081518,0,-0.08624905240646669
220305,2026-02-01,San Martín,El Dorado,Shatoja,1571,11.31,Muy bajo,16.9,0,2.9299072871819405,1.004039849841178,0,155.9,3476.99,307293,9003.4,0,3463,0,0.5552617662612375,0.05878926376815546,0,0,-0.09272871496562667,0.006525608278265256,0,-0.0862031066873614
101106,2026-02-01,Huánuco,Yarowilca,Obas,1572,11.3,Muy bajo,16.9,0,3.4795633645058026,3.5378794560823223,0,2145.08,9626.57,301762,10500,0,2721,0,0.6017979904812268,0.12790688648023155,0,0,-0.10050026441036489,0.014197664399305702,0,-0.08630260001105919
150811,2026-02-01,Lima,Huaura,Sayan,1573,11.3,Muy bajo,16.8,0,6.547310512382748,99.17805779321557,0,220262.51,2683956.5999999996,10219177,423436.25,0,27062,0,0.7757800105764145,0.3896040853347282,0,0,-0.12955526176626123,0.04324605347215483,0,-0.0863092082941064
160106,2026-02-01,Loreto,Maynas,Mazan,1574,11.28,Muy bajo,16.8,0,2.445573016321949,0.012662614406483617,0,0.67,181.24,13220051,323306,0,14313,0,0.518244315177155,0.0010641386303221732,0,0,-0.08654680063458488,1.1811938796576123e-4,0,-0.08642868124661912
020205,2026-02-01,Áncash,Aija,Succha,1575,11.24,Muy bajo,16.7,0,12.923782206920862,1521.1119504643952,0,62263.78,982638.3199999994,1594339,206048.9,0,646,0,0.9312533051295611,0.619707702107431,0,0,-0.1555193019566367,0.06878755493392484,0,-0.08673174702271187
020803,2026-02-01,Áncash,Casma,Comandante Noel,1576,11.23,Muy bajo,16.7,0,10.641496626161485,752.3297554910896,0,147154.44,1815371.6999999993,3905344,147300.11,0,2413,0,0.8921205711263882,0.5602261609762685,0,0,-0.14898413537810684,0.06218510386836581,0,-0.08679903150974103
021804,2026-02-01,Áncash,Santa,Macate,1577,11.22,Muy bajo,16.6,0,9.710447304821587,568.2452310344827,0,134789.32,1647911.17,3165783,251351.69,0,2900,0,0.8767847699629826,0.5365306876333499,0,0,-0.1464230565838181,0.059554906327301836,0,-0.08686815025651626
151019,2026-02-01,Lima,Yauyos,Lincha,1578,11.21,Muy bajo,16.6,0,8.465166692208028,308.2971656050957,0,16071.75,96805.31000000006,717790,21566,0,314,0,0.8429402432575357,0.4849429848504484,0,0,-0.14077102062400848,0.05382867131839977,0,-0.08694234930560871
090105,2026-02-01,Huancavelica,Huancavelica,Cuenca,1579,11.2,Muy bajo,16.5,0,6.630765388565729,96.38745806451612,0,11204.26,74700.28,604621,40091,0,775,0,0.7784241142252777,0.38721486959991874,0,0,-0.12999682707562138,0.04298085052559098,0,-0.0870159765500304
110302,2026-02-01,Ica,Nasca,Changuillo,1580,11.18,Muy bajo,16.5,0,24.29700941324902,3736.0652332912978,0,419336.42000000004,8888099.189999998,8445968,2023080.6400000001,0,2379,0,0.9841353781068218,0.6956675347444328,0,0,-0.16435060814383926,0.07721909635663204,0,-0.08713151178720721
040507,2026-02-01,Arequipa,Caylloma,Huambo,1581,11.16,Muy bajo,16.4,0,10.993781541622912,819.7694855305468,0,29677.82,509896.6200000001,706606,77682.72,0,622,0,0.9000528820729773,0.5674770244072781,0,0,-0.15030883130618722,0.06298994970920788,0,-0.08731888159697934
080604,2026-02-01,Cusco,Canchis,Marangani,1582,11.13,Muy bajo,16.4,0,7.219177414219866,135.89540806293016,0,99914.37000000001,1382056.2999999998,6357416,256897.36,0,10170,0,0.8006345848757271,0.4160122108021399,0,0,-0.13370597567424644,0.04617735539903753,0,-0.08752862027520891
060905,2026-02-01,Cajamarca,San Ignacio,Namballe,1583,11.11,Muy bajo,16.3,0,8.047141046203615,236.2759466638334,0,347708.95999999996,2223829.21,5502275,442775.82999999996,0,9412,0,0.8323638286620836,0.46252560011239635,0,0,-0.13900475938656798,0.051340341612476,0,-0.08766441777409198
130705,2026-02-01,La Libertad,Pacasmayo,San José,1584,11.1,Muy bajo,16.3,0,6.552603906554795,85.85530297241542,0,65811.99,1123588.3500000006,2086442,95116.12,0,13087,0,0.7763088313061872,0.3775356438199481,0,0,-0.12964357482813327,0.04190645646401424,0,-0.08773711836411903
150101,2026-02-01,Lima,Lima,Lima,1585,11.09,Muy bajo,16.2,0,5.082696209398977,20.894414365120404,0,161476.32,5537082.490000002,142595883,7182702.96,0,265003,0,0.6991010047593865,0.2609988463086135,0,0,-0.11674986779481755,0.028970871940256097,0,-0.08777899585456145
240106,2026-02-01,Tumbes,Tumbes,San Juan de la Virgen,1586,11.02,Muy bajo,16.2,0,2.5621474765968757,0.0029198619631901875,0,0.53,15.230000000000018,1693150,43381,0,5216,0,0.5288207297726071,2.465693732792923e-4,0,0,-0.08831306187202538,2.736920043400145e-5,0,-0.08828569267159138
081005,2026-02-01,Cusco,Paruro,Huanoquite,1587,11.01,Muy bajo,16.1,0,8.54950931084318,282.0227491477843,0,102736.07,1406447.4500000002,8521892,642930.25,0,4987,0,0.846641988365944,0.4774353712147388,0,0,-0.14138921205711266,0.052995326204836005,0,-0.08839388585227666
060603,2026-02-01,Cajamarca,Cutervo,Choros,1588,10.97,Muy bajo,16,0,8.758404291341519,307.74690737833595,0,153593.36000000002,980173.8999999999,2575232,3459.89,0,3185,0,0.8529878371232152,0.4847923979169994,0,0,-0.14244896879957694,0.05381195616878694,0,-0.08863701263079
021806,2026-02-01,Áncash,Santa,Nepeña,1589,10.96,Muy bajo,16,0,9.973929717053847,494.33493301016614,0,567771.12,7342356.759999998,12435193,981955.8099999999,0,14853,0,0.8799576943416182,0.524769101375623,0,0,-0.14695293495505024,0.05824937025269416,0,-0.08870356470235607
140301,2026-02-01,Lambayeque,Lambayeque,Lambayeque,1590,10.93,Muy bajo,15.9,0,3.064945056708371,0.768316230366492,0,2249.5600000000004,69705.48999999999,9410339,288421.72,0,90725,0,0.5647805393971443,0.048206558273145676,0,0,-0.09431835007932311,0.00535092796831917,0,-0.08896742211100395
200307,2026-02-01,Piura,Huancabamba,Sondor,1591,10.93,Muy bajo,15.9,0,5.713659584113858,39.824532896610634,0,466.65999999999997,279647.8699999999,2589603,146121.1,0,7022,0,0.7408778424114225,0.31368956562039846,0,0,-0.12372659968270756,0.034819541783864226,0,-0.08890705789884334
200805,2026-02-01,Piura,Sechura,Vice,1592,10.92,Muy bajo,15.8,0,9.098983064116977,366.8926728637472,0,20738.07,7380779.900000002,16502712,1093165.45,0,20117,0,0.8651507139079851,0.4996147156077225,0,0,-0.14448016922263351,0.055457233432457204,0,-0.08902293579017631
021402,2026-02-01,Áncash,Ocros,Acas,1593,10.88,Muy bajo,15.8,0,15.141444742458809,1546.7432112068977,0,58584.24,717688.8500000006,1496945,124214.1,0,464,0,0.9476467477525119,0.621119921761775,0,0,-0.1582570068746695,0.06894431131555702,0,-0.08931269555911249
210103,2026-02-01,Puno,Puno,Amantani,1594,10.88,Muy bajo,15.7,0,7.717405211754169,154.75670072992705,0,0,424033.3600000001,844092,65142,0,2740,0,0.8186144896879958,0.42692817929100435,0,0,-0.1367086197778953,0.047389027901301485,0,-0.08931959187659383
230104,2026-02-01,Tacna,Tacna,Ciudad Nueva,1595,10.86,Muy bajo,15.7,0,12.168485496118507,914.7400903664122,0,2057156.97,27735834.279999986,36670563,4196098.01,0,30321,0,0.9190904283447912,0.5767364843895078,0,0,-0.15348810153358014,0.06401774976723536,0,-0.08947035176634478
050506,2026-02-01,Ayacucho,La Mar,Luis Carranza,1596,10.85,Muy bajo,15.6,0,6.701598424873118,78.07576704545458,0,9321.48,109930.68000000005,656709,44010,0,1408,0,0.7815970386039133,0.36959995613184843,0,0,-0.13052670544685352,0.041025595130635174,0,-0.08950111031621835
200105,2026-02-01,Piura,Piura,Catacaos,1597,10.85,Muy bajo,15.6,0,5.729346169458294,38.34470558666402,0,10738.24,3280121.1500000004,7573002,243494.5,0,85543,0,0.7424643046007403,0.3105671357823202,0,0,-0.12399153886832363,0.034472952071837544,0,-0.08951858679648608
090614,2026-02-01,Huancavelica,Huaytará,Santiago de Quirahuara,1598,10.79,Muy bajo,15.5,0,8.431145738731418,220.29660633484164,0,1958.3400000000001,48685.55,564867,29104.76,0,221,0,0.8418826017979905,0.45662947438019647,0,0,-0.14059439450026442,0.05068587165620181,0,-0.08990852284406262
130804,2026-02-01,La Libertad,Pataz,Huancaspata,1599,10.74,Muy bajo,15.5,0,11.894062757257796,776.5057899917964,0,330114.16,4732802.789999999,9637706,367155.68,0,6095,0,0.9148598625066102,0.5628975227977419,0,0,-0.15278159703860392,0.06248162503054935,0,-0.09029997200805456
020302,2026-02-01,Áncash,Antonio Raymondi,Aczo,1600,10.72,Muy bajo,15.4,0,11.154592022873071,598.8639939024391,0,79933.28,982136.9500000002,1680229,166469.47999999998,0,1640,0,0.9011105235325225,0.5409613836314929,0,0,-0.15048545742993127,0.06004671358309572,0,-0.09043874384683556
040124,2026-02-01,Arequipa,Arequipa,Uchumayo,1601,10.72,Muy bajo,15.4,0,20.51234203131905,2193.06682803322,0,1893764.26,43308683.72000003,43176280,7101232.89,0,19748,0,0.9740877842411423,0.6506309549286748,0,0,-0.16267265996827077,0.0722200359970829,0,-0.09045262397118786
150507,2026-02-01,Lima,Cañete,Imperial,1602,10.71,Muy bajo,15.3,0,6.888453924345943,79.46944246392626,0,242405.76,3276922.459999999,13502250,856027.71,0,41235,0,0.7884717080909571,0.3710774612515343,0,0,-0.13167477525118984,0.041189598198920305,0,-0.09048517705226954
020104,2026-02-01,Áncash,Huaraz,Huanchay,1603,10.69,Muy bajo,15.3,0,12.831743629639892,955.1085447520929,0,120357.83,1483283.5700000003,2158159,220790.43,0,1553,0,0.928609201480698,0.5803846858589278,0,0,-0.1550777366472766,0.06442270013034099,0,-0.0906550365169356
151005,2026-02-01,Lima,Yauyos,Azángaro,1604,10.69,Muy bajo,15.2,0,8.483635067953916,211.55954285714242,0,12342.82,74045.83999999985,471496,20000,0,350,0,0.8439978847170809,0.4532228948763603,0,0,-0.14094764674775254,0.050307741331275996,0,-0.09063990541647654
081307,2026-02-01,Cusco,Urubamba,Yucay,1605,10.68,Muy bajo,15.2,0,7.4821178200702425,108.28567886999143,0,27298.670000000002,375643.02000000025,2495585,74216.52,0,3469,0,0.8069804336329984,0.3969629377861179,0,0,-0.13476573241671075,0.04406288609425909,0,-0.09070284632245165
040512,2026-02-01,Arequipa,Caylloma,Maca,1606,10.67,Muy bajo,15.1,0,12.07757795070684,771.2011332312402,0,28835.88,503594.33999999985,716286,62718,0,653,0,0.9175039661554732,0.5623185615610942,0,0,-0.15322316234796404,0.062417360333281456,0,-0.09080580201468258
040117,2026-02-01,Arequipa,Arequipa,Sachaca,1607,10.66,Muy bajo,15,0,10.202254396767447,413.59988282426684,0,713584.8999999999,13730688.910000011,33772937,2842368.4,0,33198,0,0.8831306187202538,0.5097226024782221,0,0,-0.14748281332628238,0.05657920887508265,0,-0.09090360445119973
040401,2026-02-01,Arequipa,Castilla,Aplao,1608,10.63,Muy bajo,15,0,10.572855985460752,470.2973436816792,0,290718.81,4302280.1000000015,5734546,475029.08,0,9148,0,0.8915917503966155,0.5205622299451651,0,0,-0.1488958223162348,0.05778240752391333,0,-0.09111341479232146
130110,2026-02-01,La Libertad,Trujillo,Simbal,1609,10.62,Muy bajo,14.9,0,7.088745132426574,84.24677267876199,0,23118.679999999997,394696.1299999999,1994577,141390.47999999998,0,4685,0,0.7958751983077736,0.3759547749086547,0,0,-0.1329111581173982,0.04173098001486067,0,-0.09118017810253753
200506,2026-02-01,Piura,Paita,Tamarindo,1610,10.61,Muy bajo,14.9,0,5.945363881064884,38.613779019026005,0,1689.48,221218.33999999997,5203005,153923.5,0,5729,0,0.7530407191961925,0.31114352224413944,0,0,-0.12575780010576415,0.034536930969099475,0,-0.09122086913666468
080912,2026-02-01,Cusco,La Convención,Villa Virgen,1611,10.57,Muy bajo,14.8,0,10.803638556695692,489.5988228299644,0,72250.62000000001,1235257.83,33955057,3216191.63,0,2523,0,0.896351136964569,0.5239566123979101,0,0,-0.14969063987308304,0.058159183976168025,0,-0.09153145589691501
110502,2026-02-01,Ica,Pisco,Huancano,1612,10.57,Muy bajo,14.8,0,10.345007191836768,411.3017183098591,0,32064.05,584048.44,6274475,559579.37,0,1420,0,0.8863035430988895,0.5092525260479502,0,0,-0.14801269169751455,0.05652703039132248,0,-0.09148566130619207
020511,2026-02-01,Áncash,Bolognesi,La Primavera,1613,10.56,Muy bajo,14.7,0,23.903359090087427,2285.9826153846143,0,51478.04,742944.3499999996,1045551,241571.81,0,325,0,0.9830777366472766,0.654138571435785,0,0,-0.1641739820200952,0.07260938142937214,0,-0.09156460059072306
110501,2026-02-01,Ica,Pisco,Pisco,1614,10.56,Muy bajo,14.7,0,9.97016321211268,360.1960997732427,0,1876235.48,32563528.400000006,103321008,9591728.95,0,90405,0,0.8794288736118456,0.49806116826609126,0,0,-0.14686462189317823,0.05528478967753613,0,-0.09157983221564209
200502,2026-02-01,Piura,Paita,Amotape,1615,10.54,Muy bajo,14.6,0,6.064458965506008,39.43785306433193,0,729.39,103603.23999999999,4481766,157269.35,0,2627,0,0.7572712850343734,0.3128847334896058,0,0,-0.12646430460074035,0.03473020541734625,0,-0.09173409918339409
210104,2026-02-01,Puno,Puno,Atuncolla,1616,10.54,Muy bajo,14.6,0,8.839748532971543,238.30482124874118,0,73600.37000000001,946546.75,1939976,171489,0,3972,0,0.8572184029613961,0.46324564801405604,0,0,-0.14315547329455314,0.05142026692956022,0,-0.09173520636499291
160101,2026-02-01,Loreto,Maynas,Iquitos,1617,10.53,Muy bajo,14.5,0,2.8722031913283184,0.004859152803357387,0,2.5700000000000003,804.7,11031770,288874.85000000003,0,165605,0,0.5499735589635114,4.099374690146266e-4,0,0,-0.09184558434690641,4.550305906062355e-5,0,-0.0918000812878458
200301,2026-02-01,Piura,Huancabamba,Huancabamba,1618,10.52,Muy bajo,14.5,0,7.381903492840612,91.33853392209214,0,8364.3,2668363.9299999997,9506818,608080.13,0,29214,0,0.8043363299841354,0.38271277474574855,0,0,-0.13432416710735062,0.04248111799677809,0,-0.09184304911057253
060901,2026-02-01,Cajamarca,San Ignacio,San Ignacio,1619,10.49,Muy bajo,14.4,0,10.167103027768931,360.10590359203434,0,2503540.8,15478792.160000004,18453753,1784787.1400000001,0,42984,0,0.8826017979904812,0.4980400475125116,0,0,-0.14739450026441037,0.055282445273888786,0,-0.09211205499052158
200803,2026-02-01,Piura,Sechura,Bernal,1620,10.48,Muy bajo,14.4,0,10.851515954014483,467.600957786449,0,10124.029999999999,3954501.299999999,6702545,370995.87,0,8457,0,0.8974087784241143,0.5200770057485713,0,0,-0.1498672659968271,0.05772854763809142,0,-0.09213871835873567
110211,2026-02-01,Ica,Chincha,Tambo de Mora,1621,10.46,Muy bajo,14.3,0,10.72383490643158,436.95525892138426,0,170633.03,3257064.499999998,4507771,157376.34,0,7454,0,0.8947646747752512,0.5143572118917863,0,0,-0.14942570068746697,0.05709365051998828,0,-0.0923320501674787
081305,2026-02-01,Cusco,Urubamba,Maras,1622,10.45,Muy bajo,14.3,0,9.54604643308485,294.61991856914346,0,148190.86000000002,2026101.1799999997,11642259,1111375.45,0,6877,0,0.8730830248545743,0.48111811255065823,0,0,-0.14580486515071392,0.05340411049312306,0,-0.09240075465759086
110402,2026-02-01,Ica,Palpa,Llipata,1623,10.45,Muy bajo,14.2,0,11.71879886776901,578.9236535513545,0,58956.4,1132953.5900000008,1215653,101388.99,0,1957,0,0.9106292966684294,0.5381024099480587,0,0,-0.15207509254362772,0.059729367504234514,0,-0.0923457250393932
150704,2026-02-01,Lima,Huarochirí,Carampoma,1624,10.44,Muy bajo,14.1,0,8.7926944721402,214.25062937062935,0,3636.6400000000003,61275.67999999999,834464,51605.55,0,286,0,0.8556319407720783,0.45428684766585714,0,0,-0.14289053410893707,0.05042584009091014,0,-0.09246469401802693
250106,2026-02-01,Ucayali,Coronel Portillo,Nueva Requena,1625,10.42,Muy bajo,14.1,0,2.9204083775630987,0.0028083554376657823,0,0.08,16.939999999999998,1047560,30593.03,0,6032,0,0.5547329455314648,2.371663334426844e-4,0,0,-0.09264040190375462,2.6325463012137968e-5,0,-0.09261407644074249
060311,2026-02-01,Cajamarca,Celendín,Utco,1626,10.41,Muy bajo,14,0,12.133596700216676,640.6399497487436,0,115601.94,637436.7499999999,1446398,166670.1,0,995,0,0.9180327868852459,0.5466549234744497,0,0,-0.15331147540983608,0.06067869650566391,0,-0.09263277890417218
040520,2026-02-01,Arequipa,Caylloma,Majes,1627,10.4,Muy bajo,14,0,12.357787195348685,677.8942422110922,0,3187003.7600000002,55897125.53000003,76682666,5728701.62,0,82457,0,0.9217345319936542,0.551427819811321,0,0,-0.15392966684294027,0.061208487999056635,0,-0.09272117884388363
200407,2026-02-01,Piura,Morropón,San Juan de Bigote,1628,10.38,Muy bajo,13.9,0,5.395755182625864,17.558746014877784,0,177.92000000000002,115659.45999999996,1772750,62253.01,0,6587,0,0.7202538339502909,0.2470204390866507,0,0,-0.12028239026969859,0.02741926873861823,0,-0.09286312153108035
080909,2026-02-01,Cusco,La Convención,Vilcabamba,1629,10.37,Muy bajo,13.9,0,9.834663687302104,303.15789020010266,0,215397.75,2954273.6400000006,60096036,3739811.61,0,9745,0,0.8778424114225277,0.48352598639088357,0,0,-0.14659968270756213,0.053671384489388074,0,-0.09292829821817405
080607,2026-02-01,Cusco,Canchis,San Pedro,1630,10.36,Muy bajo,13.8,0,7.941282528901127,118.66716103235183,0,23880.780000000002,326453.35999999987,1858578,147594.93,0,2751,0,0.8260179799048123,0.4046374593015145,0,0,-0.13794500264410367,0.04491475798246811,0,-0.09303024466163556
150724,2026-02-01,Lima,Huarochirí,San Pedro de Casta,1631,10.36,Muy bajo,13.8,0,10.360685939862222,352.546554404145,0,16337.31,272165.93999999994,1080153,111911.26,0,772,0,0.886832363828662,0.4962509014801362,0,0,-0.14810100475938656,0.055083850064295115,0,-0.09301715469509145
030416,2026-02-01,Apurímac,Aymaraes,Toraya,1632,10.35,Muy bajo,13.7,0,11.624892870380306,497.23923588039844,0,20101.4,449007.0299999998,2134097,205636.49,0,903,0,0.9063987308302486,0.5252635064563979,0,0,-0.15136858804865153,0.058304249216660164,0,-0.09306433883199136
200409,2026-02-01,Piura,Morropón,Santo Domingo,1633,10.34,Muy bajo,13.7,0,5.408091454969772,17.477830974995154,0,141.99,90168.13,1465027,79230,0,5159,0,0.7218402961396087,0.24665091804075762,0,0,-0.12054732945531466,0.027378251902524096,0,-0.09316907755279055
060807,2026-02-01,Cajamarca,Jaén,Pomahuaca,1634,10.33,Muy bajo,13.6,0,9.653590155122611,277.0063729903536,0,404199.19,2584469.459999999,6329058,531985.3200000001,0,9330,0,0.8746694870438921,0.4759230071832114,0,0,-0.14606980433633,0.052827453797336464,0,-0.09324235053899352
080106,2026-02-01,Cusco,Cusco,Santiago,1635,10.33,Muy bajo,13.6,0,7.583222247048692,92.30249042039975,0,720609.15,10044818.520000003,63471682,4700586.28,0,108825,0,0.8133262823902697,0.3835910435536459,0,0,-0.13582548915917506,0.0425786058344547,0,-0.09324688332472036
130203,2026-02-01,La Libertad,Ascope,Chocope,1636,10.29,Muy bajo,13.5,0,7.0947322456495545,66.7563280847998,0,37455.84,648671.2399999998,1266422,89849.25,0,9717,0,0.7969328397673189,0.356535042360828,0,0,-0.13308778424114226,0.03957538970205191,0,-0.09351239453909035
110202,2026-02-01,Ica,Chincha,Alto Laran,1637,10.28,Muy bajo,13.5,0,11.774232559017944,534.8604105283833,0,284322.12,5445948.699999999,9425057,920209.73,0,10182,0,0.9138022210470651,0.5314195509680418,0,0,-0.1526049709148599,0.058987570157452644,0,-0.09361740075740724
060508,2026-02-01,Cajamarca,Contumazá,Yonan,1638,10.27,Muy bajo,13.4,0,8.719877014827416,173.07666771455513,0,134574.66999999998,1101113.7599999998,2523231,220022.63999999998,0,6362,0,0.8508725542041248,0.4363322822600908,0,0,-0.14209571655208886,0.04843288333087008,0,-0.09366283322121878
160803,2026-02-01,Loreto,Putumayo,Teniente Manuel Clavero,1639,10.26,Muy bajo,13.4,0,3.0095567990742214,0.00529351184346035,0,0.04,10.28,515026,15500,0,1942,0,0.5616076150185088,4.464851567645209e-4,0,0,-0.09378847170809097,4.955985240086182e-5,0,-0.09373891185569011
090610,2026-02-01,Huancavelica,Huaytará,San Antonio de Cusicancha,1640,10.25,Muy bajo,13.3,0,8.792292810522689,183.7367497921862,0,9163.28,221035.31,1123211,84544,0,1203,0,0.8551031200423057,0.44135871382845293,0,0,-0.14280222104706505,0.048990817234958274,0,-0.09381140381210679
090719,2026-02-01,Huancavelica,Tayacaja,Quichuas,1641,10.25,Muy bajo,13.2,0,7.454279475388755,76.320017721519,0,22194.5,301464.07,8236804,381954.91,0,3950,0,0.8059227921734532,0.3677010837048547,0,0,-0.1345891062929667,0.040814820291238875,0,-0.09377428600172782
150804,2026-02-01,Lima,Huaura,Checras,1642,10.25,Muy bajo,13.2,0,8.775034757952179,178.81755639097747,0,11544.94,142696.41000000003,747311,44616.8,0,798,0,0.8535166578529878,0.43907628049070363,0,0,-0.14253728186144898,0.0487374671344681,0,-0.09379981472698087
200302,2026-02-01,Piura,Huancabamba,Canchaque,1643,10.24,Muy bajo,13.1,0,5.709039911905004,22.3586164054779,0,483.62,158366.07999999996,1995119,93417.54,0,7083,0,0.7392913802221047,0.26647335357694146,0,0,-0.1234616604970915,0.029578542247040502,0,-0.093883118250051
200505,2026-02-01,Piura,Paita,La Huaca,1644,10.24,Muy bajo,13.1,0,5.859006852328772,26.6806573731501,0,2754.76,403838.42999999993,10272712,324892.9,0,15136,0,0.7488101533580116,0.2808304227053373,0,0,-0.12505129561078795,0.031172176920292442,0,-0.0938791186904955
230404,2026-02-01,Tacna,Tarata,Estique-Pampa,1645,10.22,Muy bajo,13,0,17.54577770053573,1198.4765695792873,0,27760.16,370329.2599999998,494837,34223,0,309,0,0.9613960867265997,0.5995622727809138,0,0,-0.16055314648334215,0.06655141227868143,0,-0.09400173420466072
150707,2026-02-01,Lima,Huarochirí,Huachupampa,1646,10.2,Muy bajo,13,0,11.201280056641098,406.7508639308853,0,11167.99,188325.6499999999,994331,78990,0,463,0,0.9016393442622951,0.508313893147002,0,0,-0.1505737704918033,0.056422842139317225,0,-0.09415092835248606
040607,2026-02-01,Arequipa,Condesuyos,Salamanca,1647,10.13,Muy bajo,12.9,0,24.854595419517132,1737.9321498371332,0,24078.71,533545.1699999999,739791,59395.6,0,307,0,0.9862506610259122,0.6309699304286537,0,0,-0.16470386039132734,0.07003766227758056,0,-0.09466619811374678
150605,2026-02-01,Lima,Huaral,Chancay,1648,10.13,Muy bajo,12.9,0,8.159415457041977,121.88946495316668,0,765149.8099999999,8185243.240000002,21462580,1396886.96,0,67153,0,0.837123215230037,0.40688454162743626,0,0,-0.1397995769434162,0.04516418412064543,0,-0.09463539282277075
080914,2026-02-01,Cusco,La Convención,Megantoni,1649,10.12,Muy bajo,12.8,0,10.489621812496022,307.7028684822772,0,161764.56,2248384.8599999994,326618063,17692614.18,0,7307,0,0.8894764674775251,0.48478033437436235,0,0,-0.1485425700687467,0.053810617115554224,0,-0.09473195295319246
110506,2026-02-01,Ica,Pisco,San Andrés,1650,10.12,Muy bajo,12.8,0,10.805891706931915,350.7362633431425,0,331325.79000000004,6078610.180000003,13508547,1214455.38,0,17331,0,0.8968799576943416,0.49581676514736545,0,0,-0.14977895293495505,0.05503566093135757,0,-0.09474329200359749
150611,2026-02-01,Lima,Huaral,Sumbilca,1651,10.12,Muy bajo,12.7,0,11.697327502921196,437.75191522762947,0,21173.38,278847.97,2866121,335259.56,0,637,0,0.9090428344791116,0.514510905792743,0,0,-0.15181015335801165,0.05711071054299447,0,-0.09469944281501719
160401,2026-02-01,Loreto,Mariscal Ramón Castilla,Ramón Castilla,1652,10.12,Muy bajo,12.7,0,3.0984321312804126,0.004146811627727657,0,0.43,107.55999999999997,8730259,216011.15,0,25938,0,0.5674246430460074,3.499656920636002e-4,0,0,-0.09475991538868324,3.8846191819059626e-5,0,-0.09472106919686418
210902,2026-02-01,Puno,Moho,Conima,1653,10.12,Muy bajo,12.6,0,8.601328985519151,144.55795056320406,0,31797.41,462007.2100000002,2800181,240852.78,0,3196,0,0.8471708090957165,0.42120110637202707,0,0,-0.14147752511898468,0.04675332280729501,0,-0.09472420231168967
130812,2026-02-01,La Libertad,Pataz,Taurija,1654,10.08,Muy bajo,12.6,0,12.454896789664064,547.1818016528929,0,114526.01,1655224.9500000011,3321615,296273.12,0,3025,0,0.923320994182972,0.5333420774444135,0,0,-0.15419460602855634,0.0592009705963299,0,-0.09499363543222644
021706,2026-02-01,Áncash,Recuay,Marca,1655,10.06,Muy bajo,12.5,0,19.2707490145763,1221.6074229452051,0,223088.97,2853674.9399999995,4753539,584245.67,0,2336,0,0.9693283976731888,0.6011775822379203,0,0,-0.16187784241142253,0.06673071162840916,0,-0.09514713078301337
100510,2026-02-01,Huánuco,Huamalíes,Singa,1656,10.06,Muy bajo,12.5,0,3.9867812235818043,2.39174526400645,0,1108.97,5933.920000000002,3784087,150863.27,0,2481,0,0.6382866208355368,0.10328762774796225,0,0,-0.10659386567953465,0.01146492668002381,0,-0.09512893899951083
110102,2026-02-01,Ica,Ica,La Tinguiña,1657,10.05,Muy bajo,12.4,0,10.048916984556765,251.11663899361952,0,746861.87,13853602.740000002,15988230,1385616.41,0,55168,0,0.8810153358011634,0.46765622223642467,0,0,-0.1471295610787943,0.05190984066824314,0,-0.09521972041055116
130204,2026-02-01,La Libertad,Ascope,Magdalena de Cao,1658,10.04,Muy bajo,12.3,0,6.893382352941177,47.76944123314064,0,7138.95,123961.69999999995,217600,15000,0,2595,0,0.7890005288207298,0.32872764709600866,0,0,-0.13176308831306188,0.03648876882765696,0,-0.09527431948540492
150731,2026-02-01,Lima,Huarochirí,Santo Domingo de Los Olleros,1659,10.03,Muy bajo,12.3,0,10.532382633640426,292.8364599180808,0,59156.759999999995,1000915.02,2719050,202453.85,0,3418,0,0.8905341089370703,0.4806063685325866,0,0,-0.14871919619249074,0.053347306907117115,0,-0.09537188928537363
110104,2026-02-01,Ica,Ica,Ocucaje,1660,9.94,Muy bajo,12.2,0,13.763833988504004,637.7158187231227,0,396220.21,3855629.84,4402924,364984.28,0,6046,0,0.938127974616605,0.546268639227403,0,0,-0.15666737176097303,0.060635818954241735,0,-0.0960315528067313
020904,2026-02-01,Áncash,Corongo,Cusca,1661,9.92,Muy bajo,12.2,0,17.803923296278423,972.7392687950573,0,209568.77,2833589.490000002,5141289,776915.24,0,2913,0,0.9624537281861449,0.5819299376118466,0,0,-0.1607297726070862,0.06459422307491498,0,-0.09613554953217122
130701,2026-02-01,La Libertad,Pacasmayo,San Pedro de Lloc,1662,9.92,Muy bajo,12.1,0,7.544637988174983,64.8693281053345,0,77156.77,1340070.58,2416910,49133,0,20658,0,0.8112109994711793,0.35414640075852044,0,0,-0.13547223691168694,0.03931025048419577,0,-0.09616198642749117
040105,2026-02-01,Arequipa,Arequipa,Characato,1663,9.9,Muy bajo,12.1,0,13.690029292030992,604.4283469189716,0,640820.73,12457268.230000004,30943911,2078886.98,0,20610,0,0.9365415124272871,0.5417422297212475,0,0,-0.15640243257535696,0.06013338749905848,0,-0.09626904507629849
020109,2026-02-01,Áncash,Huaraz,Pampas Grande,1664,9.89,Muy bajo,12,0,15.055996662975923,717.2917747077572,0,54228.5,674971.5599999996,1172302,21500,0,941,0,0.9465891062929667,0.5561983869515086,0,0,-0.15808038075092545,0.061738020951617456,0,-0.096342359799308
240102,2026-02-01,Tumbes,Tumbes,Corrales,1665,9.88,Muy bajo,12,0,3.1626729531235833,6.957272659007359e-4,0,0.7,18.5300000000002,6617400,39200,0,26634,0,0.5774722369116869,5.8816350447853334e-5,0,0,-0.09643786356425173,6.52861489971172e-6,0,-0.09643133494935202
030214,2026-02-01,Apurímac,Andahuaylas,San Miguel de Chaccrampa,1666,9.83,Muy bajo,11.9,0,14.762123850919199,656.7599219765931,0,6471.92,1010096.7600000002,8798772,562339.58,0,1538,0,0.9444738233738763,0.5487533019704515,0,0,-0.15772712850343734,0.06091161651872011,0,-0.09681551198471723
110504,2026-02-01,Ica,Pisco,Independencia,1667,9.83,Muy bajo,11.9,0,12.244872124794071,425.32099749341205,0,363497.27999999997,6617569.3999999985,15135655,1795645.6,0,15559,0,0.9201480698043363,0.5120802668573006,0,0,-0.15366472765732417,0.05684090962116036,0,-0.0968238180361638
090725,2026-02-01,Huancavelica,Tayacaja,Cochabamba,1668,9.79,Muy bajo,11.8,0,8.778394378591715,127.30417808219178,0,6948.63,92932.05,1874975,131542.7,0,730,0,0.8540454785827605,0.41053102438376143,0,0,-0.142625594923321,0.04556894370659752,0,-0.09705665121672348
110201,2026-02-01,Ica,Chincha,Chincha Alta,1669,9.76,Muy bajo,11.8,0,15.463039272256864,665.9855865128452,0,2574840.6,56746633.870000005,54363797,8345744.47,0,85207,0,0.9481755684822845,0.5499312124900223,0,0,-0.15834531993654152,0.06104236458639248,0,-0.09730295535014905
030207,2026-02-01,Apurímac,Andahuaylas,Kishuara,1670,9.73,Muy bajo,11.7,0,11.697926658027741,328.141493169136,0,12140.499999999998,1705351.3399999999,11999950,1403745.35,0,5197,0,0.9095716552088842,0.49020191263057766,0,0,-0.15189846641988367,0.054412412301994124,0,-0.09748605411788955
250305,2026-02-01,Ucayali,Padre Abad,Alexander Von Humboldt,1671,9.71,Muy bajo,11.7,0,3.2483337747965093,0.0016913815886066656,0,0.04,11.52,1117496,31300,0,6811,0,0.5848757271285034,1.429172526977493e-4,0,0,-0.09767424643046008,1.5863815049450173e-5,0,-0.09765838261541063
081212,2026-02-01,Cusco,Quispicanchi,Quiquijana,1672,9.68,Muy bajo,11.6,0,11.412769049123483,289.5744488092316,0,257888.98,3538310.1900000013,19740029,2123917.25,0,12219,0,0.9048122686409307,0.479662282204671,0,0,-0.15110364886303543,0.05324251332471848,0,-0.09786113553831695
130208,2026-02-01,La Libertad,Ascope,Casa Grande,1673,9.68,Muy bajo,11.6,0,7.812912539280374,67.15444592612347,0,109975.06,2014364.7599999998,3866753,178046.4,0,29996,0,0.8233738762559493,0.3570304914943717,0,0,-0.13750343733474354,0.03963038455587526,0,-0.09787305277886829
020304,2026-02-01,Áncash,Antonio Raymondi,Chingas,1674,9.64,Muy bajo,11.5,0,18.184038788959302,829.463497199751,0,108685.37000000001,1332947.8399999999,2342316,134274.13,0,1607,0,0.9656266525647805,0.5684700038306582,0,0,-0.16125965097831835,0.06310017042520305,0,-0.0981594805531153
040203,2026-02-01,Arequipa,Camaná,Mariano Nicolás Valcárcel,1675,9.64,Muy bajo,11.4,0,16.244199728672065,695.2876464138875,0,416813.12,7609923.289999999,10679328,1119818.4,0,10945,0,0.955579058699101,0.5535671985826769,0,0,-0.1595817028027499,0.061445959042677134,0,-0.09813574376007275
110103,2026-02-01,Ica,Ica,Los Aquijes,1676,9.63,Muy bajo,11.4,0,12.061659841009625,346.204569746221,0,603645.09,10054126.910000004,24225995,2422740.92,0,29041,0,0.9169751454257007,0.4947201195819719,0,0,-0.15313484928609203,0.05491393327359888,0,-0.09822091601249315
080206,2026-02-01,Cusco,Acomayo,Rondocan,1677,9.61,Muy bajo,11.3,0,9.780051648856999,167.7155503785672,0,21314.25,287967.59999999986,1617848,136156.87,0,1717,0,0.8773135906927552,0.4336868304962662,0,0,-0.14651136964569011,0.04813923818508555,0,-0.09837213146060456
100609,2026-02-01,Huánuco,Leoncio Prado,Pueblo Nuevo,1678,9.6,Muy bajo,11.3,0,4.928778394581706,5.389268172888017,0,4050.92,21945.100000000006,389643,19204.64,0,4072,0,0.6938127974616605,0.1568429338238231,0,0,-0.1158667371760973,0.017409565654444365,0,-0.09845717152165294
021204,2026-02-01,Áncash,Huaylas,Huaylas,1679,9.57,Muy bajo,11.2,0,13.40353875376925,445.90066988533505,0,59995.46,738857.4100000001,1537773,85765,0,1657,0,0.9338974087784241,0.5160671587136182,0,0,-0.15596086726599684,0.05728345461721162,0,-0.09867741264878521
040407,2026-02-01,Arequipa,Castilla,Huancarqui,1680,9.57,Muy bajo,11.2,0,14.143444394441943,504.3729856972587,0,57430.5,846337.8700000001,1799910,207490.16999999998,0,1678,0,0.940772078265468,0.526465769018862,0,0,-0.15710893707033316,0.058437700361093685,0,-0.09867123670923947
110108,2026-02-01,Ica,Ica,Salas,1681,9.57,Muy bajo,11.1,0,15.79434840652082,606.4879828678713,0,1129933.8,20673962.36,37419535,4336593.69,0,34088,0,0.9508196721311475,0.5420294400896257,0,0,-0.15878688524590165,0.06016526784994845,0,-0.0986216173959532
240301,2026-02-01,Tumbes,Zarumilla,Zarumilla,1682,9.57,Muy bajo,11.1,0,3.3324072006959566,0.0011296883618312262,0,0.91,32.77000000000021,17572357,495910.16,0,29008,0,0.5906927551560022,9.548244732213062e-5,0,0,-0.09864569011105237,1.05985516527565e-5,0,-0.09863509155939962
051011,2026-02-01,Ayacucho,Víctor Fajardo,Sarhua,1683,9.53,Muy bajo,11,0,9.15579457920644,130.97851030110925,0,43373.72,330589.7599999998,4048042,370630.41,0,2524,0,0.866737176097303,0.41291884701964965,0,0,-0.1447451084082496,0.04583399201918111,0,-0.09891111638906849
120906,2026-02-01,Junín,Chupaca,San Juan de Iscos,1684,9.52,Muy bajo,11,0,8.658706120078442,93.99112439132362,0,7851.52,212325.95000000007,704223,60976.6,0,2259,0,0.8487572712850344,0.38510792503223723,0,0,-0.14174246430460075,0.04274697967857833,0,-0.09899548462602242
021209,2026-02-01,Áncash,Huaylas,Santo Toribio,1685,9.5,Muy bajo,10.9,0,15.97225994726591,584.459315332691,0,50296.619999999995,606084.3100000005,1207568,184775.9,0,1037,0,0.9518773135906927,0.5389058328797398,0,0,-0.1589635113696457,0.05981854744965112,0,-0.09914496391999458
040112,2026-02-01,Arequipa,Arequipa,Paucarpata,1686,9.46,Muy bajo,10.9,0,12.62214065050727,358.92965685364726,0,2424824.0999999996,50281019.910000026,92689264,8956067.89,0,140086,0,0.9264939185616076,0.49776412812984067,0,0,-0.15472448439978848,0.05525181822241231,0,-0.09947266617737616
050604,2026-02-01,Ayacucho,Lucanas,Carmen Salcedo,1687,9.44,Muy bajo,10.8,0,8.92893682405158,104.93103476821197,0,3730.88,126756.69000000006,268789,24000,0,1208,0,0.8582760444209413,0.39432632891331465,0,0,-0.1433320994182972,0.043770222509377926,0,-0.09956187690891927
131005,2026-02-01,La Libertad,Santiago de Chuco,Mollepata,1688,9.43,Muy bajo,10.8,0,18.65173234036793,749.3318706896549,0,27672.73,1738449.9399999995,1832088,60982.23,0,2320,0,0.9687995769434162,0.5598889470704267,0,0,-0.16178952934955051,0.062147673124817365,0,-0.09964185622473315
050108,2026-02-01,Ayacucho,Huamanga,Quinua,1689,9.36,Muy bajo,10.7,0,7.926434752585508,54.54829682902909,0,28550.300000000003,333726.48,4008496,313756.79,0,6118,0,0.8254891591750396,0.33973418480832607,0,0,-0.13785668958223163,0.03771049451372419,0,-0.10014619506850744
150111,2026-02-01,Lima,Lima,El Agustino,1690,9.36,Muy bajo,10.7,0,4.169937681117282,1.4219871634404275,0,11236.64,346508.4099999999,1238148,51630,0,243679,0,0.6493918561607614,0.07480855976380246,0,0,-0.10844843997884716,0.008303750133782073,0,-0.1001446898450651
030208,2026-02-01,Apurímac,Andahuaylas,Pacobamba,1691,9.35,Muy bajo,10.6,0,11.756699574685332,262.6121433850702,0,4657.54,710628.46,2906789,341742.45,0,2706,0,0.9132734003172924,0.4714268935608294,0,0,-0.15251665785298785,0.05232838518525206,0,-0.10018827266773578
090507,2026-02-01,Huancavelica,Churcampa,Paucarbamba,1692,9.34,Muy bajo,10.5,0,12.491983553078825,317.2591118836915,0,55579.96,1003807.83,3258239,407018.68,0,3164,0,0.9243786356425172,0.4873585528079831,0,0,-0.1543712321523004,0.054096799361686126,0,-0.10027443279061427
160804,2026-02-01,Loreto,Putumayo,Yaguas,1693,9.34,Muy bajo,10.5,0,3.452453438957485,0.004304556354916066,0,0.03,7.179999999999999,318614,0,0,1668,0,0.6007403490216816,3.632498370878983e-4,0,0,-0.10032363828662083,4.0320731916756715e-5,0,-0.10028331755470407
061311,2026-02-01,Cajamarca,Santa Cruz,Yauyucan,1694,9.33,Muy bajo,10.4,0,11.081126909020083,205.97497641509437,0,86973.26,524000.3400000001,1134679,125735.22,0,2544,0,0.9005817028027499,0.4509713143111846,0,0,-0.15039714436805923,0.05005781588854149,0,-0.10033932847951774
240103,2026-02-01,Tumbes,Tumbes,La Cruz,1695,9.33,Muy bajo,10.4,0,3.4586110660468963,0.0038010780733785405,0,0.18,43.71999999999997,2126595,73550.65,0,11502,0,0.6012691697514543,3.2084315720421266e-4,0,0,-0.10041195134849287,3.5613590449667606e-5,0,-0.10037633775804321
200304,2026-02-01,Piura,Huancabamba,Huarmaca,1696,9.29,Muy bajo,10.3,0,7.360396128527959,34.655977547072105,0,2181.85,1271839.7199999993,17258035,1270259.74,0,36699,0,0.8038075092543627,0.30224179465900286,0,0,-0.13423585404547858,0.033548839207149316,0,-0.10068701483832926
021508,2026-02-01,Áncash,Pallasca,Pallasca,1697,9.28,Muy bajo,10.3,0,18.463723668980567,650.9431907613343,0,0,1521905.1799999997,3170690,195877.44,0,2338,0,0.9672131147540983,0.5480021132327885,0,0,-0.16152459016393442,0.06082823456883952,0,-0.1006963555950949
160504,2026-02-01,Loreto,Requena,Emilio San Martín,1698,9.26,Muy bajo,10.2,0,3.4928555661057024,0.004848711803475136,0,0.13,32.370000000000005,19103473,436205.22,0,6676,0,0.6044420941300899,4.0905875159660804e-4,0,0,-0.10094182971972501,4.540552142722349e-5,0,-0.1008964241982978
120410,2026-02-01,Junín,Jauja,Huertas,1699,9.22,Muy bajo,10.2,0,8.864556171402311,87.3385585970915,0,7731.55,204197.54999999993,787714,47917.35,0,2338,0,0.8577472236911687,0.37896765883553885,0,0,-0.14324378635642518,0.042065410130744815,0,-0.10117837622568036
150721,2026-02-01,Lima,Huarochirí,San Lorenzo de Quinti,1700,9.22,Muy bajo,10.1,0,13.554674574420774,349.5019320388349,0,21330.89,359986.99,948942,74722,0,1030,0,0.9349550502379693,0.4955194700006291,0,0,-0.1561374933897409,0.055002661170069835,0,-0.10113483221967107
130207,2026-02-01,La Libertad,Ascope,Santiago de Cao,1701,9.21,Muy bajo,10.1,0,8.058410969794647,55.57780689177835,0,62790.850000000006,1124172.3000000007,1801237,136941.15,0,20227,0,0.8328926493918561,0.3412872015796993,0,0,-0.13909307244844,0.03788287937534662,0,-0.10121019307309337
150201,2026-02-01,Lima,Barranca,Barranca,1702,9.19,Muy bajo,10,0,8.96473236013871,89.81195230310362,0,514351.22000000003,7196721.549999997,17049142,882345.4099999999,0,80131,0,0.8603913273400318,0.38130295987580476,0,0,-0.1436853516657853,0.04232462854621433,0,-0.10136072311957098
210204,2026-02-01,Puno,Azángaro,Asillo,1703,9.19,Muy bajo,10,0,15.786785469074369,448.83921315192737,0,196006.61000000002,5938142.789999999,7413430,895064.86,0,13230,0,0.9502908514013749,0.51662141066992,0,0,-0.15869857218402963,0.057344976584361114,0,-0.10135359559966853
250401,2026-02-01,Ucayali,Purús,Purus,1704,9.13,Muy bajo,9.9,0,3.6126114028015524,0.0019362898188632106,0,0.02,6.2,8057248,258062.16,0,3202,0,0.6097303014278159,1.6359134436366292e-4,0,0,-0.10182496033844526,1.8158639224366586e-5,0,-0.10180680169922089
090716,2026-02-01,Huancavelica,Tayacaja,San Marcos de Rocchac,1705,9.11,Muy bajo,9.9,0,8.508857805644768,63.292527216174186,0,6092.68,81394.19,1233319,52470.68,0,1286,0,0.8445267054468535,0.35209734183151714,0,0,-0.14103595980962455,0.0390828049432984,0,-0.10195315486632614
040805,2026-02-01,Arequipa,La Uniòn,Pampamarca,1706,9.08,Muy bajo,9.8,0,20.62595941400518,642.2271227364183,0,35902.380000000005,638373.7599999998,970384,54369,0,994,0,0.9751454257006875,0.5468638561478024,0,0,-0.16284928609201482,0.060701888032406066,0,-0.10214739805960876
150714,2026-02-01,Lima,Huarochirí,Ricardo Palma,1707,9.08,Muy bajo,9.8,0,11.641924409238069,190.00470121861687,0,76512.61,1294122.0199999996,3497094,318129.04,0,6811,0,0.9069275515600211,0.44418045308077925,0,0,-0.15145690111052354,0.0493040302919665,0,-0.10215287081855703
150807,2026-02-01,Lima,Huaura,Leoncio Prado,1708,9.08,Muy bajo,9.7,0,9.946360338963881,114.36854115327749,0,19169.97,232053.77000000002,742734,45900,0,2029,0,0.8783712321523004,0.40154372001620503,0,0,-0.14668799576943417,0.04457135292179876,0,-0.10211664284763541
150715,2026-02-01,Lima,Huarochirí,San Andrés de Tupicocha,1709,9.07,Muy bajo,9.7,0,15.495117020575004,401.34559336823736,0,27389.29,459942.05000000005,1485978,230254.03,0,1146,0,0.9492332099418297,0.5071853264613874,0,0,-0.15852194606028558,0.056297571237213996,0,-0.10222437482307159
050104,2026-02-01,Ayacucho,Huamanga,Carmen Alto,1710,9.06,Muy bajo,9.6,0,8.143064565583256,52.53035679670465,0,146719.03999999998,1734342.2600000007,10687629,524936.24,0,33016,0,0.8360655737704918,0.33660480615347615,0,0,-0.13962295081967216,0.037363133483035854,0,-0.1022598173366363
051108,2026-02-01,Ayacucho,Vilcas Huamán,Vischongo,1711,9.06,Muy bajo,9.5,0,8.739266841263833,70.29090956887484,0,22936.24,267386.6199999999,8703845,760652.24,0,3804,0,0.8524590163934426,0.36083544657454464,0,0,-0.14236065573770493,0.040052734569774456,0,-0.10230792116793047
131004,2026-02-01,La Libertad,Santiago de Chuco,Mollebamba,1712,9.04,Muy bajo,9.5,0,25.637756569325077,782.6814903047093,0,21436.59,1412740.0900000003,1460424,60980.97,0,1805,0,0.98783712321523,0.5635665958681713,0,0,-0.1649687995769434,0.06255589214136702,0,-0.10241290743557639
080608,2026-02-01,Cusco,Canchis,Tinta,1713,9.02,Muy bajo,9.4,0,11.299900163841047,167.85109657206058,0,66532.22,910760.0500000007,4884002,551887.35,0,5426,0,0.9026969857218403,0.4337547458388363,0,0,-0.15075039661554734,0.04814677678811083,0,-0.10260361982743652
090119,2026-02-01,Huancavelica,Huancavelica,Huando,1714,9.02,Muy bajo,9.4,0,9.216723475527044,93.4083949535658,0,45130.41,533081.7100000001,4799134,318833.03,0,5707,0,0.8699101004759386,0.3845875343257041,0,0,-0.14527498677948175,0.042689216310153155,0,-0.1025857704693286
090311,2026-02-01,Huancavelica,Angaraes,Santo Tomas de Pata,1715,8.99,Muy bajo,9.3,0,10.203743522655051,116.47538006756757,0,13309.650000000001,137906.85,862236,52480.35,0,1184,0,0.8836594394500265,0.4030741672324665,0,0,-0.14757112638815442,0.04474123256280378,0,-0.10282989382535064
021202,2026-02-01,Áncash,Huaylas,Huallanca,1716,8.97,Muy bajo,9.3,0,15.589675649010607,375.7371722365041,0,35518.420000000006,438485.28000000026,1992687,289153.44,0,1167,0,0.9497620306716024,0.5016237775065414,0,0,-0.1586102591221576,0.055680239303226096,0,-0.10293001981893149
200602,2026-02-01,Piura,Sullana,Bellavista,1717,8.96,Muy bajo,9.2,0,7.029936673748955,22.00263687459226,0,1425.4699999999998,876893.0899999999,4344170,257556.3,0,39854,0,0.7932310946589106,0.2651746247803996,0,0,-0.13246959280803808,0.029434383350624357,0,-0.10303520945741372
150719,2026-02-01,Lima,Huarochirí,San Juan de Iris,1718,8.95,Muy bajo,9.2,0,19.36177259801371,527.9826333333334,0,18791.309999999998,316789.5800000001,1022612,186995.81,0,600,0,0.9698572184029614,0.5303270832306393,0,0,-0.16196615547329454,0.05886630623860096,0,-0.10309984923469359
140307,2026-02-01,Lambayeque,Lambayeque,Motupe,1719,8.94,Muy bajo,9.1,0,3.9276942735480187,0.3179495824472224,0,235.63,12259.5,861633,33842.31,0,38558,0,0.6329984135378107,0.02334751130643315,0,0,-0.1057107350608144,0.0025915737550140797,0,-0.10311916130580032
200601,2026-02-01,Piura,Sullana,Sullana,1720,8.92,Muy bajo,9.1,0,8.080290703079859,44.777879655586695,0,45955.350000000006,8944829.239999998,19887371,1606957.3900000001,0,199760,0,0.8334214701216288,0.3233741966190523,0,0,-0.13918138551031203,0.03589453582471481,0,-0.10328684968559723
090309,2026-02-01,Huancavelica,Angaraes,Julcamarca,1721,8.91,Muy bajo,9,0,8.539784639364235,55.93998308906426,0,8697.66,99237.53,455515,23900,0,1774,0,0.8461131676361714,0.3418268333704621,0,0,-0.14130089899524062,0.0379427785041213,0,-0.10335812049111932
110405,2026-02-01,Ica,Palpa,Tibillo,1722,8.91,Muy bajo,9,0,26.357304011460307,729.3028205128206,0,14028.44,255985.29000000004,284111,57884,0,351,0,0.9894235854045479,0.5576008259881096,0,0,-0.1652337387625595,0.06189369168468016,0,-0.10334004707787935
200206,2026-02-01,Piura,Ayabaca,Pacaipampa,1723,8.91,Muy bajo,8.9,0,8.199622696748179,48.02935727456316,0,1888.94,1094012.6999999997,9174583,735896.1900000001,0,22778,0,0.8376520359598096,0.3291771584474851,0,0,-0.13988789000528823,0.03653866458767084,0,-0.10334922541761739
081101,2026-02-01,Cusco,Paucartambo,Paucartambo,1724,8.89,Muy bajo,8.9,0,14.685853483185934,319.3833808977486,0,322703.79,4454120.630000003,24892283,3265536.39,0,13946,0,0.9439450026441036,0.48792114458584385,0,0,-0.15763881544156533,0.05415924704902867,0,-0.10347956839253666
150812,2026-02-01,Lima,Huaura,Vegueta,1725,8.85,Muy bajo,8.8,0,9.657849834203445,90.08118545226525,0,234859.16,2873139.41,13540993,1193138.77,0,31895,0,0.8751983077736647,0.3815533127661304,0,0,-0.146158117398202,0.04235241771704048,0,-0.10380569968116152
210505,2026-02-01,Puno,El Collao,Conduriri,1726,8.85,Muy bajo,8.8,0,13.796853081567093,280.86383733624444,0,35687.39,514542.5499999998,835484,0,0,1832,0,0.9386567953463776,0.4770883709449369,0,0,-0.15675568482284508,0.052956809174887993,0,-0.10379887564795709
140201,2026-02-01,Lambayeque,Ferreñafe,Ferreñafe,1727,8.83,Muy bajo,8.7,0,3.869087802096159,0.1506988715607962,0,4.71,5942.809999999998,1488723,14100,0,39435,0,0.6303543098889477,0.011870875427282272,0,0,-0.10526916975145427,0.0013176671724283323,0,-0.10395150257902594
080601,2026-02-01,Cusco,Canchis,Sicuani,1728,8.71,Muy bajo,8.6,0,10.858413708310076,121.64334000632175,0,580606.21,8081618.579999998,47227178,3835305.63,0,66437,0,0.8979375991538868,0.40671499610227063,0,0,-0.1499555790586991,0.04514536456735204,0,-0.10481021449134706
210807,2026-02-01,Puno,Melgar,Orurillo,1729,8.71,Muy bajo,8.6,0,24.35621260666845,572.013735873426,0,346840.13,3543053.08,5210655,752922.26,0,6194,0,0.9846641988365944,0.5370887029929468,0,0,-0.16443892120571127,0.05961684603221709,0,-0.10482207517349418
030412,2026-02-01,Apurímac,Aymaraes,Sañayca,1730,8.69,Muy bajo,8.5,0,20.046036264539367,451.30562970936495,0,18276.74,419262.93000000005,2140052,428995.6,0,929,0,0.9719725013220518,0.517083825032434,0,0,-0.16231940772078265,0.05739630457860018,0,-0.10492310314218248
200705,2026-02-01,Piura,Talara,Los Organos,1731,8.66,Muy bajo,8.5,0,6.943645653573287,16.314824411309374,0,438.33,200231.83999999997,9345792,330109.38,0,12273,0,0.790058170280275,0.2411532155541682,0,0,-0.13193971443680594,0.02676800692651267,0,-0.10517170751029327
200501,2026-02-01,Piura,Paita,Paita,1732,8.65,Muy bajo,8.4,0,7.680362151015963,26.88287651862008,0,38796.840000000004,3117795.370000001,53848917,4050287.6,0,115977,0,0.817028027498678,0.28144598839493046,0,0,-0.13644368059227924,0.031240504711837282,0,-0.10520317588044195
200507,2026-02-01,Piura,Paita,Vichayal,1733,8.65,Muy bajo,8.4,0,8.266454686936784,40.62978018669077,0,2246.98,269863.0000000001,9390835,542933.23,0,6642,0,0.8397673188789001,0.31534141246350395,0,0,-0.1402411422527763,0.035002896783448936,0,-0.10523824546932738
051003,2026-02-01,Ayacucho,Víctor Fajardo,Apongo,1734,8.63,Muy bajo,8.3,0,11.934145216848844,156.43314285714277,0,12647.81,71177.07999999996,147476,0,0,455,0,0.9153886832363829,0.427833547248381,0,0,-0.15286991010047596,0.04748952374457029,0,-0.10538038635590566
081207,2026-02-01,Cusco,Quispicanchi,Huaro,1735,8.63,Muy bajo,8.3,0,13.87985198651482,239.89757783434496,0,89438.69,1225156.9299999997,6999092,971463.61,0,5107,0,0.9391856160761501,0.46380665304112006,0,0,-0.1568439978847171,0.05148253848756433,0,-0.10536145939715276
200606,2026-02-01,Piura,Sullana,Miguel Checa,1736,8.58,Muy bajo,8.2,0,8.35022935366399,38.87707640895954,0,702.73,430446.99,1719833,143610,0,11072,0,0.8402961396086727,0.31170375828976465,0,0,-0.14032945531464835,0.034599117170163875,0,-0.10573033814448449
110107,2026-02-01,Ica,Ica,Pueblo Nuevo,1737,8.57,Muy bajo,8.2,0,16.50225186840515,315.8637395800359,0,161488.24000000002,2993440.66,4600180,465487.7,0,9477,0,0.9571655208884188,0.4869869550073945,0,0,-0.15984664198836596,0.05405555200582079,0,-0.10579108998254516
110113,2026-02-01,Ica,Ica,Tate,1738,8.57,Muy bajo,8.1,0,18.32245235320105,374.28191250216133,0,119011.3,2164472.299999999,4067587,745281.69,0,5783,0,0.9666842940243258,0.5012964727858612,0,0,-0.1614362771020624,0.05564390847923059,0,-0.10579236862283181
200806,2026-02-01,Piura,Sechura,Rinconada Llicuar,1739,8.57,Muy bajo,8.1,0,17.636513481894823,343.3125815300212,0,910.6199999999999,1126408.5799999996,1492446,257862.44,0,3281,0,0.9619249074563723,0.49401276662862204,0,0,-0.16064145954521417,0.05483541709577704,0,-0.10580604244943712
080508,2026-02-01,Cusco,Canas,Tupac Amaru,1740,8.53,Muy bajo,8,0,11.748280356802832,138.51467918622848,0,26924.57,354043.52,2242471,243661.78,0,2556,0,0.9127445795875199,0.41761501194317635,0,0,-0.15242834479111583,0.046355266325692576,0,-0.10607307846542326
060605,2026-02-01,Cajamarca,Cutervo,La Ramada,1741,8.51,Muy bajo,8,0,16.96373473705677,309.69224533909755,0,179771.67,1146171,3138320,452250.59,0,3701,0,0.9587519830777367,0.4853235732678257,0,0,-0.16011158117398203,0.05387091663272865,0,-0.10624066454125337
250202,2026-02-01,Ucayali,Atalaya,Sepahua,1742,8.5,Muy bajo,7.9,0,3.972880668485214,0.001767130919220056,0,0,15.860000000000003,9107636,336050.51,0,8975,0,0.636700158646219,1.4931222285826125e-4,0,0,-0.10632892649391858,1.6573656737266998e-5,0,-0.10631235283718131
040122,2026-02-01,Arequipa,Arequipa,Socabaya,1743,8.46,Muy bajo,7.9,0,19.606616259417258,372.1981148585505,0,1753697.36,35049152.07999998,55937589,9903694.39,0,94168,0,0.9709148598625066,0.5008255859765908,0,0,-0.1621427815970386,0.05559164004340158,0,-0.10655114155363701
200109,2026-02-01,Piura,Piura,La Arena,1744,8.43,Muy bajo,7.8,0,8.939703392127836,49.49284342825341,0,4397.39,2134329.38,4592663,410570.45,0,43124,0,0.8598625066102591,0.3316645263753789,0,0,-0.14359703860391326,0.03681476242766706,0,-0.1067822761762462
120420,2026-02-01,Junín,Jauja,Muqui,1745,8.4,Muy bajo,7.7,0,10.330827533721543,77.0484562438545,0,2912.19,78358.28000000003,290393,30000,0,1017,0,0.8857747223691169,0.36849408384322613,0,0,-0.14792437863564253,0.0409028433065981,0,-0.10702153532904443
080606,2026-02-01,Cusco,Canchis,San Pablo,1746,8.38,Muy bajo,7.7,0,13.057971801415361,175.28923485899224,0,55359.86,758301.2300000004,4199076,359546.32,0,4326,0,0.9323109465891063,0.43740040331086666,0,0,-0.15569592808038077,0.0485514447675062,0,-0.10714448331287457
030606,2026-02-01,Apurímac,Chincheros,Ongoy,1747,8.37,Muy bajo,7.6,0,26.52181384098994,492.1453488372093,0,6772.070000000001,1058112.5,6013934,866926.15,0,2150,0,0.9904812268640931,0.5243944438838305,0,0,-0.16541036488630356,0.058207783271105186,0,-0.10720258161519838
050907,2026-02-01,Ayacucho,Sucre,Paico,1748,8.37,Muy bajo,7.6,0,9.652901752590735,61.28081677704199,0,2377.11,27760.21000000002,3942221,380538.72,0,453,0,0.8741406663141195,0.3494089048273352,0,0,-0.14598149127445795,0.03878438843583421,0,-0.10719710283862374
060410,2026-02-01,Cajamarca,Chota,Lajas,1749,8.36,Muy bajo,7.5,0,18.27978840645597,315.0842875364431,0,541930.34,3458365.1399999997,8816148,632415.65,0,10976,0,0.9661554732945531,0.4867786682565226,0,0,-0.1613479640401904,0.05403243217647401,0,-0.10731553186371638
211003,2026-02-01,Puno,San Antonio de Putina,Pedro Vilca Apaza,1750,8.36,Muy bajo,7.5,0,27.926514721605507,514.5966821885912,0,40733.57,884077.0999999996,1869667,522132.83,0,1718,0,0.9936541512427287,0.5281595205528851,0,0,-0.1659402432575357,0.058625706781370246,0,-0.10731453647616546
020608,2026-02-01,Áncash,Carhuaz,San Miguel de Aco,1751,8.35,Muy bajo,7.4,0,36.71338742060467,565.5818810679613,0,113229.14,1398118.4100000001,2375297,795967.21,0,2472,0,0.9994711792702274,0.5361340838269054,0,0,-0.166911686938128,0.0595108833047865,0,-0.1074008036333415
081104,2026-02-01,Cusco,Paucartambo,Colquepata,1752,8.34,Muy bajo,7.4,0,17.34784542793247,277.3853110756609,0,177752.38,2434333.49,13573345,789673.98,0,8776,0,0.9598096245372819,0.47603820062898783,0,0,-0.16028820729772608,0.05284024026981765,0,-0.10744796702790843
240203,2026-02-01,Tumbes,Contralmirante Villar,Canoas de Punta Sal,1753,8.34,Muy bajo,7.3,0,4.060421426349173,0.0015831833103886524,0,0,14.950000000000045,11175903,448488.76,0,9443,0,0.6435748281332628,1.337820129498781e-4,0,0,-0.1074769962982549,1.484980343743647e-5,0,-0.10746214649481746
200503,2026-02-01,Piura,Paita,Arenal,1754,8.32,Muy bajo,7.3,0,8.457435898195916,32.94316279069767,0,120.36,42496.67999999999,2698988,118403.61,0,1290,0,0.8424114225277631,0.29807852736430823,0,0,-0.14068270756213644,0.033086716537438214,0,-0.10759599102469822
080506,2026-02-01,Cusco,Canas,Pampamarca,1755,8.31,Muy bajo,7.2,0,12.922221088366697,161.80068743286796,0,21981.17,301272.8800000001,1832489,121716.48,0,1862,0,0.9307244843997885,0.43066878316351437,0,0,-0.1554309888947647,0.047804234931150096,0,-0.1076267539636146
200608,2026-02-01,Piura,Sullana,Salitral,1756,8.28,Muy bajo,7.2,0,7.970026095491944,24.667555201177628,0,330.73999999999995,201089.91000000003,1002472,79897.28,0,8152,0,0.8281332628239026,0.2744449612969677,0,0,-0.13829825489159175,0.030463390703963415,0,-0.10783486418762833
200202,2026-02-01,Piura,Ayabaca,Frias,1757,8.23,Muy bajo,7.1,0,8.478565224732678,31.258378819911595,0,1076.43,650549.3800000001,4530605,382480.3,0,20812,0,0.8434690639873083,0.29377316231181627,0,0,-0.1408593336858805,0.032608821016611604,0,-0.10825051266926888
150708,2026-02-01,Lima,Huarochirí,Huanza,1758,8.2,Muy bajo,7.1,0,27.78983281415452,450.6759516616314,0,18332.88,298347.48,1980371,550341.79,0,662,0,0.9931253305129562,0.5169660104312078,0,0,-0.1658519301956637,0.05738322715786407,0,-0.10846870303779962
090305,2026-02-01,Huancavelica,Angaraes,Chincho,1759,8.15,Muy bajo,7,0,11.700948392659194,98.35144217687079,0,7029.78,72288.31000000003,487140,57000,0,735,0,0.9101004759386568,0.3889033741457411,0,0,-0.1519867794817557,0.04316827453017726,0,-0.10881850495157844
160202,2026-02-01,Loreto,Alto Amazonas,Balsapuerto,1760,8.06,Muy bajo,7,0,4.2789589326087185,0.006237761459724076,0,0.45,112.13,3014752,129000,0,17976,0,0.6557377049180327,5.258814334001338e-4,0,0,-0.10950819672131147,5.837283910741485e-5,0,-0.10944982388220406
010114,2026-02-01,Amazonas,Chachapoyas,Molinopampa,1761,7.99,Muy bajo,6.9,0,4.338541843202386,0.0014246196403872751,0,0.19,3.09,29503,1280,0,2169,0,0.6583818085668959,1.2039261266786788e-4,0,0,-0.10994976203067162,1.3363580006133334e-5,0,-0.1099363984506655
110401,2026-02-01,Ica,Palpa,Palpa,1762,7.95,Muy bajo,6.8,0,24.94608857707905,336.7222423918844,0,171681.06,3153403.799999997,3823698,223807,0,9365,0,0.9873083024854574,0.49237837997392175,0,0,-0.1648804865150714,0.05465400017710532,0,-0.11022648633796608
080308,2026-02-01,Cusco,Anta,Pucyura,1763,7.94,Muy bajo,6.8,0,23.26294730596565,307.1790971316818,0,253996,942425.4699999997,4115779,571333.54,0,3068,0,0.9825489159175039,0.48463672597347024,0,0,-0.16408566895822316,0.053794676583055194,0,-0.11029099237516796
160404,2026-02-01,Loreto,Mariscal Ramón Castilla,San Pablo,1764,7.86,Muy bajo,6.7,0,4.443862901891851,0.0044298279754028174,0,0.23,56.91,2025265,90000,0,12847,0,0.6641988365943945,3.7379784042741005e-4,0,0,-0.11092120571126389,4.149156028744252e-5,0,-0.11087971415097644
051008,2026-02-01,Ayacucho,Víctor Fajardo,Huamanquiquia,1765,7.81,Muy bajo,6.7,0,14.632258719754573,137.626839134525,0,19223.63,146297.33000000007,4391408,239684.37,0,1063,0,0.9434161819143311,0.41707511550413867,0,0,-0.15755050237969329,0.0462953378209594,0,-0.11125516455873388
200706,2026-02-01,Piura,Talara,Mancora,1766,7.79,Muy bajo,6.6,0,7.790669405485976,14.87092507544941,0,474.31,226662.6399999999,8684034,389349.93,0,15242,0,0.822316234796404,0.2337894553093087,0,0,-0.1373268112109995,0.025950629539333265,0,-0.11137618167166623
060405,2026-02-01,Cajamarca,Chota,Chimban,1767,7.75,Muy bajo,6.6,0,21.803679916542265,242.47002276607859,0,71955.14,426019.8300000001,1249974,164051.35,0,1757,0,0.9772607086197779,0.46470494013651287,0,0,-0.1632025383395029,0.05158224835515293,0,-0.11162028998434997
160210,2026-02-01,Loreto,Alto Amazonas,Santa Cruz,1768,7.69,Muy bajo,6.5,0,4.554864099569662,0.005681346552916763,0,0.1,24.64,937635,36548,0,4337,0,0.671602326811211,4.7910486818059995e-4,0,0,-0.11215758857747224,5.3180640368046596e-5,0,-0.11210440793710419
211302,2026-02-01,Puno,Yunguyo,Anapia,1769,7.68,Muy bajo,6.5,0,16.487530594318624,158.79928525845557,0,93.28,248838.47999999986,351781,8000,0,1567,0,0.9566367001586462,0.42909511748061036,0,0,-0.15975832892649391,0.04762955804034775,0,-0.11212877088614617
240304,2026-02-01,Tumbes,Zarumilla,Papayal,1770,7.64,Muy bajo,6.4,0,4.60404322791719,0.0071281655739812225,0,4.06,55.44999999999993,5695301,225667,0,7779,0,0.6737176097303015,6.006819415229716e-4,0,0,-0.11251084082496035,6.667569550904986e-5,0,-0.1124441651294513
140120,2026-02-01,Lambayeque,Chiclayo,Tuman,1771,7.62,Muy bajo,6.4,0,4.732592744781739,0.168107931530119,0,0,5146.120000000003,491591,23265,0,30612,0,0.6827075621364358,0.013140744633371842,0,0,-0.11401216287678478,0.0014586226543042745,0,-0.11255354022248051
130602,2026-02-01,La Libertad,Otuzco,Agallpampa,1772,7.59,Muy bajo,6.3,0,16.039000918920348,140.13179380103927,0,86780.98000000001,1510060.209999999,2124232,340705.59,0,10776,0,0.9534637757800106,0.4185896112458558,0,0,-0.15922845055526177,0.04646344684828999,0,-0.11276500370697179
220303,2026-02-01,San Martín,El Dorado,San Martín,1773,7.59,Muy bajo,6.3,0,5.510812524451279,1.575087466556905,0,906.6899999999999,22960.050000000003,741270,40850,0,14577,0,0.7287149656266526,0.07999221650775253,0,0,-0.12169539925965099,0.00887913603236053,0,-0.11281626322729046
130302,2026-02-01,La Libertad,Bolívar,Bambamarca,1774,7.57,Muy bajo,6.2,0,22.272921695626437,218.74527461486943,0,38288.83,653173.3900000001,1278843,284835.7,0,2986,0,0.9793759915388683,0.4560345432308204,0,0,-0.16355579058699102,0.05061983429862106,0,-0.11293595628836996
050107,2026-02-01,Ayacucho,Huamanga,Pacaycasa,1775,7.4,Muy bajo,6.2,0,12.903836567598606,79.59453283502405,0,25362.09,298161.1200000001,6455562,824815.1699999999,0,3746,0,0.9301956636700158,0.3712088220049298,0,0,-0.15534267583289266,0.041204179242547205,0,-0.11413849659034545
210109,2026-02-01,Puno,Puno,Mañazo,1776,7.35,Muy bajo,6.1,0,20.11727972947586,162.86349114949877,0,52907.079999999994,763666.9099999997,1197675,196741.63,0,4689,0,0.9725013220518244,0.43121907511387636,0,0,-0.16240772078265467,0.047865317337640274,0,-0.1145424034450144
130601,2026-02-01,La Libertad,Otuzco,Otuzco,1777,7.32,Muy bajo,6.1,0,18.46776618494235,147.18273886267883,0,238452.37,4086823.110000003,7760732,1433233.84,0,27767,0,0.967741935483871,0.42271251468769083,0,0,-0.16161290322580646,0.04692108913033368,0,-0.11469181409547277
150407,2026-02-01,Lima,Canta,Santa Rosa de Quives,1778,7.31,Muy bajo,6,0,14.48136652411312,93.48148850272074,0,41154.119999999995,532564.04,2311646,231948.59,0,5697,0,0.9428873611845584,0.3846529844460525,0,0,-0.15746218931782127,0.042696481273511826,0,-0.11476570804430944
200207,2026-02-01,Piura,Ayabaca,Paimas,1779,7.29,Muy bajo,5.9,0,9.675770226372473,27.13299723247233,0,500.36,294121.69000000006,2612641,124439.85,0,10840,0,0.8757271285034374,0.28220122235005274,0,0,-0.14624643046007405,0.03132433568085585,0,-0.11492209477921819
120208,2026-02-01,Junín,Concepción,Manzanares,1780,7.28,Muy bajo,5.9,0,10.863804334542984,40.849791245791245,0,2249.33,60661.94,4517016,490719.78,0,1485,0,0.8984664198836594,0.3157871768646437,0,0,-0.15004389212057112,0.03505237663197545,0,-0.11499151548859568
050510,2026-02-01,Ayacucho,La Mar,Anchihuay,1781,7.24,Muy bajo,5.8,0,24.523831590081546,189.20156306892062,0,62173.22,727480.0099999998,4382901,632913.25,0,3845,0,0.985193019566367,0.44382410785394866,0,0,-0.16452723426758328,0.049264475971788305,0,-0.11526275829579498
130301,2026-02-01,La Libertad,Bolívar,Bolívar,1782,7.16,Muy bajo,5.8,0,22.73801463658808,166.1611039844509,0,49804.49,854898.8799999999,1652161,374468.61,0,5145,0,0.9814912744579588,0.43290405160067486,0,0,-0.16390904283447913,0.04805234972767491,0,-0.11585669310680421
160801,2026-02-01,Loreto,Putumayo,Putumayo,1783,7.15,Muy bajo,5.7,0,4.94098532136804,0.0034349458802739124,0,0.06,15.55,556387,15000,0,4527,0,0.6943416181914331,2.8999142482668476e-4,0,0,-0.11595505023796934,3.218904815576201e-5,0,-0.11592286118981358
090205,2026-02-01,Huancavelica,Acobamba,Marcas,1784,7.14,Muy bajo,5.7,0,11.684283525832772,43.47072489082969,0,3716.73,49773.979999999996,5347548,624822.6699999999,0,1145,0,0.9079851930195664,0.32092424807337794,0,0,-0.1516335272342676,0.03562259153614495,0,-0.11601093569812265
120408,2026-02-01,Junín,Jauja,Huamali,1785,7.12,Muy bajo,5.6,0,15.471983365553399,89.58470108695651,0,5173.85,131868.68,472273,73070,0,1472,0,0.9487043892120571,0.3810910665638875,0,0,-0.15843363299841354,0.04230110838859152,0,-0.11613252460982201
050901,2026-02-01,Ayacucho,Sucre,Querobamba,1786,7.1,Muy bajo,5.6,0,12.374702250741334,54.70322807017545,0,11946.359999999999,140313.78000000003,617130,76368,0,2565,0,0.9222633527234267,0.3399697295343419,0,0,-0.15401797990481228,0.037736639978311955,0,-0.11628133992650033
250103,2026-02-01,Ucayali,Coronel Portillo,Iparia,1787,7.05,Muy bajo,5.5,0,5.082007090514459,0.004793179906720697,0,0.58,62.68999999999999,2400390,47325.490000000005,0,13079,0,0.698572184029614,4.043850184859946e-4,0,0,-0.11666155473294554,4.48867370519454e-5,0,-0.1166166679958936
050511,2026-02-01,Ayacucho,La Mar,Oronccoy,1788,6.98,Muy bajo,5.5,0,17.371200646240737,99.33302547770697,0,8029.76,93571.70999999996,7194842,1238564.94,0,942,0,0.9603384452670545,0.38973480560086327,0,0,-0.1603765203595981,0.043260563421695826,0,-0.11711595693790228
130606,2026-02-01,La Libertad,Otuzco,La Cuesta,1789,6.92,Muy bajo,5.4,0,24.589761265223007,149.02049535603715,0,5597.74,96267.23999999999,126207,31034,0,646,0,0.9857218402961396,0.4237548829773743,0,0,-0.16461554732945533,0.04703679201048855,0,-0.11757875531896678
210108,2026-02-01,Puno,Puno,Huata,1790,6.89,Muy bajo,5.4,0,28.40888519317254,170.05105434782607,0,22145.62,312893.93999999994,1331271,378199.25,0,1840,0,0.9941829719725013,0.43484947471371677,0,0,-0.16602855631940772,0.04826829169322256,0,-0.11776026462618516
160103,2026-02-01,Loreto,Maynas,Fernando Lores,1791,6.83,Muy bajo,5.3,0,5.196618426394268,9.054988475470337e-6,0,0,0.11000000000001364,2187384,113670,0,12148,0,0.7080909571655208,7.657658880433971e-7,0,0,-0.11825118984664199,8.500001357281707e-8,0,-0.11825110484662842
131102,2026-02-01,La Libertad,Gran Chimú,Lucma,1792,6.82,Muy bajo,5.3,0,24.17355017871054,132.51630732449473,0,35286.34,609707.5300000003,1209218,11069,0,4601,0,0.9836065573770492,0.4138985352731345,0,0,-0.1642622950819672,0.04594273741531793,0,-0.11831955766664928
200607,2026-02-01,Piura,Sullana,Querecotillo,1793,6.82,Muy bajo,5.2,0,10.397952654064396,23.248801270448418,0,1028.13,680748.1500000001,4124071,343688.95,0,29281,0,0.8873611845584347,0.269636332364678,0,0,-0.1481893178212586,0.02992963289247926,0,-0.11825968492877935
050512,2026-02-01,Ayacucho,La Mar,Unión Progreso,1794,6.76,Muy bajo,5.2,0,22.11748396935443,116.1689492753624,0,19121.59,224438.41000000015,1866893,402909.76,0,1932,0,0.9788471708090957,0.40285328404333215,0,0,-0.16346747752511898,0.04471671452880987,0,-0.1187507629963091
140102,2026-02-01,Lambayeque,Chiclayo,Chongoyape,1795,6.76,Muy bajo,5.1,0,5.355536196283972,0.13075564520096436,0,0.24,2657.8700000000026,280084,15000,0,20327,0,0.7176097303014278,0.01039232976288284,0,0,-0.11984082496033846,0.0011535486036799954,0,-0.11868727635665846
250203,2026-02-01,Ucayali,Atalaya,Tahuania,1796,6.71,Muy bajo,5.1,0,5.277547803771953,0.002264197530864197,0,0.12,27.509999999999994,11247648,593600,0,12150,0,0.713379164463247,1.9126398145544304e-4,0,0,-0.11913432046536225,2.123030194155418e-5,0,-0.1191130901634207
200108,2026-02-01,Piura,Piura,El Tallan,1797,6.69,Muy bajo,5,0,14.973020463577095,60.66984509769407,0,748.06,344665.39,848532,56079.21,0,5681,0,0.9455314648334214,0.34857519326779673,0,0,-0.1579037546271814,0.038691846452725435,0,-0.11921190817445596
130704,2026-02-01,La Libertad,Pacasmayo,Pacasmayo,1798,6.67,Muy bajo,4.9,0,12.733312212200074,43.130795369463826,0,107615.27,1497760.000000001,3743486,476669.76,0,34726,0,0.9275515600211528,0.3202753299311369,0,0,-0.15490111052353253,0.035550561622356196,0,-0.11935054890117633
240302,2026-02-01,Tumbes,Zarumilla,Aguas Verdes,1799,6.64,Muy bajo,4.9,0,5.349168259318147,0.00985318731767969,0,15.48,206.03999999999996,14856253,393195.51,0,20911,0,0.7165520888418826,8.29193635272082e-4,0,0,-0.1196641988365944,9.20404935152011e-5,0,-0.1195721583430792
051001,2026-02-01,Ayacucho,Víctor Fajardo,Huancapi,1800,6.62,Muy bajo,4.8,0,33.61891615188612,147.61518835616442,0,34144.48,258621.81000000006,2575693,496997.31,0,1752,0,0.9978847170809095,0.42295895679445816,0,0,-0.1666467477525119,0.046948444204184855,0,-0.11969830354832704
130201,2026-02-01,La Libertad,Ascope,Ascope,1801,6.58,Muy bajo,4.8,0,16.804323025973776,70.25401608187137,0,28114.1,480537.4700000002,9971904,1675710.96,0,6840,0,0.958223162347964,0.36079167037766824,0,0,-0.16002326811211,0.040047875411921174,0,-0.11997539270018884
240201,2026-02-01,Tumbes,Contralmirante Villar,Zorritos,1802,6.57,Muy bajo,4.7,0,5.388972917852595,7.432696059305543e-4,0,0.17,11.430000000000064,20797723,434024.99,0,15378,0,0.7191961924907456,6.283405754977112e-5,0,0,-0.12010576414595453,6.974580388024594e-6,0,-0.12009878956556651
150139,2026-02-01,Lima,Lima,Santa Rosa,1803,6.5,Muy bajo,4.7,0,7.000107580600712,2.5136161299289213,0,4048.02,126600.79000000004,678561,17500,0,50366,0,0.7927022739291381,0.10627300114099093,0,0,-0.13238127974616606,0.011796303126649994,0,-0.12058497661951607
140108,2026-02-01,Lambayeque,Chiclayo,Monsefu,1804,6.44,Muy bajo,4.6,0,5.585712035061085,0.13032879424275695,0,0,4871.560000000012,488747,27300,0,37379,0,0.7313590692755156,0.010360399715656181,0,0,-0.12213696456901112,0.001150004368437836,0,-0.12098696020057328
130403,2026-02-01,La Libertad,Chepén,Pueblo Nuevo,1805,6.43,Muy bajo,4.6,0,21.617449841552485,85.31785290720065,0,64611.60999999999,1107852.3200000003,2008236,156137.57,0,12985,0,0.9756742464304601,0.3770107166900678,0,0,-0.16293759915388684,0.041848189552597524,0,-0.1210894096012893
200504,2026-02-01,Piura,Paita,Colan,1806,6.39,Muy bajo,4.5,0,13.565430955123677,39.94250316473114,0,9076.51,725715.3400000001,16769043,1848728.23,0,18169,0,0.9354838709677419,0.31393359082670774,0,0,-0.1562258064516129,0.03484662858176456,0,-0.12137917786984835
050403,2026-02-01,Ayacucho,Huanta,Huamanguilla,1807,6.38,Muy bajo,4.5,0,15.821410957309167,52.80388112845795,0,17445.54,192786.96999999997,764403,66319.34,0,3651,0,0.9513484928609202,0.337035827426181,0,0,-0.15887519830777366,0.03741097684430609,0,-0.12146422146346758
170102,2026-02-01,Madre de Dios,Tambopata,Inambari,1808,6.31,Muy bajo,4.4,0,16.0361525149243,17.008991553358047,3.3341778953484873,886.8,330246.57999999984,1241767,194789.92,64736.39801608623,19416,0,0.952934955050238,0.24447745601089635,0.09046907232204353,0,-0.15914013749338976,0.027136997617209495,0.010042067027746833,-0.12196107284843342
120126,2026-02-01,Junín,Huancayo,Pucara,1809,6.23,Muy bajo,4.4,0,27.447917430420866,98.50226992464032,0,16166.949999999999,431341.43999999994,1295683,355638,0,4379,0,0.9920676890534109,0.38903166263858246,0,0,-0.16567530407191963,0.043182514552882655,0,-0.12249278951903697
150803,2026-02-01,Lima,Huaura,Caleta de Carquin,1810,6.23,Muy bajo,4.3,0,16.128433996265017,50.05618594574229,0,40085.549999999996,531396.4700000002,4278470,690050.21,0,10616,0,0.9545214172395557,0.33260282544347325,0,0,-0.15940507667900583,0.03691891362422553,0,-0.1224861630547803
200110,2026-02-01,Piura,Piura,La Unión,1811,6.11,Muy bajo,4.3,0,16.078735767202275,44.94832159972857,0,3097.72,2119672.95,4082033,186763.18,0,47158,0,0.9539925965097832,0.32368848161445607,0,0,-0.1593167636171338,0.03592942145920462,0,-0.12338734215792917
131203,2026-02-01,La Libertad,Virú,Guadalupito,1812,6.07,Muy bajo,4.2,0,27.665023653910986,87.85860007291286,0,802.42,722988.4199999999,1936889,522933.32999999996,0,8229,0,0.9925965097831835,0.37946404829566027,0,0,-0.16576361713379165,0.04212050936081829,0,-0.12364310777297335
130608,2026-02-01,La Libertad,Otuzco,Mache,1813,6.05,Muy bajo,4.2,0,21.73021412928239,64.47161572052401,0,10166.66,177168,516884,79820,0,2748,0,0.9762030671602326,0.3536342351813455,0,0,-0.16302591221575885,0.03925340010512935,0,-0.1237725121106295
050906,2026-02-01,Ayacucho,Sucre,Morcolla,1814,6.04,Muy bajo,4.1,0,27.37783836825438,84.18096581196579,0,8389.44,98491.72999999998,4879388,896580.64,0,1170,0,0.9915388683236382,0.37588946620995484,0,0,-0.1655869910100476,0.04172373074930499,0,-0.1238632602607426
120905,2026-02-01,Junín,Chupaca,Huamancaca Chico,1815,6.02,Muy bajo,4,0,26.309964815506664,79.08030183727037,0,39369.28,1084665.4200000004,10765538,1800501.73,0,13716,0,0.9888947646747752,0.3706675046516908,0,0,-0.16514542570068746,0.04114409301633768,0,-0.12400133268434979
240303,2026-02-01,Tumbes,Zarumilla,Matapalo,1816,6.01,Muy bajo,4,0,5.747383772833008,0.002781677133357961,0,0.45,15.060000000000002,3926169,220536,0,5414,0,0.742993125330513,2.349164701205709e-4,0,0,-0.12407985193019568,2.607572818338337e-5,0,-0.12405377620201229
220502,2026-02-01,San Martín,Lamas,Alonso de Alvarado,1817,5.99,Muy bajo,3.9,0,7.162568531455708,1.649047247998867,0,952.3499999999999,23279.600000000006,436296,5000,0,14117,0,0.7985193019566367,0.08238691226952412,0,0,-0.13335272342675833,0.009144947261917178,0,-0.12420777616484115
050106,2026-02-01,Ayacucho,Huamanga,Ocros,1818,5.96,Muy bajo,3.9,0,30.440939991830202,85.26802125038493,0,46667.8,553730.5299999998,3613308,372021.71,0,6494,0,0.9957694341618192,0.3769618806806644,0,0,-0.16629349550502381,0.04184276875555375,0,-0.12445072674947007
240202,2026-02-01,Tumbes,Contralmirante Villar,Casitas,1819,5.91,Muy bajo,3.8,0,5.85631415057953,0.0063146997929606615,0,0.05,18.299999999999997,6463601,295148.78,0,2898,0,0.7477525118984664,5.323474325060615e-4,0,0,-0.12487466948704389,5.909056500817283e-5,0,-0.12481557892203571
050113,2026-02-01,Ayacucho,Huamanga,Tambillo,1820,5.89,Muy bajo,3.8,0,22.007489074607896,59.03158435893441,0,32325.1,378923.74,5773477,1270597.3199999998,0,6419,0,0.9783183500793231,0.346298242424294,0,0,-0.16337916446324696,0.03843910490909664,0,-0.12494005955415033
160503,2026-02-01,Loreto,Requena,Capelo,1821,5.63,Muy bajo,3.7,0,6.113627361858489,0.0038337801608579096,0,0.03,7.150000000000001,7177875,362828.53,0,1865,0,0.7593865679534638,3.2359821570213435e-4,0,0,-0.12681755684822846,3.5919401942936914e-5,0,-0.1267816374462855
200305,2026-02-01,Piura,Huancabamba,Lalaquiz,1822,5.6,Muy bajo,3.7,0,13.988920063018812,23.242700078719494,0,170.26,88577.93,1723295,241070.36000000002,0,3811,0,0.9397144368059228,0.269615051507313,0,0,-0.15693231094658913,0.029927270717311747,0,-0.1270050402292774
250303,2026-02-01,Ucayali,Padre Abad,Curimana,1823,5.6,Muy bajo,3.6,0,6.136824039949616,0.001491583036581418,0,0,18.43,3944168,242046.65,0,12356,0,0.7604442094130089,1.2604738036427887e-4,0,0,-0.1269941829719725,1.3991259220434955e-5,0,-0.12698019171275207
100701,2026-02-01,Huánuco,Marañón,Huacrachuco,1824,5.52,Muy bajo,3.6,0,8.937400472242052,4.473231870484347,0,10328.92,66865.87000000002,1456880,62385,0,14948,0,0.8593336858804865,0.14375587598134165,0,0,-0.14350872554204125,0.015956902233928923,0,-0.12755182330811232
100403,2026-02-01,Huánuco,Huacaybamba,Cochabamba,1825,5.5,Muy bajo,3.5,0,9.198447999999999,5.3877854330708645,0,850.17,5473.989999999998,125000,11498.06,0,1016,0,0.8688524590163934,0.15682330590236251,0,0,-0.1450983606557377,0.017407386955162238,0,-0.12769097370057547
051106,2026-02-01,Ayacucho,Vilcas Huamán,Independencia,1826,5.47,Muy bajo,3.5,0,26.84494323168612,53.71632218844986,0,4487.98,53018.01000000001,3207335,535024.58,0,987,0,0.9910100475938657,0.3384579745665147,0,0,-0.16549867794817558,0.037568835176883135,0,-0.12792984277129243
200210,2026-02-01,Piura,Ayabaca,Suyo,1827,5.47,Muy bajo,3.4,0,18.06755684992353,33.38070587266287,0,844.88,405275.1499999999,9827190,1775533.1400000001,0,12141,0,0.965097831835008,0.299161691784019,0,0,-0.16117133791644633,0.03320694778802611,0,-0.12796439012842023
160511,2026-02-01,Loreto,Requena,Yaquerana,1828,5.45,Muy bajo,3.4,0,6.300202105221948,0.004132961413296141,0,0.03,8.89,2043490,125194,0,2151,0,0.7673188789000529,3.4879922532537376e-4,0,0,-0.12814225277630883,3.871671401111649e-5,0,-0.1281035360622977
090204,2026-02-01,Huancavelica,Acobamba,Caja,1829,5.38,Muy bajo,3.3,0,24.90626183954735,46.431784638554205,0,4889.15,61661.40999999999,966042,240604.95,0,1328,0,0.9867794817556849,0.3263756753699364,0,0,-0.16479217345319938,0.03622769996606294,0,-0.12856447348713645
010703,2026-02-01,Amazonas,Utcubamba,Cumba,1830,5.35,Muy bajo,3.3,0,6.365876517704887,0.002728811510095517,0,1.26,22.57000000000002,449198,14058.19,0,8271,0,0.7715494447382337,2.304579729491071e-4,0,0,-0.12884875727128503,2.5580834997350887e-5,0,-0.12882317643628768
051105,2026-02-01,Ayacucho,Vilcas Huamán,Huambalpa,1831,5.2,Muy bajo,3.2,0,26.199999999999996,41.6108398950131,0,4071.88,47561.18999999997,147865,38740.63,0,1143,0,0.9883659439450027,0.3173112644573198,0,0,-0.16505711263881545,0.035221550354762494,0,-0.12983556228405296
160603,2026-02-01,Loreto,Ucayali,Padre Márquez,1832,5.14,Muy bajo,3.1,0,6.688226259065074,0.0041949616648411835,0,0.04,11.490000000000002,462903,30960,0,2739,0,0.780539397144368,3.540207688367293e-4,0,0,-0.13035007932310946,3.929630534087695e-5,0,-0.13031078301776858
200605,2026-02-01,Piura,Sullana,Marcavelica,1833,5.1,Muy bajo,3.1,0,21.779608667111926,31.026435591435586,0,3007.04,1060731.7799999998,4884026,508402.5,0,34188,0,0.9767318878900053,0.2931629018064628,0,0,-0.1631142252776309,0.03254108210051737,0,-0.13057314317711352
160506,2026-02-01,Loreto,Requena,Puinahua,1834,5.09,Muy bajo,3,0,6.708293058100027,0.004022253787878787,0,0.06,16.99,44025195,1743803.84,0,4224,0,0.7826546800634585,3.394748373657602e-4,0,0,-0.13070333157059758,3.7681706947599385e-5,0,-0.13066564986364998
140308,2026-02-01,Lambayeque,Lambayeque,Olmos,1835,4.85,Muy bajo,3,0,9.184642346923436,2.80897910566281,0,3640.26,169794.35999999987,1031069,94700,0,60447,0,0.8677948175568482,0.11309900922081939,0,0,-0.14492173453199364,0.012553990023510953,0,-0.13236774450848268
160211,2026-02-01,Loreto,Alto Amazonas,Teniente Cesar López Rojas,1836,4.81,Muy bajo,2.9,0,7.060117872456266,0.005677042186759361,0,0.14,35.92999999999999,1164479,47213.59,0,6329,0,0.7948175568482284,4.787429088108913e-4,0,0,-0.13273453199365415,5.3140462878008935e-5,0,-0.13268139153077613
050904,2026-02-01,Ayacucho,Sucre,Chilcayoc,1837,4.78,Muy bajo,2.9,0,32.051942879519046,35.30182022471913,0,1340.38,15709.310000000012,2091509,274633.4,0,445,0,0.997355896351137,0.3037598954791091,0,0,-0.16655843469063988,0.03371734839818111,0,-0.13284108629245878
140311,2026-02-01,Lambayeque,Lambayeque,San José,1838,4.69,Muy bajo,2.8,0,7.787965992274951,0.4800551400076716,0,118.03,10012.029999999999,365564,28470,0,20856,0,0.8212585933368588,0.03315767293053621,0,0,-0.13715018508725543,0.003680501695289519,0,-0.1334696833919659
200408,2026-02-01,Piura,Morropón,Santa Catalina de Mossa,1839,4.66,Muy bajo,2.8,0,12.58308622207496,8.087804741980474,0,48.44,28994.78,1134779,94447.76,0,3585,0,0.9249074563722898,0.18663766971177873,0,0,-0.1544595452141724,0.020716781338007438,0,-0.13374276387616496
160105,2026-02-01,Loreto,Maynas,Las Amazonas,1840,4.65,Muy bajo,2.7,0,7.268829929658202,0.012220611491829203,0,0.37,92.72999999999999,1351970,84500,0,7588,0,0.8016922263352724,0.0010272183292694148,0,0,-0.1338826017979905,1.1402123454890504e-4,0,-0.1337685805634416
250204,2026-02-01,Ucayali,Atalaya,Yurua,1841,4.63,Muy bajo,2.7,0,7.273329090793279,0.002280826799714897,0,0.02,6.4,8556195,481020.22000000003,0,2806,0,0.8022210470650449,1.9266710985724192e-4,0,0,-0.1339709148598625,2.1386049194153852e-5,0,-0.13394952881066835
100702,2026-02-01,Huánuco,Marañón,Cholon,1842,4.58,Muy bajo,2.6,0,12.383655556050902,7.249724470134876,0,5777.5599999999995,37626.07000000001,201879,25000,0,5190,0,0.9227921734531994,0.17845533769000757,0,0,-0.15410629296668432,0.01980854248359084,0,-0.13429775048309348
070105,2026-02-01,Callao,Prov. Const. del Callao,La Punta,1843,4.38,Muy bajo,2.6,0,7.577698755276983,0.0015459723352318929,0,0.49,5.699999999999989,48048762,2523624.18,0,3687,0,0.812797461660497,1.3064004192613732e-4,0,0,-0.13573717609730301,1.4501044653801243e-5,0,-0.1357226750526492
160802,2026-02-01,Loreto,Putumayo,Rosa Panduro,1844,4.26,Muy bajo,2.5,0,7.7066909237921974,0.004723183391003459,0,0,2.7299999999999995,79152,3600,0,578,0,0.8180856689582232,3.98493531105467e-4,0,0,-0.1366203067160233,4.4232781952706835e-5,0,-0.1365760739340706
220702,2026-02-01,San Martín,Picota,Buenos Aires,1845,3.94,Muy bajo,2.5,0,11.301328134519313,2.5692196918955106,0,162.26000000000002,7671.689999999995,16414,1855,0,2986,0,0.9032258064516129,0.10760083713394006,0,0,-0.15083870967741936,0.011943692921867347,0,-0.13889501675555202
220204,2026-02-01,San Martín,Bellavista,Huallaga,1846,3.87,Muy bajo,2.4,0,10.751677956141165,1.9585913426265587,0,707.04,5339.119999999999,258648,7350,0,2726,0,0.8952934955050238,0.091732880024572,0,0,-0.14951401374933898,0.010182349682727493,0,-0.1393316640666115
170302,2026-02-01,Madre de Dios,Tahuamanu,Iberia,1847,3.82,Muy bajo,2.4,0,22.481061609365895,11.923444767441863,0,159.17,65626.64000000001,113262,25462.5,0,5504,0,0.9804336329984136,0.2164151592847731,0,0,-0.16373241671073507,0.02402208268060981,0,-0.13971033403012525
100201,2026-02-01,Huánuco,Ambo,Ambo,1848,3.54,Muy bajo,2.3,0,12.626189527987016,3.032975833832634,0,13796.92,75930.54999999999,3527975,445448.81,0,25035,0,0.9270227392913802,0.11793155039965639,0,0,-0.15481279746166052,0.01309040209436186,0,-0.14172239536729866
010201,2026-02-01,Amazonas,Bagua,Bagua,1849,3.48,Muy bajo,2.2,0,8.720416305290545,0.004264454823643098,0,8.67,132.39,1441250,125683,0,31045,0,0.8514013749338974,3.59872967609231e-4,0,0,-0.14218402961396087,3.994589940462464e-5,0,-0.14214408371455625
100503,2026-02-01,Huánuco,Huamalíes,Chavín de Pariarca,1850,3.41,Muy bajo,2.2,0,12.836726251826247,2.7885785172212487,0,1467.19,9553.669999999998,4322385,554852.73,0,3426,0,0.9291380222104707,0.11264484824749268,0,0,-0.15516604970914863,0.012503578155471689,0,-0.14266247155367695
150143,2026-02-01,Lima,Lima,Villa María del Triunfo,1851,3.39,Muy bajo,2.1,0,11.777309522596772,1.87182514005647,0,177410.33,873054.8099999987,8461673,996557.42,0,466419,0,0.9143310417768377,0.0892156485626226,0,0,-0.1526932839767319,0.009902936990451108,0,-0.1427903469862808
160701,2026-02-01,Loreto,Datem del Marañón,Barranca,1852,3.37,Muy bajo,2.1,0,8.811646182404175,0.004565724959140645,0,0,78.21999999999753,25000656,1219303.75,0,17132,0,0.8561607615018508,3.8523902308473974e-4,0,0,-0.1429788471708091,4.276153156240611e-5,0,-0.1429360856392467
220701,2026-02-01,San Martín,Picota,Picota,1853,3.37,Muy bajo,2,0,11.59147606528185,1.4325832150181423,0,424.19,18162.290000000008,714318,0,0,12678,0,0.9058699101004759,0.0751777362466813,0,0,-0.15128027498677948,0.008344728723381625,0,-0.14293554626339786
101104,2026-02-01,Huánuco,Yarowilca,Aparicio Pomares,1854,3.33,Muy bajo,2,0,16.14640121910114,4.644075389237911,0,3259.3999999999996,17001.959999999992,4583705,435491.55,0,3661,0,0.9550502379693284,0.14635527628695952,0,0,-0.15949338974087784,0.01624543566785251,0,-0.14324795407302535
160107,2026-02-01,Loreto,Maynas,Napo,1855,3.32,Muy bajo,1.9,0,8.934758868090338,0.013575087624696685,0,1,251.75,12674121,761564.74,0,18545,0,0.8588048651507139,0.0011403061546772853,0,0,-0.14342041248016923,1.2657398316917866e-4,0,-0.14329383849700006
250302,2026-02-01,Ucayali,Padre Abad,Irazola,1856,3.18,Muy bajo,1.9,0,9.048569861247836,0.002923597406258523,0,0.09,41.479999999995925,2271388,119639.13,0,14188,0,0.86409307244844,2.4688435486233684e-4,0,0,-0.1443035430988895,2.7404163389719388e-5,0,-0.14427613893549976
160104,2026-02-01,Loreto,Maynas,Indiana,1857,3.14,Muy bajo,1.8,0,9.131091321579616,0.010778943624399786,0,0.47,121.22,2466624,173304.26,0,11246,0,0.8662083553675304,9.066843258840114e-4,0,0,-0.14465679534637757,1.0064196017312527e-4,0,-0.14455615338620445
140306,2026-02-01,Lambayeque,Lambayeque,Morrope,1858,3.12,Muy bajo,1.8,0,9.214345805053329,0.04744749278025751,0,371.09000000000003,2891.640000000014,2665016,245563.79,0,60944,0,0.8693812797461661,0.003920291250217408,0,0,-0.14518667371760974,4.351523287741323e-4,0,-0.1447515213888356
100504,2026-02-01,Huánuco,Huamalíes,Jacas Grande,1859,2.89,Muy bajo,1.7,0,17.32381760666615,3.3578191087613285,0,3333.42,17783.009999999995,453635,78586.9,0,5296,0,0.9592808038075092,0.12448285756405925,0,0,-0.16019989423585404,0.013817597189610576,0,-0.14638229704624348
070104,2026-02-01,Callao,Prov. Const. del Callao,La Perla,1860,2.77,Muy bajo,1.7,0,10.081250735004808,1.790297051004201e-4,0,0.28,11.649999999999636,48698661,3171881.38,0,65073,0,0.881544156530936,1.5138969150911295e-5,0,0,-0.1472178741406663,1.6804255757511539e-6,0,-0.14721619371509057
070103,2026-02-01,Callao,Prov. Const. del Callao,Carmen de la Legua Reynoso,1861,2.71,Muy bajo,1.6,0,10.216384231699653,4.201995791754354e-4,0,0.22,20.170000000000073,45267707,4194429.62,0,48001,0,0.884188260179799,3.55283030425772e-5,0,0,-0.14765943945002644,3.943641637726069e-6,0,-0.14765549580838871
160108,2026-02-01,Loreto,Maynas,Punchana,1862,2.63,Muy bajo,1.6,0,10.401066533365851,0.00648904575388456,0,1.81,603.04,8410051,452968,0,92932,0,0.8878900052882073,5.46997868046919e-4,0,0,-0.14827763088313062,6.071676335320801e-5,0,-0.14821691411977742
100703,2026-02-01,Huánuco,Marañón,San Buenaventura,1863,2.43,Muy bajo,1.5,0,31.062979664187583,5.005390668915123,0,1362.1599999999999,8904.590000000004,4027427,1251038.83,0,1779,0,0.9968270756213644,0.15160286393331604,0,0,-0.16647012162876787,0.016827917896598082,0,-0.1496422037321698
100505,2026-02-01,Huánuco,Huamalíes,Jircan,1864,2.32,Muy bajo,1.5,0,22.419722069561118,3.1012342569269533,0,469.59000000000003,2462.380000000001,152844,34267.2,0,794,0,0.9799048122686409,0.11935090574084102,0,0,-0.16364410364886303,0.013247950537233353,0,-0.15039615311162968
100206,2026-02-01,Huánuco,Ambo,San Francisco,1865,2.3,Muy bajo,1.4,0,29.146351462792065,4.291039387308532,0,606.2399999999999,3922.0099999999984,636625,185552.96,0,914,0,0.9952406134320465,0.14089283624880292,0,0,-0.16620518244315177,0.015639104823617123,0,-0.15056607761953464
160605,2026-02-01,Loreto,Ucayali,Sarayacu,1866,2.24,Muy bajo,1.3,0,11.383256417048027,0.004057782405000276,0,0.25,62.36000000004424,3103374,294572.7,0,15368,0,0.9042834479111581,3.424673594327945e-4,0,0,-0.15101533580116341,3.801387689704019e-5,0,-0.15097732192426638
160509,2026-02-01,Loreto,Requena,Tapiche,1867,2.22,Muy bajo,1.3,0,11.58140760480471,0.004713804713804714,0,0.01,4.2,9956232,1088727.81,0,891,0,0.9053410893707033,3.9770411265530097e-4,0,0,-0.15119196192490747,4.414515650473841e-5,0,-0.15114781676840272
220406,2026-02-01,San Martín,Huallaga,Tingo de Saposoa,1868,2.18,Muy bajo,1.2,0,13.433036313974837,0.629730046948357,0,23.37,536.5300000000002,89332,12000,0,852,0,0.9344262295081968,0.04130461017904731,0,0,-0.15604918032786888,0.004584811729874252,0,-0.15146436859799464
160112,2026-02-01,Loreto,Maynas,Belén,1869,2.11,Muy bajo,1.2,0,11.742440196745438,0.0339160359805828,0,6.45,2424.42,7438851,460183.38,0,71483,0,0.9116869381279746,0.0028206707946523153,0,0,-0.15225171866737178,3.13094458206407e-4,0,-0.15193862420916537
160502,2026-02-01,Loreto,Requena,Alto Tapiche,1870,2.06,Muy bajo,1.1,0,11.74282635026282,0.005699658703071674,0,0.03,8.350000000000001,8503900,715055.35,0,1465,0,0.9122157588577472,4.8064474177777464e-4,0,0,-0.1523400317292438,5.3351566337332985e-5,0,-0.15228668016290645
100321,2026-02-01,Huánuco,Dos de Mayo,Shunqui,1871,2,Muy bajo,1.1,0,31.050539286336498,3.295761821366023,0,711.59,3763.7599999999984,126278,39210,0,1142,0,0.9962982548915917,0.12326990323242927,0,0,-0.16638180856689583,0.01368295925879965,0,-0.15269884930809619
140116,2026-02-01,Lambayeque,Chiclayo,Cayalti,1872,1.93,Muy bajo,1,0,12.607300473657833,0.16141426697051325,0,2.52,2337.4400000000023,247436,31195,0,14481,0,0.925965097831835,0.012654742290392682,0,0,-0.15463617133791646,0.0014046763942335877,0,-0.15323149494368288
070102,2026-02-01,Callao,Prov. Const. del Callao,Bellavista,1873,1.81,Muy bajo,1,0,12.598067636732365,0.04946838031254569,0,318.95,4064.520000000004,51767078,4016771.22,0,82164,0,0.9254362771020624,0.00408329640860143,0,0,-0.15454785827604445,4.532459013547587e-4,0,-0.1540946123746897
150117,2026-02-01,Lima,Lima,Los Olivos,1874,1.7,Muy bajo,0.9,0,17.811694529380965,0.8925488534276099,0,10409.52,331736.31000000006,1728415,307860,0,371673,0,0.9629825489159175,0.053948500292339996,0,0,-0.16081808566895822,0.005988283532449739,0,-0.1548298021365085
160602,2026-02-01,Loreto,Ucayali,Inahuaya,1875,1.65,Muy bajo,0.9,0,12.87305451058494,0.004408265497808391,0,0.03,7.04,189798,24432.8,0,1597,0,0.9296668429402433,3.719823506737638e-4,0,0,-0.15525436277102064,4.129004092478778e-5,0,-0.15521307273009585
070101,2026-02-01,Callao,Prov. Const. del Callao,Callao,1876,1.58,Muy bajo,0.8,0,13.093170077387043,0.009777951482479771,0,429.89,5441.429999999993,151511541,4338583.35,0,556500,0,0.9328397673188789,8.228928777741996e-4,0,0,-0.15578424114225278,9.134110943293615e-5,0,-0.15569290003281985
160113,2026-02-01,Loreto,Maynas,San Juan Bautista,1877,1.48,Muy bajo,0.8,0,13.748743024960394,0.013490131849294963,0,0,2297.99,23349509,2395858.32,0,170346,0,0.9375991538868323,0.0011332174764582764,0,0,-0.15657905869910102,1.257871398868687e-4,0,-0.15645327155921415
140111,2026-02-01,Lambayeque,Chiclayo,Picsi,1878,1.43,Muy bajo,0.7,0,14.981828551722309,0.13765101530971768,0,31.65,2148.8700000000026,301572,45181,0,15611,0,0.9460602855631941,0.010906465842921688,0,0,-0.1579920676890534,0.0012106177085643075,0,-0.1567814499804891
070107,2026-02-01,Callao,Prov. Const. del Callao,Mi Perú,1879,1.35,Muy bajo,0.7,0,14.326547247273428,3.4367921019714214e-4,0,0,20.330000000001746,46306270,3457690.24,0,59154,0,0.9423585404547858,2.905953923941915e-5,0,0,-0.15737387625594926,3.2256088555755256e-6,0,-0.15737065064709369
140302,2026-02-01,Lambayeque,Lambayeque,Chochope,1880,1.33,Muy bajo,0.6,0,20.008565399865514,0.6516294642857129,0,20.93,1167.7199999999975,215635,43145.47,0,1792,0,0.9714436805922793,0.04243343167064098,0,0,-0.16223109465891064,0.004710110915441149,0,-0.15752098374346948
160501,2026-02-01,Loreto,Requena,Requena,1881,1.12,Muy bajo,0.6,0,15.994572248687355,0.004429060855437432,0,0.5,125.4,58432854,8991233.01,0,28313,0,0.9524061343204654,3.7373325211589295e-4,0,0,-0.15905182443151772,4.148439098486412e-5,0,-0.15901034004053285
150107,2026-02-01,Lima,Lima,Chaclacayo,1882,1.09,Muy bajo,0.5,0,28.43438550133555,1.081008457201435,0,1671.15,50617.139999999985,348170,0,0,46824,0,0.994711792702274,0.061976453432209644,0,0,-0.16611686938127976,0.006879386330975271,0,-0.1592374830503045
140104,2026-02-01,Lambayeque,Chiclayo,Eten Puerto,1883,1.08,Muy bajo,0.4,0,16.36858519354803,0.042382671480144345,0,0.01,105.65999999999985,89461,13778.5,0,2493,0,0.9561078794288737,0.0035103760148362897,0,0,-0.1596700158646219,3.8965173764682814e-4,0,-0.15928036412697508
010705,2026-02-01,Amazonas,Utcubamba,Jamalca,1884,0.99,Muy bajo,0.4,0,16.692587803948758,0.0017682656826568251,0,0.57,11.97999999999999,320202,0,0,6775,0,0.9576943416181914,1.494080190822279e-4,0,0,-0.15993495505023797,1.6584290118127295e-5,0,-0.15991837076011983
160510,2026-02-01,Loreto,Requena,Jenaro Herrera,1885,0.84,Muy bajo,0.3,0,18.017886527236183,0.0050846091861402095,0,0.1,25.240000000000002,8163351,1085961.77,0,4964,0,0.9645690111052353,4.289097132553237e-4,0,0,-0.1610830248545743,4.760897817134093e-5,0,-0.16103541587640294
140115,2026-02-01,Lambayeque,Chiclayo,Saña,1886,0.75,Muy bajo,0.3,0,18.507983287323736,0.00449957361035746,0,29.02,58.04000000000087,160836,29767.5,0,12899,0,0.9682707562136436,3.7966992678567285e-4,0,0,-0.16170121628767847,4.214336187320969e-5,0,-0.16165907292580525
160110,2026-02-01,Loreto,Maynas,Torres Causana,1887,0.64,Muy bajo,0.2,0,20.402627732986645,0.014892737650068882,0,0.3,75.66999999999999,15013017,1401346.8399999999,0,5081,0,0.9735589635113696,0.0012501743747106106,0,0,-0.16258434690639872,1.3876935559287777e-4,0,-0.16244557755080585
140118,2026-02-01,Lambayeque,Chiclayo,Pomalca,1888,0.6,Muy bajo,0.2,0,22.972662531587414,0.14242072103605202,0,0,4068.9600000000064,130590,30000,0,28570,0,0.9820200951877314,0.011260286988363028,0,0,-0.16399735589635114,0.001249891855708296,0,-0.16274746404064286
160507,2026-02-01,Loreto,Requena,Saquena,1889,0.45,Muy bajo,0.1,0,22.560664978712985,0.003302617029119056,0,0.03,8.959999999999999,3660448,296708.22,0,2713,0,0.9809624537281861,2.788381080053782e-4,0,0,-0.1638207297726071,3.095102998859698e-5,0,-0.1637897787426185
220903,2026-02-01,San Martín,San Martín,Cacatachi,1890,0.43,Muy bajo,0.1,0,63.51440097570129,0.38996803540693364,0,8.92,1585.999999999999,85272,54160,0,4067,0,1,0.027846872342845237,0,0,-0.167,0.003091002830055821,0,-0.1639089971699442
010517,2026-02-01,Amazonas,Luya,San Francisco de Yeso,1891,0.07,Muy bajo,0,0,36.650512791615014,0.034736048265460034,0,1.69,23.03,44365,16260,0,663,0,0.9989423585404548,0.002887716814715606,0,0,-0.16682337387625595,3.205365664334323e-4,0,-0.16650283730982252
