DEPARTAMENTO,PROVINCIA,DISTRITO,2019,2020,2021,2022,2023,2024,2025,2026
AMAZONAS,BAGUA,ARAMANGO,10300,10149,10049,9919,9770,9613,9458,9304
AMAZONAS,BAGUA,BAGUA,29540,29905,30240,30479,30652,30790,30921,31045
AMAZONAS,BAGUA,COPALLIN,4787,4660,4563,4452,4334,4213,4093,3975
AMAZONAS,BAGUA,EL PARCO,1292,1287,1281,1273,1262,1251,1240,1227
AMAZONAS,BAGUA,IMAZA,31300,32136,32789,33338,33812,34240,34658,35062
AMAZONAS,BAGUA,LA PECA,6631,6535,6453,6374,6299,6226,6155,6086
AMAZONAS,BONGARÁ,CHISQUILLA,321,319,317,313,310,308,304,300
AMAZONAS,BONGARÁ,CHURUJA,301,301,300,298,295,292,289,286
AMAZONAS,BONGARÁ,COROSHA,819,825,831,835,842,849,856,863
AMAZONAS,BONGARÁ,CUISPES,694,684,673,662,650,638,626,614
AMAZONAS,BONGARÁ,FLORIDA,6409,6397,6380,6353,6321,6283,6245,6206
AMAZONAS,BONGARÁ,JAZAN,7994,7931,7855,7774,7683,7588,7494,7399
AMAZONAS,BONGARÁ,JUMBILLA,1354,1332,1309,1283,1258,1232,1207,1182
AMAZONAS,BONGARÁ,RECTA,219,218,215,216,213,208,205,202
AMAZONAS,BONGARÁ,SAN CARLOS,535,551,565,579,592,606,619,632
AMAZONAS,BONGARÁ,SHIPASBAMBA,1656,1678,1698,1716,1730,1748,1761,1774
AMAZONAS,BONGARÁ,VALERA,868,837,806,775,745,715,687,659
AMAZONAS,BONGARÁ,YAMBRASBAMBA,5802,5757,5706,5645,5581,5513,5445,5376
AMAZONAS,CHACHAPOYAS,ASUNCION,281,278,277,276,273,271,269,267
AMAZONAS,CHACHAPOYAS,BALSAS,1202,1180,1169,1158,1147,1137,1125,1113
AMAZONAS,CHACHAPOYAS,CHACHAPOYAS,37870,39051,39691,40274,40817,41335,41843,42342
AMAZONAS,CHACHAPOYAS,CHETO,696,702,705,707,710,713,716,719
AMAZONAS,CHACHAPOYAS,CHILIQUIN,604,589,581,575,568,561,554,547
AMAZONAS,CHACHAPOYAS,CHUQUIBAMBA,1955,1933,1922,1910,1898,1884,1872,1860
AMAZONAS,CHACHAPOYAS,GRANADA,532,539,541,543,546,549,551,553
AMAZONAS,CHACHAPOYAS,HUANCAS,1395,1456,1481,1500,1515,1526,1538,1550
AMAZONAS,CHACHAPOYAS,LA JALCA,4080,3966,3834,3697,3558,3418,3279,3140
AMAZONAS,CHACHAPOYAS,LEIMEBAMBA,3845,3815,3799,3781,3759,3738,3716,3693
AMAZONAS,CHACHAPOYAS,LEVANTO,817,803,796,789,781,774,768,762
AMAZONAS,CHACHAPOYAS,MAGDALENA,913,911,910,906,903,900,895,890
AMAZONAS,CHACHAPOYAS,MARISCAL CASTILLA,1507,1534,1561,1586,1609,1631,1653,1675
AMAZONAS,CHACHAPOYAS,MOLINOPAMPA,2296,2266,2251,2235,2218,2201,2185,2169
AMAZONAS,CHACHAPOYAS,MONTEVIDEO,503,487,479,472,465,459,452,445
AMAZONAS,CHACHAPOYAS,OLLEROS,429,435,438,441,444,446,448,450
AMAZONAS,CHACHAPOYAS,QUINJALCA,807,792,785,778,770,763,757,751
AMAZONAS,CHACHAPOYAS,SAN FRANCISCO DE DAGUAS,323,323,325,326,329,332,335,338
AMAZONAS,CHACHAPOYAS,SAN ISIDRO DE MAINO,599,590,585,581,576,570,565,560
AMAZONAS,CHACHAPOYAS,SOLOCO,1279,1261,1252,1243,1234,1224,1214,1204
AMAZONAS,CHACHAPOYAS,SONCHE,274,277,279,280,283,286,289,292
AMAZONAS,CONDORCANQUI,EL CENEPA,12213,12537,12854,13122,13358,13578,13797,14016
AMAZONAS,CONDORCANQUI,NIEVA,21071,20847,20569,20264,19939,19600,19256,18904
AMAZONAS,CONDORCANQUI,RIO SANTIAGO,17543,17960,18364,18696,18978,19233,19486,19735
AMAZONAS,LUYA,CAMPORREDONDO,7422,7515,7584,7644,7688,7729,7767,7802
AMAZONAS,LUYA,COCABAMBA,2068,2045,2015,1983,1948,1913,1878,1842
AMAZONAS,LUYA,COLCAMAR,1975,1933,1887,1838,1789,1739,1689,1642
AMAZONAS,LUYA,CONILA,1939,1923,1899,1875,1847,1819,1791,1762
AMAZONAS,LUYA,INGUILPATA,502,486,469,451,434,417,402,386
AMAZONAS,LUYA,LAMUD,2381,2375,2363,2345,2326,2305,2283,2261
AMAZONAS,LUYA,LONGUITA,892,883,873,860,847,833,818,804
AMAZONAS,LUYA,LONYA CHICO,876,858,838,817,796,775,753,733
AMAZONAS,LUYA,LUYA,4139,4118,4086,4047,4004,3957,3911,3862
AMAZONAS,LUYA,LUYA VIEJO,407,405,401,398,394,388,383,377
AMAZONAS,LUYA,MARIA,785,776,764,752,738,724,711,697
AMAZONAS,LUYA,OCALLI,3939,3950,3953,3957,3962,3966,3971,3975
AMAZONAS,LUYA,OCUMAL,3734,3712,3679,3641,3599,3554,3508,3462
AMAZONAS,LUYA,PISUQUIA,5125,5075,5012,4940,4862,4784,4707,4624
AMAZONAS,LUYA,PROVIDENCIA,1399,1389,1374,1356,1339,1320,1300,1280
AMAZONAS,LUYA,SAN CRISTOBAL,563,550,535,520,505,490,474,460
AMAZONAS,LUYA,SAN FRANCISCO DEL YESO,739,732,722,711,699,688,675,663
AMAZONAS,LUYA,SAN JERONIMO,645,621,597,571,547,524,500,478
AMAZONAS,LUYA,SAN JUAN DE LOPECANCHA,445,434,423,411,399,388,377,366
AMAZONAS,LUYA,SANTA CATALINA,2114,2145,2168,2189,2206,2222,2238,2253
AMAZONAS,LUYA,SANTO TOMAS,3127,3070,3004,2935,2865,2793,2722,2653
AMAZONAS,LUYA,TINGO,1367,1375,1378,1381,1385,1388,1392,1395
AMAZONAS,LUYA,TRITA,1449,1457,1458,1459,1461,1463,1464,1465
AMAZONAS,RODRÍGUEZ DE MENDOZA,CHIRIMOTO,2799,2877,2914,2946,2971,2996,3017,3037
AMAZONAS,RODRÍGUEZ DE MENDOZA,COCHAMAL,633,636,638,639,642,645,648,651
AMAZONAS,RODRÍGUEZ DE MENDOZA,HUAMBO,2722,2664,2590,2515,2439,2363,2287,2211
AMAZONAS,RODRÍGUEZ DE MENDOZA,LIMABAMBA,2465,2431,2385,2338,2290,2242,2194,2146
AMAZONAS,RODRÍGUEZ DE MENDOZA,LONGAR,1691,1673,1647,1621,1594,1567,1540,1513
AMAZONAS,RODRÍGUEZ DE MENDOZA,MARISCAL BENAVIDES,1566,1559,1539,1519,1498,1477,1456,1435
AMAZONAS,RODRÍGUEZ DE MENDOZA,MILPUC,439,419,411,405,399,393,387,381
AMAZONAS,RODRÍGUEZ DE MENDOZA,OMIA,9830,10028,10127,10206,10273,10328,10385,10438
AMAZONAS,RODRÍGUEZ DE MENDOZA,SAN NICOLAS,6399,6499,6551,6594,6629,6660,6690,6719
AMAZONAS,RODRÍGUEZ DE MENDOZA,SANTA ROSA,534,529,527,526,525,524,523,522
AMAZONAS,RODRÍGUEZ DE MENDOZA,TOTORA,290,288,289,286,285,284,283,282
AMAZONAS,RODRÍGUEZ DE MENDOZA,VISTA ALEGRE,3754,4048,4277,4504,4729,4955,5180,5404
AMAZONAS,UTCUBAMBA,BAGUA GRANDE,57076,57746,58380,58947,59466,59952,60434,60907
AMAZONAS,UTCUBAMBA,CAJARURO,24794,24525,24236,23916,23574,23221,22864,22504
AMAZONAS,UTCUBAMBA,CUMBA,8819,8760,8695,8620,8536,8449,8361,8271
AMAZONAS,UTCUBAMBA,EL MILAGRO,6471,6503,6531,6551,6564,6576,6586,6596
AMAZONAS,UTCUBAMBA,JAMALCA,7269,7215,7156,7087,7012,6934,6855,6775
AMAZONAS,UTCUBAMBA,LONYA GRANDE,11182,11300,11412,11509,11598,11681,11763,11843
AMAZONAS,UTCUBAMBA,YAMON,3242,3245,3247,3249,3252,3255,3258,3261
ÁNCASH,AIJA,AIJA,2175,2182,2186,2184,2178,2169,2158,2145
ÁNCASH,AIJA,CORIS,1683,1649,1594,1538,1480,1424,1369,1315
ÁNCASH,AIJA,HUACLLAN,371,358,342,327,312,296,281,267
ÁNCASH,AIJA,LA MERCED,1573,1517,1468,1418,1366,1315,1266,1217
ÁNCASH,AIJA,SUCCHA,739,727,715,703,688,674,660,646
ÁNCASH,ANTONIO RAYMONDI,ACZO,1988,1958,1914,1863,1809,1752,1696,1640
ÁNCASH,ANTONIO RAYMONDI,CHACCHO,1385,1346,1314,1283,1254,1225,1197,1168
ÁNCASH,ANTONIO RAYMONDI,CHINGAS,1956,1946,1898,1843,1785,1725,1666,1607
ÁNCASH,ANTONIO RAYMONDI,LLAMELLIN,3446,3413,3373,3325,3272,3216,3159,3102
ÁNCASH,ANTONIO RAYMONDI,MIRGAS,4212,4135,4063,3986,3910,3832,3754,3677
ÁNCASH,ANTONIO RAYMONDI,SAN JUAN DE RONTOY,1181,1152,1128,1104,1078,1055,1032,1009
ÁNCASH,ASUNCIÓN,ACOCHACA,2980,2923,2860,2792,2720,2649,2578,2506
ÁNCASH,ASUNCIÓN,CHACAS,4825,4787,4731,4665,4596,4521,4447,4372
ÁNCASH,BOLOGNESI,ABELARDO PARDO LEZAMETA,231,215,210,203,196,189,183,177
ÁNCASH,BOLOGNESI,ANTONIO RAYMONDI,1034,1020,990,958,927,896,865,834
ÁNCASH,BOLOGNESI,AQUIA,2136,2079,2000,1925,1853,1782,1714,1646
ÁNCASH,BOLOGNESI,CAJACAY,1856,1868,1888,1899,1904,1909,1914,1919
ÁNCASH,BOLOGNESI,CANIS,298,279,261,246,232,221,209,197
ÁNCASH,BOLOGNESI,CHIQUIAN,4095,4087,4047,3990,3924,3851,3777,3704
ÁNCASH,BOLOGNESI,COLQUIOC,2404,2348,2265,2183,2104,2027,1953,1879
ÁNCASH,BOLOGNESI,HUALLANCA,6610,6473,6401,6304,6193,6064,5931,5800
ÁNCASH,BOLOGNESI,HUASTA,1408,1341,1271,1210,1153,1101,1052,1003
ÁNCASH,BOLOGNESI,HUAYLLACAYAN,1361,1365,1336,1298,1256,1212,1169,1126
ÁNCASH,BOLOGNESI,LA PRIMAVERA,458,444,421,399,378,359,342,325
ÁNCASH,BOLOGNESI,MANGAS,520,515,501,486,471,455,440,425
ÁNCASH,BOLOGNESI,PACLLON,915,874,830,792,755,722,691,660
ÁNCASH,BOLOGNESI,SAN MIGUEL DE CORPANQUI,492,471,449,429,410,392,375,358
ÁNCASH,BOLOGNESI,TICLLOS,656,633,605,580,556,534,511,488
ÁNCASH,CARHUAZ,ACOPAMPA,2768,2794,2812,2820,2823,2826,2829,2831
ÁNCASH,CARHUAZ,AMASHCA,1529,1520,1507,1491,1473,1453,1434,1414
ÁNCASH,CARHUAZ,ANTA,2579,2598,2610,2613,2615,2617,2619,2620
ÁNCASH,CARHUAZ,ATAQUERO,1607,1617,1624,1628,1632,1636,1640,1643
ÁNCASH,CARHUAZ,CARHUAZ,16428,16675,16804,16917,17006,17083,17155,17222
ÁNCASH,CARHUAZ,MARCARA,10593,10782,10940,11067,11167,11249,11321,11389
ÁNCASH,CARHUAZ,PARIAHUANCA,1458,1455,1455,1454,1450,1444,1440,1435
ÁNCASH,CARHUAZ,SAN MIGUEL DE ACO,2505,2502,2502,2498,2493,2487,2480,2472
ÁNCASH,CARHUAZ,SHILLA,2943,2915,2901,2886,2872,2858,2843,2827
ÁNCASH,CARHUAZ,TINCO,3778,3861,3933,3995,4050,4099,4146,4191
ÁNCASH,CARHUAZ,YUNGAR,3278,3288,3298,3300,3302,3304,3306,3307
ÁNCASH,CARLOS FERMÍN FITZCARRALD,SAN LUIS,11158,11083,10975,10842,10694,10528,10347,10150
ÁNCASH,CARLOS FERMÍN FITZCARRALD,SAN NICOLAS,3282,3233,3171,3101,3025,2947,2868,2788
ÁNCASH,CARLOS FERMÍN FITZCARRALD,YAUYA,4257,4180,4085,3982,3872,3758,3645,3529
ÁNCASH,CASMA,BUENA VISTA ALTA,5276,5413,5533,5645,5751,5856,5963,6072
ÁNCASH,CASMA,CASMA,39286,40363,41315,42209,43067,43919,44792,45688
ÁNCASH,CASMA,COMANDANTE NOEL,2313,2340,2360,2375,2387,2396,2405,2413
ÁNCASH,CASMA,YAUTAN,9002,9140,9264,9376,9483,9587,9693,9802
ÁNCASH,CORONGO,ACO,391,380,366,352,336,321,307,293
ÁNCASH,CORONGO,BAMBAS,483,481,474,464,453,441,426,411
ÁNCASH,CORONGO,CORONGO,1792,1790,1794,1795,1796,1797,1798,1799
ÁNCASH,CORONGO,CUSCA,2874,2881,2892,2901,2903,2907,2911,2913
ÁNCASH,CORONGO,LA PAMPA,1084,1078,1062,1044,1024,999,972,945
ÁNCASH,CORONGO,YANAC,672,666,654,638,622,604,587,570
ÁNCASH,CORONGO,YUPAN,741,741,727,712,697,681,665,649
ÁNCASH,HUARAZ,LA LIBERTAD,1122,1110,1102,1095,1090,1084,1079,1074
ÁNCASH,HUARAZ,COCHABAMBA,1723,1698,1682,1669,1658,1648,1638,1628
ÁNCASH,HUARAZ,COLCABAMBA,293,274,262,252,245,239,234,228
ÁNCASH,HUARAZ,HUANCHAY,1689,1652,1627,1608,1593,1580,1566,1553
ÁNCASH,HUARAZ,HUARAZ,67418,68466,69249,69882,70410,70876,71323,71747
ÁNCASH,HUARAZ,INDEPENDENCIA,84931,87112,88989,90711,92336,93922,95535,97176
ÁNCASH,HUARAZ,JANGAS,5138,5206,5254,5292,5320,5344,5366,5384
ÁNCASH,HUARAZ,OLLEROS,2514,2507,2503,2498,2493,2487,2481,2474
ÁNCASH,HUARAZ,PAMPAS,1020,998,984,973,964,956,948,941
ÁNCASH,HUARAZ,PARIACOTO,5163,5235,5287,5328,5361,5391,5418,5444
ÁNCASH,HUARAZ,PIRA,3518,3489,3472,3456,3442,3428,3414,3401
ÁNCASH,HUARAZ,TARICA,7337,7529,7695,7848,7992,8133,8277,8423
ÁNCASH,HUARI,ANRA,1443,1414,1394,1371,1344,1316,1283,1249
ÁNCASH,HUARI,CAJAY,2690,2661,2651,2637,2619,2599,2576,2550
ÁNCASH,HUARI,CHAVIN DE HUANTAR,8517,8462,8467,8464,8453,8436,8415,8390
ÁNCASH,HUARI,HUACACHI,1862,1841,1836,1830,1825,1821,1818,1816
ÁNCASH,HUARI,HUACCHIS,1446,1401,1366,1330,1294,1255,1216,1174
ÁNCASH,HUARI,HUACHIS,3604,3589,3602,3614,3625,3636,3649,3663
ÁNCASH,HUARI,HUANTAR,2768,2746,2743,2737,2728,2717,2705,2691
ÁNCASH,HUARI,HUARI,9806,9803,9796,9786,9776,9765,9756,9749
ÁNCASH,HUARI,MASIN,1401,1360,1329,1297,1264,1230,1193,1155
ÁNCASH,HUARI,PAUCAS,1601,1565,1539,1511,1479,1446,1408,1368
ÁNCASH,HUARI,PONTO,2781,2725,2688,2647,2602,2552,2499,2443
ÁNCASH,HUARI,RAHUAPAMPA,751,751,759,764,767,771,776,781
ÁNCASH,HUARI,RAPAYAN,1483,1461,1449,1433,1415,1394,1372,1346
ÁNCASH,HUARI,SAN MARCOS,18998,19498,19745,19991,20237,20489,20749,21016
ÁNCASH,HUARI,SAN PEDRO DE CHANA,2695,2694,2711,2724,2734,2741,2745,2748
ÁNCASH,HUARI,UCO,1327,1293,1269,1246,1223,1199,1176,1151
ÁNCASH,HUARMEY,COCHAPETI,820,814,806,797,786,773,761,749
ÁNCASH,HUARMEY,CULEBRAS,3382,3405,3418,3424,3431,3438,3445,3451
ÁNCASH,HUARMEY,HUARMEY,26644,27123,27494,27805,28067,28300,28519,28725
ÁNCASH,HUARMEY,HUAYAN,971,961,955,950,945,940,935,930
ÁNCASH,HUARMEY,MALVAS,782,763,751,742,734,727,720,713
ÁNCASH,HUAYLAS,CARAZ,26663,26949,27141,27281,27376,27443,27501,27550
ÁNCASH,HUAYLAS,HUALLANCA,1096,1110,1121,1130,1139,1147,1157,1167
ÁNCASH,HUAYLAS,HUATA,1410,1394,1385,1377,1371,1366,1360,1354
ÁNCASH,HUAYLAS,HUAYLAS,1712,1697,1688,1682,1675,1669,1663,1657
ÁNCASH,HUAYLAS,MATO,1977,1967,1950,1928,1905,1880,1853,1825
ÁNCASH,HUAYLAS,PAMPAROMAS,8577,8577,8580,8578,8573,8564,8556,8545
ÁNCASH,HUAYLAS,PUEBLO LIBRE,6980,6990,6998,7001,7003,7005,7007,7007
ÁNCASH,HUAYLAS,SANTA CRUZ,4606,4588,4578,4568,4559,4549,4539,4528
ÁNCASH,HUAYLAS,SANTO TORIBIO,1113,1092,1079,1069,1061,1055,1046,1037
ÁNCASH,HUAYLAS,YURACMARCA,2161,2193,2218,2239,2257,2275,2292,2308
ÁNCASH,MARISCAL LUZURIAGA,CASCA,4036,4015,3960,3902,3840,3776,3713,3648
ÁNCASH,MARISCAL LUZURIAGA,ELEAZAR GUZMAN BARRON,1413,1421,1410,1394,1375,1355,1334,1314
ÁNCASH,MARISCAL LUZURIAGA,FIDEL OLIVAS ESCUDERO,2016,1993,1942,1886,1825,1765,1704,1645
ÁNCASH,MARISCAL LUZURIAGA,LLAMA,1040,1015,989,965,945,923,902,881
ÁNCASH,MARISCAL LUZURIAGA,LLUMPA,6294,6315,6362,6395,6416,6430,6439,6441
ÁNCASH,MARISCAL LUZURIAGA,LUCMA,2894,2870,2831,2787,2740,2691,2642,2592
ÁNCASH,MARISCAL LUZURIAGA,MUSGA,1040,1036,1018,994,970,944,919,894
ÁNCASH,MARISCAL LUZURIAGA,PISCOBAMBA,3158,3122,3095,3063,3025,2986,2946,2905
ÁNCASH,OCROS,ACAS,689,676,640,603,566,532,498,464
ÁNCASH,OCROS,CAJAMARQUILLA,307,297,286,275,264,252,241,230
ÁNCASH,OCROS,CARHUAPAMPA,469,447,420,395,374,354,335,316
ÁNCASH,OCROS,COCHAS,1553,1566,1580,1586,1589,1591,1594,1599
ÁNCASH,OCROS,CONGAS,1313,1313,1302,1287,1268,1238,1206,1174
ÁNCASH,OCROS,LLIPA,259,233,230,225,220,214,209,204
ÁNCASH,OCROS,OCROS,1275,1259,1245,1227,1204,1178,1149,1120
ÁNCASH,OCROS,SAN CRISTOBAL DE RAJAN,449,437,411,383,355,329,305,281
ÁNCASH,OCROS,SAN PEDRO,593,544,496,458,422,395,369,343
ÁNCASH,OCROS,SANTIAGO DE CHILCAS,452,452,456,458,461,464,467,470
ÁNCASH,PALLASCA,BOLOGNESI,1043,1017,989,959,928,897,867,837
ÁNCASH,PALLASCA,CABANA,2608,2588,2558,2522,2484,2442,2401,2359
ÁNCASH,PALLASCA,CONCHUCOS,7877,7850,7793,7720,7633,7536,7437,7332
ÁNCASH,PALLASCA,HUACASCHUQUE,543,532,520,506,492,481,465,451
ÁNCASH,PALLASCA,HUANDOVAL,1087,1082,1072,1059,1044,1030,1015,997
ÁNCASH,PALLASCA,LACABAMBA,528,517,505,494,479,465,451,439
ÁNCASH,PALLASCA,LLAPO,629,624,618,607,599,588,577,567
ÁNCASH,PALLASCA,PALLASCA,2529,2517,2497,2470,2440,2407,2374,2338
ÁNCASH,PALLASCA,PAMPAS,3902,3697,3490,3287,3090,2902,2721,2551
ÁNCASH,PALLASCA,SANTA ROSA,1148,1147,1140,1133,1123,1110,1098,1086
ÁNCASH,PALLASCA,TAUCA,2835,2800,2754,2704,2648,2592,2535,2476
ÁNCASH,POMABAMBA,HUAYLLAN,3094,3051,2997,2936,2870,2801,2732,2663
ÁNCASH,POMABAMBA,PAROBAMBA,6404,6369,6313,6239,6151,6056,5960,5861
ÁNCASH,POMABAMBA,POMABAMBA,14928,14933,14886,14818,14737,14648,14554,14455
ÁNCASH,POMABAMBA,QUINUABAMBA,2334,2322,2302,2276,2245,2212,2177,2141
ÁNCASH,RECUAY,CATAC,4070,4060,4030,3990,3941,3887,3832,3771
ÁNCASH,RECUAY,COTAPARACO,409,394,379,362,346,329,312,297
ÁNCASH,RECUAY,HUAYLLAPAMPA,614,580,546,511,477,443,412,380
ÁNCASH,RECUAY,LLACLLIN,893,855,816,776,737,698,661,626
ÁNCASH,RECUAY,MARCA,1843,1924,1999,2071,2139,2206,2271,2336
ÁNCASH,RECUAY,PAMPAS CHICO,901,854,808,762,716,670,624,578
ÁNCASH,RECUAY,PARARIN,1681,1716,1745,1768,1788,1806,1820,1834
ÁNCASH,RECUAY,RECUAY,4577,4527,4455,4374,4285,4189,4093,3995
ÁNCASH,RECUAY,TAPACOCHA,440,432,423,412,400,389,376,365
ÁNCASH,RECUAY,TICAPAMPA,2726,2743,2753,2761,2768,2775,2781,2786
ÁNCASH,SANTA,CACERES DEL PERU,4828,4816,4782,4736,4684,4629,4573,4518
ÁNCASH,SANTA,CHIMBOTE,216601,216776,216641,216277,215760,215165,214571,213966
ÁNCASH,SANTA,COISHCO,17236,17491,17626,17704,17743,17762,17777,17787
ÁNCASH,SANTA,MACATE,3315,3275,3221,3159,3094,3029,2964,2900
ÁNCASH,SANTA,MORO,8576,8683,8748,8791,8820,8841,8860,8879
ÁNCASH,SANTA,NEPEÑA,14742,14846,14892,14908,14904,14888,14871,14853
ÁNCASH,SANTA,NUEVO CHIMBOTE,174513,180252,185125,189526,193571,197392,201129,204768
ÁNCASH,SANTA,SAMANCO,5129,5225,5297,5355,5406,5452,5498,5542
ÁNCASH,SANTA,SANTA,22242,22689,23030,23318,23569,23802,24031,24258
ÁNCASH,SIHUAS,ACOBAMBA,1673,1647,1612,1572,1531,1487,1445,1401
ÁNCASH,SIHUAS,ALFONSO UGARTE,535,514,490,466,441,418,395,372
ÁNCASH,SIHUAS,CASHAPAMPA,2954,2945,2918,2882,2840,2795,2748,2701
ÁNCASH,SIHUAS,CHINGALPO,933,916,894,870,844,818,793,768
ÁNCASH,SIHUAS,HUAYLLABAMBA,3740,3701,3639,3567,3489,3409,3326,3244
ÁNCASH,SIHUAS,QUICHES,2428,2400,2358,2310,2257,2202,2147,2091
ÁNCASH,SIHUAS,RAGASH,2432,2404,2363,2315,2263,2209,2155,2100
ÁNCASH,SIHUAS,SAN JUAN,6870,6914,6941,6960,6973,6981,6984,6985
ÁNCASH,SIHUAS,SICSIBAMBA,1531,1502,1464,1423,1381,1337,1295,1252
ÁNCASH,SIHUAS,SIHUAS,5678,5687,5710,5726,5737,5744,5748,5750
ÁNCASH,YUNGAY,CASCAPARA,1725,1698,1672,1643,1613,1583,1553,1523
ÁNCASH,YUNGAY,MANCOS,6904,6881,6854,6821,6783,6742,6699,6653
ÁNCASH,YUNGAY,MATACOTO,1519,1522,1528,1536,1544,1552,1559,1565
ÁNCASH,YUNGAY,QUILLO,13049,13137,13216,13284,13342,13392,13439,13480
ÁNCASH,YUNGAY,RANRAHIRCA,2952,2964,2974,2981,2987,2990,2993,2994
ÁNCASH,YUNGAY,SHUPLUY,1932,1904,1875,1845,1814,1782,1750,1718
ÁNCASH,YUNGAY,YANAMA,5476,5361,5244,5124,5002,4881,4760,4639
ÁNCASH,YUNGAY,YUNGAY,22118,22302,22485,22654,22812,22963,23108,23252
APURÍMAC,ABANCAY,ABANCAY,74800,76639,77767,78681,79442,80120,80789,81466
APURÍMAC,ABANCAY,CHACOCHE,1425,1437,1448,1454,1457,1460,1463,1466
APURÍMAC,ABANCAY,CIRCA,1887,1836,1819,1796,1770,1742,1714,1686
APURÍMAC,ABANCAY,CURAHUASI,17127,17064,17120,17128,17103,17061,17018,16976
APURÍMAC,ABANCAY,HUANIPACA,2896,2778,2667,2550,2432,2315,2205,2095
APURÍMAC,ABANCAY,LAMBRAMA,2953,2813,2683,2547,2412,2283,2161,2039
APURÍMAC,ABANCAY,PICHIRHUA,2777,2673,2576,2471,2364,2258,2158,2058
APURÍMAC,ABANCAY,SAN PEDRO DE CACHORA,2568,2490,2415,2332,2246,2160,2078,1996
APURÍMAC,ABANCAY,TAMBURCO,11959,12386,12481,12542,12578,12602,12624,12647
APURÍMAC,ANDAHUAYLAS,ANDAHUAYLAS,45221,46035,47143,48053,48814,49476,50078,50664
APURÍMAC,ANDAHUAYLAS,ANDARAPA,5655,5565,5458,5368,5294,5227,5164,5105
APURÍMAC,ANDAHUAYLAS,CHIARA,1224,1209,1193,1180,1167,1156,1144,1133
APURÍMAC,ANDAHUAYLAS,HUANCARAMA,5229,5070,4834,4654,4517,4408,4309,4221
APURÍMAC,ANDAHUAYLAS,HUANCARAY,3904,3846,3780,3724,3676,3633,3591,3553
APURÍMAC,ANDAHUAYLAS,HUAYANA,770,751,727,708,691,677,666,659
APURÍMAC,ANDAHUAYLAS,JOSE MARIA ARGUEDAS,4449,4596,4795,4975,5143,5309,5478,5652
APURÍMAC,ANDAHUAYLAS,KAQUIABAMBA,1802,1748,1669,1610,1564,1527,1493,1464
APURÍMAC,ANDAHUAYLAS,KISHUARA,6234,6069,5833,5650,5510,5395,5290,5197
APURÍMAC,ANDAHUAYLAS,PACOBAMBA,3451,3334,3156,3022,2922,2841,2769,2706
APURÍMAC,ANDAHUAYLAS,PACUCHA,8514,8367,8185,8037,7914,7807,7706,7612
APURÍMAC,ANDAHUAYLAS,PAMPACHIRI,2293,2268,2267,2256,2236,2213,2190,2166
APURÍMAC,ANDAHUAYLAS,POMACOCHA,901,890,880,871,862,855,847,839
APURÍMAC,ANDAHUAYLAS,SAN ANTONIO DE CACHI,3028,3000,2978,2955,2933,2910,2887,2863
APURÍMAC,ANDAHUAYLAS,SAN JERONIMO,22184,22241,22469,22601,22660,22675,22690,22651
APURÍMAC,ANDAHUAYLAS,SAN MIGUEL DE CHACCRAMPA,1673,1650,1626,1605,1586,1570,1554,1538
APURÍMAC,ANDAHUAYLAS,SANTA MARIA DE CHICMO,8674,8570,8466,8373,8287,8206,8128,8052
APURÍMAC,ANDAHUAYLAS,TALAVERA,19711,19901,20291,20572,20773,20923,21054,21159
APURÍMAC,ANDAHUAYLAS,TUMAY HUARACA,1939,1912,1883,1857,1836,1815,1796,1777
APURÍMAC,ANDAHUAYLAS,TURPO,3778,3736,3696,3660,3625,3592,3559,3527
APURÍMAC,ANTABAMBA,ANTABAMBA,2895,2860,2808,2747,2679,2609,2537,2462
APURÍMAC,ANTABAMBA,EL ORO,590,595,602,607,611,614,618,620
APURÍMAC,ANTABAMBA,HUAQUIRCA,2005,2049,2074,2094,2111,2125,2138,2148
APURÍMAC,ANTABAMBA,JUAN ESPINOZA MEDRANO,1763,1738,1705,1664,1620,1573,1526,1480
APURÍMAC,ANTABAMBA,OROPESA,2390,2369,2316,2259,2199,2137,2074,2011
APURÍMAC,ANTABAMBA,PACHACONAS,1091,1079,1061,1040,1016,990,963,938
APURÍMAC,ANTABAMBA,SABAINO,1120,1091,1056,1018,978,937,898,859
APURÍMAC,AYMARAES,CAPAYA,606,593,575,554,532,510,486,462
APURÍMAC,AYMARAES,CARAYBAMBA,949,919,882,844,805,766,727,688
APURÍMAC,AYMARAES,CHALHUANCA,5164,5191,5203,5208,5211,5214,5217,5214
APURÍMAC,AYMARAES,CHAPIMARCA,1939,1907,1864,1814,1759,1702,1643,1583
APURÍMAC,AYMARAES,COLCABAMBA,721,712,687,661,635,608,581,554
APURÍMAC,AYMARAES,COTARUSE,2598,2491,2380,2268,2150,2045,1936,1826
APURÍMAC,AYMARAES,IHUAYLLO,466,453,443,430,413,398,385,372
APURÍMAC,AYMARAES,JUSTO APU SAHUARAURA,747,723,701,678,655,631,607,583
APURÍMAC,AYMARAES,LUCRE,1552,1507,1443,1371,1292,1197,1105,1013
APURÍMAC,AYMARAES,POCOHUANCA,1054,1041,1023,1002,979,955,930,905
APURÍMAC,AYMARAES,SAN JUAN DE CHACÑA,784,770,745,719,693,666,638,610
APURÍMAC,AYMARAES,SAÑAYCA,1137,1118,1093,1063,1032,997,963,929
APURÍMAC,AYMARAES,SORAYA,742,736,710,683,656,628,600,572
APURÍMAC,AYMARAES,TAPAIRIHUA,1926,1901,1867,1828,1785,1739,1693,1646
APURÍMAC,AYMARAES,TINTAY,2320,2255,2161,2063,1964,1863,1762,1660
APURÍMAC,AYMARAES,TORAYA,1301,1266,1215,1158,1095,1031,967,903
APURÍMAC,AYMARAES,YANACA,1006,987,962,932,901,867,833,799
APURÍMAC,CHINCHEROS,AHUAYRO,-,-,1110,1090,1069,1047,1026,1005
APURÍMAC,CHINCHEROS,ANCO-HUALLO,10749,10695,10540,10382,10218,10052,9886,9719
APURÍMAC,CHINCHEROS,CHINCHEROS,5529,5495,5472,5443,5409,5374,5342,5310
APURÍMAC,CHINCHEROS,COCHARCAS,1772,1729,1718,1707,1695,1683,1670,1657
APURÍMAC,CHINCHEROS,EL PORVENIR,1788,1771,1758,1743,1728,1713,1698,1683
APURÍMAC,CHINCHEROS,HUACCANA,6836,6711,5489,5389,5285,5180,5073,4966
APURÍMAC,CHINCHEROS,LOS CHANKAS,1050,1045,1043,1040,1037,1034,1029,1024
APURÍMAC,CHINCHEROS,OCOBAMBA,7125,7036,6962,6877,6786,6692,6597,6502
APURÍMAC,CHINCHEROS,ONGOY,2408,2352,2320,2287,2254,2220,2185,2150
APURÍMAC,CHINCHEROS,RANRACANCHA,4209,4158,4116,4068,4016,3961,3907,3853
APURÍMAC,CHINCHEROS,ROCCHACC,2810,2787,2770,2751,2728,2705,2682,2659
APURÍMAC,CHINCHEROS,URANMARCA,2794,2765,2743,2717,2692,2666,2642,2618
APURÍMAC,COTABAMBAS,CHALLHUAHUACHO,16776,17772,18364,18656,18948,19351,19692,20029
APURÍMAC,COTABAMBAS,COTABAMBAS,4089,4052,4028,4001,3984,3948,3922,3895
APURÍMAC,COTABAMBAS,COYLLURQUI,6860,6756,6691,6651,6592,6502,6427,6351
APURÍMAC,COTABAMBAS,HAQUIRA,9840,9712,9511,9474,9434,9380,9320,9258
APURÍMAC,COTABAMBAS,MARA,6171,6127,6091,6084,6059,6007,5967,5926
APURÍMAC,COTABAMBAS,TAMBOBAMBA,10816,10789,10713,10660,10593,10478,10385,10290
APURÍMAC,GRAU,CHUQUIBAMBILLA,5295,5255,5150,5036,4907,4772,4626,4476
APURÍMAC,GRAU,CURASCO,1263,1241,1210,1173,1135,1095,1054,1013
APURÍMAC,GRAU,CURPAHUASI,2003,1967,1918,1861,1799,1735,1671,1606
APURÍMAC,GRAU,GAMARRA,2791,2696,2588,2476,2361,2244,2126,2007
APURÍMAC,GRAU,HUAYLLATI,1385,1346,1298,1246,1191,1136,1083,1030
APURÍMAC,GRAU,MAMARA,900,893,879,862,842,821,800,779
APURÍMAC,GRAU,MICAELA BASTIDAS,933,905,872,835,798,760,724,688
APURÍMAC,GRAU,PATAYPAMPA,814,794,769,742,713,683,654,625
APURÍMAC,GRAU,PROGRESO,3194,3222,3235,3241,3244,3247,3250,3252
APURÍMAC,GRAU,SAN ANTONIO,278,271,262,252,242,232,222,212
APURÍMAC,GRAU,SANTA ROSA,576,562,545,527,507,486,466,446
APURÍMAC,GRAU,TURPAY,652,640,622,603,584,564,546,528
APURÍMAC,GRAU,VILCABAMBA,1321,1324,1327,1326,1323,1317,1311,1304
APURÍMAC,GRAU,VIRUNDO,668,643,614,583,553,523,493,463
AREQUIPA,AREQUIPA,AREQUIPA,55033,54400,54412,54396,54362,54315,54262,54201
AREQUIPA,AREQUIPA,ALTO SELVA ALEGRE,87291,88537,90180,91755,93292,94815,96351,97900
AREQUIPA,AREQUIPA,CAYMA,100686,103140,105760,108314,110831,113343,115881,118443
AREQUIPA,AREQUIPA,CERRO COLORADO,217894,229142,235305,241328,247274,253214,259214,265275
AREQUIPA,AREQUIPA,CHARACATO,15190,16263,16987,17706,18423,19143,19872,20610
AREQUIPA,AREQUIPA,CHIGUATA,3080,3112,3171,3227,3279,3330,3382,3433
AREQUIPA,AREQUIPA,JACOBO HUNTER,51442,51848,52729,53543,54315,55070,55832,56602
AREQUIPA,AREQUIPA,JOSE LUIS BUSTAMANTE Y RIVERO,82261,82642,83264,83807,84303,84773,85243,85711
AREQUIPA,AREQUIPA,LA JOYA,36807,38103,39668,41181,42668,44159,45683,47244
AREQUIPA,AREQUIPA,MARIANO MELGAR,63460,64442,65809,67014,68105,69135,70154,71157
AREQUIPA,AREQUIPA,MIRAFLORES,62586,63632,65064,66339,67508,68619,69725,70819
AREQUIPA,AREQUIPA,MOLLEBAYA,6172,6998,7363,7727,8090,8456,8826,9201
AREQUIPA,AREQUIPA,PAUCARPATA,133175,134099,135781,137061,138046,138830,139513,140086
AREQUIPA,AREQUIPA,POCSI,458,447,442,437,430,428,422,416
AREQUIPA,AREQUIPA,POLOBAYA,836,797,771,746,722,697,672,647
AREQUIPA,AREQUIPA,QUEQUEÑA,6085,6977,7324,7669,8013,8360,8711,9066
AREQUIPA,AREQUIPA,SABANDIA,4476,4544,4648,4745,4837,4928,5020,5113
AREQUIPA,AREQUIPA,SACHACA,26163,27038,28101,29124,30126,31128,32152,33198
AREQUIPA,AREQUIPA,SAN JUAN DE SIGUAS,601,561,546,530,513,496,479,461
AREQUIPA,AREQUIPA,SAN JUAN DE TARUCANI,1353,1299,1265,1233,1201,1168,1134,1100
AREQUIPA,AREQUIPA,SANTA ISABEL DE SIGUAS,686,650,635,618,601,584,566,548
AREQUIPA,AREQUIPA,SANTA RITA DE SIGUAS,7187,7478,7821,8156,8488,8822,9168,9524
AREQUIPA,AREQUIPA,SOCABAYA,79147,80977,83367,85605,87750,89862,92001,94168
AREQUIPA,AREQUIPA,TIABAYA,16848,17023,17297,17520,17709,17874,18026,18164
AREQUIPA,AREQUIPA,UCHUMAYO,15689,16195,16812,17404,17981,18558,19147,19748
AREQUIPA,AREQUIPA,VITOR,4332,4506,4713,4915,5116,5317,5523,5736
AREQUIPA,AREQUIPA,YANAHUARA,26099,26354,26755,27081,27353,27590,27815,28023
AREQUIPA,AREQUIPA,YARABAMBA,1482,1528,1584,1638,1691,1743,1797,1851
AREQUIPA,AREQUIPA,YURA,39899,43033,44322,45585,46837,48089,49354,50632
AREQUIPA,CAMANÁ,CAMANA,12855,12677,12527,12379,12235,12090,11945,11799
AREQUIPA,CAMANÁ,JOSE MARIA QUIMPER,4645,4710,4761,4804,4843,4877,4910,4941
AREQUIPA,CAMANÁ,MARIANO NICOLAS VALCARCEL,8014,8448,8863,9273,9682,10095,10517,10945
AREQUIPA,CAMANÁ,MARISCAL CACERES,6371,6450,6512,6562,6605,6642,6677,6710
AREQUIPA,CAMANÁ,NICOLAS DE PIEROLA,7583,7723,7843,7949,8047,8140,8231,8320
AREQUIPA,CAMANÁ,OCOÑA,4082,4040,4005,3970,3934,3899,3863,3827
AREQUIPA,CAMANÁ,QUILCA,1048,1072,1093,1115,1133,1152,1169,1186
AREQUIPA,CAMANÁ,SAMUEL PASTOR,16302,16588,16829,17046,17242,17427,17607,17782
AREQUIPA,CARAVELÍ,ACARI,5081,5172,5283,5381,5467,5548,4112,4133
AREQUIPA,CARAVELÍ,ATICO,5809,5962,6127,6271,6400,6521,6639,6755
AREQUIPA,CARAVELÍ,ATIQUIPA,493,475,466,455,447,438,431,424
AREQUIPA,CARAVELÍ,BELLA UNION,3065,2978,2935,2895,2858,2821,4301,4322
AREQUIPA,CARAVELÍ,CAHUACHO,628,609,599,591,582,575,566,557
AREQUIPA,CARAVELÍ,CARAVELI,4198,4227,4284,4332,4372,4416,4454,4491
AREQUIPA,CARAVELÍ,CHALA,9862,10368,10605,10832,11053,11261,11472,11680
AREQUIPA,CARAVELÍ,CHAPARRA,3639,3613,3567,3516,3461,3404,3346,3287
AREQUIPA,CARAVELÍ,HUANUHUANU,3144,3199,3268,3327,3382,3433,3482,3530
AREQUIPA,CARAVELÍ,JAQUI,1585,1576,1581,1585,1588,1590,1593,1596
AREQUIPA,CARAVELÍ,LOMAS,1548,1580,1603,1625,1645,1665,1684,1703
AREQUIPA,CARAVELÍ,QUICACHA,1903,1902,1905,1906,1909,1912,1915,1918
AREQUIPA,CARAVELÍ,YAUCA,2006,2029,2060,2087,2108,2127,2145,2162
AREQUIPA,CASTILLA,ANDAGUA,1031,1010,993,977,961,945,928,910
AREQUIPA,CASTILLA,APLAO,8961,8964,8994,9023,9057,9086,9116,9148
AREQUIPA,CASTILLA,AYO,239,230,223,216,209,202,195,188
AREQUIPA,CASTILLA,CHACHAS,1664,1643,1611,1579,1547,1514,1482,1449
AREQUIPA,CASTILLA,CHILCAYMARCA,1018,1034,1053,1073,1093,1113,1135,1157
AREQUIPA,CASTILLA,CHOCO,694,666,641,618,593,570,545,521
AREQUIPA,CASTILLA,HUANCARQUI,1574,1586,1602,1618,1633,1649,1664,1678
AREQUIPA,CASTILLA,MACHAGUAY,484,457,433,408,383,361,339,318
AREQUIPA,CASTILLA,ORCOPAMPA,8542,8557,8612,8667,8723,8776,8829,8881
AREQUIPA,CASTILLA,PAMPACOLCA,1944,1862,1788,1717,1647,1579,1510,1440
AREQUIPA,CASTILLA,TIPAN,440,429,420,411,402,393,384,375
AREQUIPA,CASTILLA,UÑON,206,202,200,197,195,194,193,193
AREQUIPA,CASTILLA,URACA,6638,6590,6510,6429,6347,6265,6182,6097
AREQUIPA,CASTILLA,VIRACO,1549,1513,1484,1456,1428,1399,1370,1340
AREQUIPA,CAYLLOMA,ACHOMA,840,817,817,815,812,808,804,799
AREQUIPA,CAYLLOMA,CABANACONDE,2149,2094,2077,2059,2040,2019,1997,1974
AREQUIPA,CAYLLOMA,CALLALLI,1427,1357,1334,1307,1278,1247,1215,1182
AREQUIPA,CAYLLOMA,CAYLLOMA,3718,3688,3677,3659,3635,3608,3578,3547
AREQUIPA,CAYLLOMA,CHIVAY,5948,5889,5877,5854,5821,5782,5741,5697
AREQUIPA,CAYLLOMA,COPORAQUE,1147,1126,1125,1121,1118,1114,1109,1104
AREQUIPA,CAYLLOMA,HUAMBO,678,660,655,649,643,636,630,622
AREQUIPA,CAYLLOMA,HUANCA,1003,967,966,962,958,952,946,939
AREQUIPA,CAYLLOMA,ICHUPAMPA,574,572,572,571,567,564,561,557
AREQUIPA,CAYLLOMA,LARI,881,847,830,813,795,776,758,739
AREQUIPA,CAYLLOMA,LLUTA,723,703,695,687,680,675,672,670
AREQUIPA,CAYLLOMA,MACA,704,687,683,677,672,667,660,653
AREQUIPA,CAYLLOMA,MADRIGAL,664,660,659,656,652,648,643,638
AREQUIPA,CAYLLOMA,MAJES,68071,70780,72859,74846,76767,78660,80557,82457
AREQUIPA,CAYLLOMA,SAN ANTONIO DE CHUCA,901,878,867,855,843,832,823,815
AREQUIPA,CAYLLOMA,SIBAYO,687,677,677,675,673,670,666,663
AREQUIPA,CAYLLOMA,TAPAY,799,817,844,870,896,921,949,978
AREQUIPA,CAYLLOMA,TISCO,1507,1483,1483,1482,1479,1476,1471,1467
AREQUIPA,CAYLLOMA,TUTI,617,598,590,581,573,563,554,546
AREQUIPA,CAYLLOMA,YANQUE,2173,2158,2150,2138,2122,2105,2086,2066
AREQUIPA,CONDESUYOS,ANDARAY,685,685,678,671,664,656,649,641
AREQUIPA,CONDESUYOS,CAYARANI,3307,3275,3263,3251,3238,3224,3208,3191
AREQUIPA,CONDESUYOS,CHICHAS,684,673,663,653,644,634,624,614
AREQUIPA,CONDESUYOS,CHUQUIBAMBA,3380,3361,3347,3336,3327,3319,3314,3311
AREQUIPA,CONDESUYOS,IRAY,607,599,591,584,577,569,561,554
AREQUIPA,CONDESUYOS,RIO GRANDE,3450,3451,3456,3461,3464,3466,3467,3466
AREQUIPA,CONDESUYOS,SALAMANCA,448,419,396,371,351,336,319,307
AREQUIPA,CONDESUYOS,YANAQUIHUA,4034,3963,3900,3840,3779,3717,3656,3590
AREQUIPA,ISLAY,COCACHACRA,8430,8363,8321,8284,8250,8219,8187,8157
AREQUIPA,ISLAY,DEAN VALDIVIA,7055,7129,7196,7255,7311,7363,7415,7465
AREQUIPA,ISLAY,ISLAY,5165,5202,5237,5269,5298,5326,5353,5380
AREQUIPA,ISLAY,MEJIA,1230,1240,1250,1261,1272,1281,1292,1305
AREQUIPA,ISLAY,MOLLENDO,26230,26453,26658,26843,27013,27177,27336,27492
AREQUIPA,ISLAY,PUNTA DE BOMBON,6470,6464,6458,6448,6436,6422,6409,6393
AREQUIPA,LA UNIÓN,ALCA,1875,1851,1831,1813,1795,1776,1757,1738
AREQUIPA,LA UNIÓN,CHARCANA,591,586,582,579,575,572,568,564
AREQUIPA,LA UNIÓN,COTAHUASI,2984,2981,2981,2982,2983,2984,2985,2985
AREQUIPA,LA UNIÓN,HUAYNACOTAS,1907,1867,1832,1798,1765,1734,1700,1666
AREQUIPA,LA UNIÓN,PAMPAMARCA,1129,1106,1087,1068,1050,1032,1013,994
AREQUIPA,LA UNIÓN,PUYCA,2384,2346,2314,2283,2254,2226,2198,2170
AREQUIPA,LA UNIÓN,QUECHUALLA,278,278,279,279,280,281,282,283
AREQUIPA,LA UNIÓN,SAYLA,313,300,289,279,267,258,249,240
AREQUIPA,LA UNIÓN,TAURIA,315,313,311,309,307,305,303,301
AREQUIPA,LA UNIÓN,TOMEPAMPA,675,658,643,630,617,603,591,579
AREQUIPA,LA UNIÓN,TORO,538,511,493,476,459,441,424,407
AYACUCHO,CANGALLO,CANGALLO,5929,5842,5742,5638,5533,5426,5320,5214
AYACUCHO,CANGALLO,CHUSCHI,9080,9119,9146,9181,9218,9256,9292,9322
AYACUCHO,CANGALLO,LOS MOROCHUCOS,8227,8217,8188,8152,8110,8064,8016,7964
AYACUCHO,CANGALLO,MARIA PARADO DE BELLIDO,2088,2026,1963,1899,1835,1772,1713,1654
AYACUCHO,CANGALLO,PARAS,4347,4279,4202,4122,4040,3959,3877,3797
AYACUCHO,CANGALLO,TOTOS,3079,2999,2916,2830,2746,2663,2580,2501
AYACUCHO,HUAMANGA,AYACUCHO,108794,111370,112794,113761,114419,114918,115393,115845
AYACUCHO,HUAMANGA,ACOCRO,8573,8818,8974,9095,9193,9277,9361,9443
AYACUCHO,HUAMANGA,ACOS VINCHOS,4844,4964,5030,5079,5112,5138,5163,5188
AYACUCHO,HUAMANGA,ANDRES AVELINO CACERES DORREGARAY,30725,31411,31770,32000,32140,32236,32326,32407
AYACUCHO,HUAMANGA,CARMEN ALTO,30973,31712,32121,32402,32595,32741,32883,33016
AYACUCHO,HUAMANGA,CHIARA,6512,6691,6802,6886,6951,7007,7062,7117
AYACUCHO,HUAMANGA,JESUS NAZARENO,20517,21028,21321,21530,21680,21800,21917,22028
AYACUCHO,HUAMANGA,OCROS,6018,6172,6263,6328,6379,6418,6457,6494
AYACUCHO,HUAMANGA,PACAYCASA,3477,3565,3617,3654,3682,3704,3725,3746
AYACUCHO,HUAMANGA,QUINUA,5676,5821,5905,5966,6012,6048,6084,6118
AYACUCHO,HUAMANGA,SAN JOSE DE TICLLAS,1558,1596,1620,1635,1646,1655,1663,1673
AYACUCHO,HUAMANGA,SAN JUAN BAUTISTA,52764,53934,54544,54933,55173,55331,55479,55617
AYACUCHO,HUAMANGA,SANTIAGO DE PISCHA,1598,1639,1662,1680,1693,1703,1714,1724
AYACUCHO,HUAMANGA,SOCOS,6674,6846,6947,7022,7077,7122,7167,7210
AYACUCHO,HUAMANGA,TAMBILLO,5835,6001,6106,6187,6251,6309,6364,6419
AYACUCHO,HUAMANGA,VINCHOS,15780,16233,16519,16743,16922,17076,17231,17381
AYACUCHO,HUANCA SANCOS,CARAPO,1836,1774,1731,1696,1668,1644,1620,1597
AYACUCHO,HUANCA SANCOS,SACSAMARCA,1346,1308,1282,1262,1244,1229,1215,1200
AYACUCHO,HUANCA SANCOS,SANCOS,3217,3181,3156,3137,3123,3108,3095,3083
AYACUCHO,HUANCA SANCOS,SANTIAGO DE LUCANAMARCA,2126,2078,2045,2018,1996,1978,1959,1941
AYACUCHO,HUANTA,AYAHUANCO,1139,1072,1023,981,940,906,877,848
AYACUCHO,HUANTA,CANAYRE,4233,4384,4515,4646,4777,4909,5041,5170
AYACUCHO,HUANTA,CHACA,2230,2195,2172,2143,2111,2076,2041,2005
AYACUCHO,HUANTA,HUAMANGUILLA,4287,4188,4113,4028,3938,3843,3748,3651
AYACUCHO,HUANTA,HUANTA,42825,43266,43939,44491,44952,45322,45669,45991
AYACUCHO,HUANTA,IGUAIN,2865,2861,2860,2857,2853,2848,2842,2835
AYACUCHO,HUANTA,LLOCHEGUA,11371,11466,11622,11748,11851,11939,12017,12089
AYACUCHO,HUANTA,LURICOCHA,6157,6217,6311,6389,6454,6513,6565,6614
AYACUCHO,HUANTA,PUCACOLPA,2453,2299,2167,2040,1918,1804,1695,1585
AYACUCHO,HUANTA,PUTIS,-,-,215,212,210,230,250,270
AYACUCHO,HUANTA,SANTILLANA,3985,3900,3623,3553,3477,3399,3318,3235
AYACUCHO,HUANTA,SIVIA,11836,11685,11594,11474,11331,11175,11014,10847
AYACUCHO,HUANTA,UCHURACCAY,3763,3672,3605,3526,3443,3358,3274,3188
AYACUCHO,LA MAR,ANCHIHUAY,4429,4345,4255,4170,4087,4007,3926,3845
AYACUCHO,LA MAR,ANCO,8300,8105,5691,5545,5403,5265,5127,4989
AYACUCHO,LA MAR,AYNA,10067,9995,9932,9874,9818,9765,9712,9659
AYACUCHO,LA MAR,CHILCAS,1633,1558,1502,1447,1391,1336,1281,1226
AYACUCHO,LA MAR,CHUNGUI,4505,4443,4379,4320,4262,4205,4149,4093
AYACUCHO,LA MAR,LUIS CARRANZA,1361,1365,1372,1380,1386,1394,1401,1408
AYACUCHO,LA MAR,NINABAMBA,-,-,1869,1880,1891,1902,1912,1922
AYACUCHO,LA MAR,ORONCOY,1098,1071,1049,1027,1007,984,963,942
AYACUCHO,LA MAR,PATIBAMBA,-,-,1462,1471,1479,1488,1497,1506
AYACUCHO,LA MAR,RIO MAGDALENA,-,-,2214,2241,2268,2294,2322,2350
AYACUCHO,LA MAR,SAMUGARI,10847,10997,8914,9020,9129,9239,9349,9459
AYACUCHO,LA MAR,SAN MIGUEL,11373,11410,8145,8191,8239,8287,8334,8381
AYACUCHO,LA MAR,SANTA ROSA,12633,12686,12728,12772,12820,12868,12917,12964
AYACUCHO,LA MAR,TAMBO,9850,9302,8733,8165,7598,7032,6465,5898
AYACUCHO,LA MAR,UNION PROGRESO,-,-,2203,2146,2091,2038,1985,1932
AYACUCHO,LUCANAS,AUCARA,2788,2665,2574,2503,2444,2392,2342,2292
AYACUCHO,LUCANAS,CABANA,2068,1976,1909,1857,1813,1775,1738,1701
AYACUCHO,LUCANAS,CARMEN SALCEDO,1637,1532,1453,1391,1340,1295,1251,1208
AYACUCHO,LUCANAS,CHAVIÑA,2312,2296,2286,2279,2272,2267,2261,2256
AYACUCHO,LUCANAS,CHIPAO,2551,2443,2363,2299,2248,2202,2157,2113
AYACUCHO,LUCANAS,HUAC-HUAS,1627,1550,1493,1449,1412,1379,1348,1317
AYACUCHO,LUCANAS,LARAMATE,1702,1676,1658,1645,1633,1623,1613,1604
AYACUCHO,LUCANAS,LEONCIO PRADO,1133,1095,1067,1045,1027,1011,995,980
AYACUCHO,LUCANAS,LLAUTA,913,877,854,832,812,798,783,768
AYACUCHO,LUCANAS,LUCANAS,2790,2703,2640,2590,2549,2513,2478,2444
AYACUCHO,LUCANAS,OCAÑA,2334,2244,2178,2127,2084,2047,2010,1974
AYACUCHO,LUCANAS,OTOCA,1932,1848,1786,1738,1698,1663,1628,1595
AYACUCHO,LUCANAS,PUQUIO,14572,14535,14527,14517,14515,14510,14505,14500
AYACUCHO,LUCANAS,SAISA,854,848,844,841,838,836,833,831
AYACUCHO,LUCANAS,SAN CRISTOBAL,1842,1823,1811,1802,1794,1787,1780,1774
AYACUCHO,LUCANAS,SAN JUAN,1012,994,981,971,963,956,949,942
AYACUCHO,LUCANAS,SAN PEDRO,2722,2661,2618,2584,2556,2532,2508,2484
AYACUCHO,LUCANAS,SAN PEDRO DE PALCO,941,898,866,841,822,803,786,768
AYACUCHO,LUCANAS,SANCOS,4947,4869,4817,4776,4743,4713,4684,4656
AYACUCHO,LUCANAS,SANTA ANA DE HUAYCAHUACHO,846,850,854,858,861,863,866,868
AYACUCHO,LUCANAS,SANTA LUCIA,1434,1455,1473,1486,1498,1508,1518,1527
AYACUCHO,PARINACOCHAS,CHUMPI,2248,2179,2117,2053,1986,1918,1852,1787
AYACUCHO,PARINACOCHAS,CORACORA,13733,13549,13414,13240,13047,12835,12618,12393
AYACUCHO,PARINACOCHAS,CORONEL CASTAÑEDA,1884,1934,1992,2045,2095,2145,2193,2242
AYACUCHO,PARINACOCHAS,PACAPAUSA,599,556,520,486,455,427,403,380
AYACUCHO,PARINACOCHAS,PULLO,6984,7191,7424,7641,7843,8035,8222,8402
AYACUCHO,PARINACOCHAS,PUYUSCA,2154,2123,2098,2069,2035,1999,1963,1926
AYACUCHO,PARINACOCHAS,SAN FRANCISCO DE RIVACAYCO,532,518,506,493,478,464,449,436
AYACUCHO,PARINACOCHAS,UPAHUACHO,1145,1089,1038,988,938,891,844,798
AYACUCHO,PÁUCAR DEL SARA SARA,COLTA,463,440,417,394,372,351,329,307
AYACUCHO,PÁUCAR DEL SARA SARA,CORCULLA,456,445,434,423,413,403,392,381
AYACUCHO,PÁUCAR DEL SARA SARA,LAMPA,2031,1983,1937,1892,1848,1805,1762,1720
AYACUCHO,PÁUCAR DEL SARA SARA,MARCABAMBA,636,621,606,591,577,562,548,534
AYACUCHO,PÁUCAR DEL SARA SARA,OYOLO,1610,1647,1682,1716,1750,1783,1815,1847
AYACUCHO,PÁUCAR DEL SARA SARA,PARARCA,412,392,373,354,336,318,300,282
AYACUCHO,PÁUCAR DEL SARA SARA,PAUSA,3372,3376,3380,3385,3390,3396,3399,3403
AYACUCHO,PÁUCAR DEL SARA SARA,SAN JAVIER DE ALPABAMBA,290,275,260,246,231,217,205,193
AYACUCHO,PÁUCAR DEL SARA SARA,SAN JOSE DE USHUA,242,247,251,255,259,262,266,270
AYACUCHO,PÁUCAR DEL SARA SARA,SARA SARA,505,483,460,438,417,395,374,353
AYACUCHO,SUCRE,BELEN,325,310,300,293,287,283,278,275
AYACUCHO,SUCRE,CHALCOS,481,461,448,439,432,426,421,415
AYACUCHO,SUCRE,CHILCAYOC,497,481,471,464,458,454,449,445
AYACUCHO,SUCRE,HUACAÑA,365,348,337,328,322,317,312,307
AYACUCHO,SUCRE,MORCOLLA,1274,1243,1223,1208,1197,1187,1178,1170
AYACUCHO,SUCRE,PAICO,544,517,499,486,477,469,461,453
AYACUCHO,SUCRE,QUEROBAMBA,2618,2600,2589,2583,2577,2574,2569,2565
AYACUCHO,SUCRE,SAN PEDRO DE LARCAY,829,814,805,798,793,788,784,780
AYACUCHO,SUCRE,SAN SALVADOR DE QUIJE,982,936,906,883,867,853,839,826
AYACUCHO,SUCRE,SANTIAGO DE PAUCARAY,590,565,549,537,528,520,513,506
AYACUCHO,SUCRE,SORAS,1038,1017,1004,994,987,981,976,970
AYACUCHO,VÍCTOR FAJARDO,ALCAMENCA,1474,1399,1345,1302,1268,1238,1208,1178
AYACUCHO,VÍCTOR FAJARDO,APONGO,602,565,537,516,498,483,469,455
AYACUCHO,VÍCTOR FAJARDO,ASQUIPATA,484,482,481,480,478,476,474,472
AYACUCHO,VÍCTOR FAJARDO,CANARIA,4045,4027,4018,4012,4007,4002,3998,3997
AYACUCHO,VÍCTOR FAJARDO,CAYARA,1158,1138,1125,1115,1106,1099,1092,1085
AYACUCHO,VÍCTOR FAJARDO,COLCA,1039,1020,1007,997,989,982,975,968
AYACUCHO,VÍCTOR FAJARDO,HUAMANQUIQUIA,1124,1107,1096,1087,1081,1075,1069,1063
AYACUCHO,VÍCTOR FAJARDO,HUANCAPI,1923,1878,1847,1823,1803,1786,1769,1752
AYACUCHO,VÍCTOR FAJARDO,HUANCARAYLLA,1283,1241,1211,1188,1170,1153,1137,1121
AYACUCHO,VÍCTOR FAJARDO,HUAYA,2070,1985,1924,1876,1838,1804,1771,1738
AYACUCHO,VÍCTOR FAJARDO,SARHUA,2661,2624,2599,2579,2563,2549,2536,2524
AYACUCHO,VÍCTOR FAJARDO,VILCANCHOS,2447,2400,2368,2343,2323,2307,2290,2273
AYACUCHO,VILCAS HUAMÁN,ACCOMARCA,887,851,828,812,801,791,782,772
AYACUCHO,VILCAS HUAMÁN,CARHUANCA,837,812,796,785,776,770,763,758
AYACUCHO,VILCAS HUAMÁN,CONCEPCION,1642,1558,1504,1465,1437,1414,1392,1370
AYACUCHO,VILCAS HUAMÁN,HUAMBALPA,1342,1280,1240,1212,1191,1175,1158,1143
AYACUCHO,VILCAS HUAMÁN,INDEPENDENCIA,1144,1095,1064,1042,1025,1012,999,987
AYACUCHO,VILCAS HUAMÁN,SAURAMA,1075,1042,1022,1007,996,988,979,971
AYACUCHO,VILCAS HUAMÁN,VILCAS HUAMAN,6663,6513,6421,6353,6306,6265,6229,6193
AYACUCHO,VILCAS HUAMÁN,VISCHONGO,3965,3912,3881,3859,3842,3829,3816,3804
CAJAMARCA,CAJAMARCA,CAJAMARCA,240461,245137,247044,248596,249898,251058,252188,253279
CAJAMARCA,CAJAMARCA,ASUNCION,8137,7896,7632,7359,7083,6805,6531,6259
CAJAMARCA,CAJAMARCA,CHETILLA,3880,3863,3847,3827,3803,3778,3754,3730
CAJAMARCA,CAJAMARCA,COSPAN,7222,7159,7117,7069,7018,6966,6914,6863
CAJAMARCA,CAJAMARCA,ENCAÑADA,20310,20052,19735,19393,19036,18673,18314,17957
CAJAMARCA,CAJAMARCA,JESUS,16483,16666,16751,16813,16858,16893,16928,16960
CAJAMARCA,CAJAMARCA,LLACANORA,6508,6657,6695,6723,6745,6763,6781,6797
CAJAMARCA,CAJAMARCA,LOS BAÑOS DEL INCA,51608,53298,54396,55412,56364,57278,58177,59059
CAJAMARCA,CAJAMARCA,MAGDALENA,8851,8809,8770,8722,8668,8611,8555,8498
CAJAMARCA,CAJAMARCA,MATARA,3795,3793,3784,3766,3748,3728,3704,3682
CAJAMARCA,CAJAMARCA,NAMORA,10253,10308,10364,10406,10437,10463,10488,10511
CAJAMARCA,CAJAMARCA,SAN JUAN,4560,4532,4510,4485,4455,4425,4395,4365
CAJAMARCA,CAJABAMBA,CACHACHI,25479,25575,25589,25599,25606,25611,25616,25621
CAJAMARCA,CAJABAMBA,CAJABAMBA,33715,34231,34538,34762,34929,35063,35192,35312
CAJAMARCA,CAJABAMBA,CONDEBAMBA,15143,15319,15434,15519,15583,15637,15688,15736
CAJAMARCA,CAJABAMBA,SITACOCHA,8097,8042,7955,7867,7778,7687,7597,7505
CAJAMARCA,CELENDÍN,CELENDIN,28761,29097,29442,29695,29886,30049,30220,30396
CAJAMARCA,CELENDÍN,CHUMUCH,2732,2699,2667,2626,2580,2531,2481,2429
CAJAMARCA,CELENDÍN,CORTEGANA,7406,7343,7282,7197,7095,6984,6871,6754
CAJAMARCA,CELENDÍN,HUASMIN,11069,10885,10703,10485,10241,9982,9717,9444
CAJAMARCA,CELENDÍN,JORGE CHAVEZ,468,461,455,447,438,429,420,411
CAJAMARCA,CELENDÍN,JOSE GALVEZ,2762,2751,2740,2720,2693,2662,2631,2597
CAJAMARCA,CELENDÍN,LA LIBERTAD DE PALLAN,6946,6884,6823,6740,6641,6533,6422,6308
CAJAMARCA,CELENDÍN,MIGUEL IGLESIAS,3993,3922,3853,3771,3681,3586,3489,3391
CAJAMARCA,CELENDÍN,OXAMARCA,5874,5824,5776,5710,5632,5548,5462,5376
CAJAMARCA,CELENDÍN,SOROCHUCO,7683,7514,7348,7158,6953,6738,6519,6296
CAJAMARCA,CELENDÍN,SUCRE,5491,5455,5419,5364,5296,5220,5142,5060
CAJAMARCA,CELENDÍN,UTCO,1097,1081,1067,1052,1036,1021,1007,995
CAJAMARCA,CHOTA,ANGUIA,3290,3216,3147,3074,2998,2922,2846,2770
CAJAMARCA,CHOTA,CHADIN,3669,3632,3600,3563,3523,3481,3439,3397
CAJAMARCA,CHOTA,CHALAMARCA,9744,9670,9612,9541,9460,9374,9288,9200
CAJAMARCA,CHOTA,CHIGUIRIP,3704,3628,3558,3483,3405,3325,3247,3168
CAJAMARCA,CHOTA,CHIMBAN,2274,2201,2130,2056,1981,1906,1831,1757
CAJAMARCA,CHOTA,CHOROPAMPA,2377,2311,2248,2182,2114,2046,1979,1911
CAJAMARCA,CHOTA,CHOTA,50847,51231,51686,52061,52378,52658,52925,53177
CAJAMARCA,CHOTA,COCHABAMBA,5899,5832,5774,5708,5637,5564,5490,5415
CAJAMARCA,CHOTA,CONCHAN,5986,5944,5911,5869,5821,5770,5719,5667
CAJAMARCA,CHOTA,HUAMBOS,8660,8584,8522,8448,8366,8280,8193,8106
CAJAMARCA,CHOTA,LAJAS,11681,11586,11509,11415,11310,11200,11088,10976
CAJAMARCA,CHOTA,LLAMA,7444,7385,7337,7278,7213,7143,7074,7003
CAJAMARCA,CHOTA,MIRACOSTA,3333,3300,3272,3239,3203,3165,3128,3090
CAJAMARCA,CHOTA,PACCHA,4666,4621,4584,4540,4492,4442,4392,4341
CAJAMARCA,CHOTA,PION,1248,1222,1197,1171,1144,1116,1089,1062
CAJAMARCA,CHOTA,QUEROCOTO,8863,8826,8803,8768,8723,8674,8624,8572
CAJAMARCA,CHOTA,SAN JUAN DE LICUPIS,988,977,968,958,947,935,924,912
CAJAMARCA,CHOTA,TACABAMBA,16850,16668,16513,16334,16140,15938,15736,15533
CAJAMARCA,CHOTA,TOCMOCHE,890,880,872,864,855,846,833,824
CAJAMARCA,CONTUMAZA,CHILETE,2783,2752,2721,2669,2604,2531,2458,2384
CAJAMARCA,CONTUMAZA,CONTUMAZA,8111,8061,8017,7945,7855,7756,7655,7550
CAJAMARCA,CONTUMAZA,CUPISNIQUE,1415,1402,1389,1369,1343,1314,1285,1255
CAJAMARCA,CONTUMAZA,GUZMANGO,2854,2845,2842,2835,2828,2819,2811,2803
CAJAMARCA,CONTUMAZA,SAN BENITO,3605,3607,3608,3612,3617,3622,3628,3635
CAJAMARCA,CONTUMAZA,SANTA CRUZ DE TOLEDO,1054,1047,1040,1030,1017,1002,986,970
CAJAMARCA,CONTUMAZA,TANTARICA,2643,2650,2651,2653,2655,2659,2663,2667
CAJAMARCA,CONTUMAZA,YONAN,7051,6993,6940,6851,6739,6616,6489,6362
CAJAMARCA,CUTERVO,CALLAYUC,9694,9627,9598,9554,9501,9442,9381,9318
CAJAMARCA,CUTERVO,CHOROS,3308,3286,3277,3262,3246,3226,3206,3185
CAJAMARCA,CUTERVO,CUJILLO,2595,2569,2552,2532,2509,2485,2461,2437
CAJAMARCA,CUTERVO,CUTERVO,51440,51272,51313,51275,51182,51053,50915,50762
CAJAMARCA,CUTERVO,LA RAMADA,4032,3977,3940,3897,3849,3800,3751,3701
CAJAMARCA,CUTERVO,PIMPINGOS,5202,5121,5063,4998,4927,4856,4784,4712
CAJAMARCA,CUTERVO,QUEROCOTILLO,13646,13416,13241,13051,12849,12641,12435,12228
CAJAMARCA,CUTERVO,SAN ANDRES DE CUTERVO,4353,4276,4219,4155,4087,4020,3952,3883
CAJAMARCA,CUTERVO,SAN JUAN DE CUTERVO,1878,1856,1840,1822,1803,1782,1761,1739
CAJAMARCA,CUTERVO,SAN LUIS DE LUCMA,3067,2999,2945,2888,2828,2768,2708,2650
CAJAMARCA,CUTERVO,SANTA CRUZ,2713,2671,2641,2608,2572,2534,2497,2461
CAJAMARCA,CUTERVO,SANTO DOMINGO DE LA CAPILLA,5052,5015,4999,4974,4944,4912,4878,4845
CAJAMARCA,CUTERVO,SANTO TOMAS,7660,7603,7577,7541,7496,7446,7397,7344
CAJAMARCA,CUTERVO,SOCOTA,9279,9156,9072,8975,8869,8760,8649,8539
CAJAMARCA,CUTERVO,TORIBIO CASANOVA,1129,1104,1084,1062,1040,1018,997,977
CAJAMARCA,HUALGAYOC,BAMBAMARCA,65077,64702,64343,63780,63076,62299,61515,60716
CAJAMARCA,HUALGAYOC,CHUGUR,3003,2959,2917,2866,2809,2751,2691,2633
CAJAMARCA,HUALGAYOC,HUALGAYOC,16298,16252,16213,16120,15993,15846,15697,15544
CAJAMARCA,JAÉN,BELLAVISTA,16313,16370,16428,16464,16484,16496,16507,16515
CAJAMARCA,JAÉN,CHONTALI,10374,10391,10435,10464,10484,10499,10512,10524
CAJAMARCA,JAÉN,COLASAY,10639,10567,10498,10414,10321,10223,10124,10025
CAJAMARCA,JAÉN,HUABAL,8887,8989,9021,9041,9052,9059,9065,9069
CAJAMARCA,JAÉN,JAEN,104361,106009,107039,107925,108709,109435,110148,110846
CAJAMARCA,JAÉN,LAS PIRIAS,4621,4643,4660,4670,4676,4680,4683,4685
CAJAMARCA,JAÉN,POMAHUACA,9211,9245,9278,9299,9311,9319,9325,9330
CAJAMARCA,JAÉN,PUCARA,6873,6850,6873,6888,6895,6899,6903,6905
CAJAMARCA,JAÉN,SALLIQUE,7536,7509,7509,7502,7490,7474,7459,7443
CAJAMARCA,JAÉN,SAN FELIPE,4809,4740,4662,4577,4490,4398,4306,4215
CAJAMARCA,JAÉN,SAN JOSE DEL ALTO,7959,8050,8114,8151,8169,8177,8185,8188
CAJAMARCA,JAÉN,SANTA ROSA,10498,10361,10212,10050,9878,9702,9525,9348
CAJAMARCA,SAN IGNACIO,CHIRINOS,15773,15974,16121,16246,16354,16454,16553,16650
CAJAMARCA,SAN IGNACIO,HUARANGO,18766,18607,18384,18131,17856,17563,17260,16954
CAJAMARCA,SAN IGNACIO,LA COIPA,21032,21229,21354,21446,21516,21573,21625,21674
CAJAMARCA,SAN IGNACIO,NAMBALLE,9970,9945,9885,9809,9719,9621,9517,9412
CAJAMARCA,SAN IGNACIO,SAN IGNACIO,39506,40171,40710,41202,41664,42102,42546,42984
CAJAMARCA,SAN IGNACIO,SAN JOSE DE LOURDES,19757,19890,19955,19989,20001,20013,20025,20033
CAJAMARCA,SAN IGNACIO,TABACONAS,19776,19954,20068,20155,20224,20284,20345,20403
CAJAMARCA,SAN MARCOS,CHANCAY,3088,3069,3058,3042,3023,3003,2982,2961
CAJAMARCA,SAN MARCOS,EDUARDO VILLANUEVA,2975,3039,3114,3186,3254,3323,3393,3462
CAJAMARCA,SAN MARCOS,GREGORIO PITA,5284,5150,5035,4913,4791,4667,4545,4422
CAJAMARCA,SAN MARCOS,ICHOCAN,1987,1971,1961,1950,1935,1920,1905,1890
CAJAMARCA,SAN MARCOS,JOSE MANUEL QUIROZ,3670,3627,3595,3558,3516,3473,3430,3386
CAJAMARCA,SAN MARCOS,JOSE SABOGAL,13135,13137,13178,13198,13204,13210,13216,13220
CAJAMARCA,SAN MARCOS,PEDRO GALVEZ,21494,21685,21941,22165,22367,22545,22715,22882
CAJAMARCA,SAN MIGUEL,BOLIVAR,1336,1310,1285,1252,1216,1178,1141,1103
CAJAMARCA,SAN MIGUEL,CALQUIS,4295,4281,4273,4260,4245,4228,4210,4194
CAJAMARCA,SAN MIGUEL,CATILLUC,2855,2813,2772,2721,2664,2604,2543,2484
CAJAMARCA,SAN MIGUEL,EL PRADO,1680,1657,1635,1608,1575,1543,1510,1477
CAJAMARCA,SAN MIGUEL,LA FLORIDA,2193,2165,2138,2105,2066,2026,1986,1946
CAJAMARCA,SAN MIGUEL,LLAPA,4633,4563,4497,4414,4320,4221,4123,4025
CAJAMARCA,SAN MIGUEL,NANCHOC,1373,1370,1368,1365,1361,1356,1352,1348
CAJAMARCA,SAN MIGUEL,NIEPOS,3359,3276,3193,3089,2973,2851,2731,2611
CAJAMARCA,SAN MIGUEL,SAN GREGORIO,2293,2274,2257,2236,2211,2185,2159,2132
CAJAMARCA,SAN MIGUEL,SAN MIGUEL,14167,14036,13919,13767,13596,13414,13234,13053
CAJAMARCA,SAN MIGUEL,SAN SILVESTRE DE COCHAN,3781,3711,3643,3558,3463,3362,3262,3163
CAJAMARCA,SAN MIGUEL,TONGOD,2644,2530,2402,2274,2144,2014,1884,1755
CAJAMARCA,SAN MIGUEL,UNION AGUA BLANCA,3173,3128,3086,3032,2971,2907,2845,2781
CAJAMARCA,SAN PABLO,SAN BERNARDINO,4590,4578,4536,4487,4432,4375,4318,4260
CAJAMARCA,SAN PABLO,SAN LUIS,953,922,886,850,815,780,747,715
CAJAMARCA,SAN PABLO,SAN PABLO,13457,13460,13372,13263,13142,13011,12877,12739
CAJAMARCA,SAN PABLO,TUMBADEN,3677,3678,3655,3625,3592,3556,3519,3483
CAJAMARCA,SANTA CRUZ,ANDABAMBA,1343,1311,1280,1247,1211,1175,1140,1104
CAJAMARCA,SANTA CRUZ,CATACHE,9852,9870,9891,9875,9838,9784,9729,9667
CAJAMARCA,SANTA CRUZ,CHANCAYBAÑOS,3505,3468,3432,3386,3330,3273,3214,3155
CAJAMARCA,SANTA CRUZ,LA ESPERANZA,2391,2351,2311,2264,2213,2161,2108,2056
CAJAMARCA,SANTA CRUZ,NINABAMBA,2067,1999,1933,1864,1792,1721,1653,1587
CAJAMARCA,SANTA CRUZ,PULAN,3962,3887,3815,3731,3641,3549,3456,3365
CAJAMARCA,SANTA CRUZ,SANTA CRUZ,9799,9756,9715,9640,9546,9435,9325,9211
CAJAMARCA,SANTA CRUZ,SAUCEPAMPA,1442,1399,1357,1314,1268,1222,1178,1134
CAJAMARCA,SANTA CRUZ,SEXI,443,437,433,426,419,412,403,398
CAJAMARCA,SANTA CRUZ,UTICYACU,1284,1255,1226,1194,1160,1126,1092,1060
CAJAMARCA,SANTA CRUZ,YAUYUCAN,2911,2869,2826,2776,2720,2661,2603,2544
CALLAO,CALLAO,CALLAO,503234,512386,520709,528405,535664,542675,549626,556500
CALLAO,CALLAO,BELLAVISTA,80139,80704,81122,81428,81656,81839,82009,82164
CALLAO,CALLAO,CARMEN DE LA LEGUA REYNOSO,45963,46409,46772,47071,47327,47558,47783,48001
CALLAO,CALLAO,LA PERLA,64142,64454,64524,64612,64714,64826,64945,65073
CALLAO,CALLAO,LA PUNTA,3963,3935,3902,3862,3819,3775,3732,3687
CALLAO,CALLAO,MI PERU,51036,52348,53557,54706,55818,56918,58030,59154
CALLAO,CALLAO,VENTANILLA,357035,369618,380894,391564,401862,412023,422286,432648
CUSCO,CUSCO,CUSCO,117821,118127,118510,118843,119148,119438,119732,120026
CUSCO,CUSCO,CCORCA,2408,2405,2407,2407,2410,2413,2416,2417
CUSCO,CUSCO,POROY,11418,12333,12969,13497,13953,14369,14777,15177
CUSCO,CUSCO,SAN JERONIMO,66405,70453,73312,75696,77751,79628,81475,83279
CUSCO,CUSCO,SAN SEBASTIAN,128607,134182,138200,141559,144460,147108,149718,152277
CUSCO,CUSCO,SANTIAGO,102400,103817,104961,105919,106739,107473,108170,108825
CUSCO,CUSCO,SAYLLA,7702,8338,8779,9146,9462,9751,10034,10311
CUSCO,CUSCO,WANCHAQ,61408,61364,61420,61474,61530,61588,61650,61715
CUSCO,ACOMAYO,ACOMAYO,4678,4616,4579,4548,4523,4500,4479,4458
CUSCO,ACOMAYO,ACOPIA,3010,3048,3077,3102,3121,3137,3153,3167
CUSCO,ACOMAYO,ACOS,2367,2350,2341,2333,2328,2323,2319,2314
CUSCO,ACOMAYO,MOSOC LLACTA,1118,1069,1036,1007,983,963,940,920
CUSCO,ACOMAYO,POMACANCHI,7661,7598,7564,7537,7515,7497,7479,7461
CUSCO,ACOMAYO,RONDOCAN,1982,1915,1871,1832,1800,1772,1743,1717
CUSCO,ACOMAYO,SANGARARA,3435,3404,3387,3373,3362,3353,3343,3335
CUSCO,ANTA,ANCAHUASI,7711,7784,7835,7873,7900,7922,7943,7962
CUSCO,ANTA,ANTA,24667,25464,26038,26512,26916,27276,27628,27974
CUSCO,ANTA,CACHIMAYO,2681,2742,2787,2823,2854,2882,2909,2935
CUSCO,ANTA,CHINCHAYPUJIO,4370,4333,4311,4292,4275,4260,4244,4227
CUSCO,ANTA,HUAROCONDO,4722,4634,4576,4528,4486,4447,4409,4370
CUSCO,ANTA,LIMATAMBO,7868,7754,7681,7620,7567,7517,7468,7417
CUSCO,ANTA,MOLLEPATA,3450,3496,3531,3559,3580,3600,3617,3633
CUSCO,ANTA,PUCYURA,3199,3166,3146,3128,3113,3099,3084,3068
CUSCO,ANTA,ZURITE,3760,3758,3760,3762,3764,3766,3768,3769
CUSCO,CALCA,CALCA,23082,23423,23653,23833,23969,24084,24188,24283
CUSCO,CALCA,COYA,3652,3645,3639,3631,3620,3609,3599,3588
CUSCO,CALCA,LAMAY,5920,5967,5997,6016,6029,6038,6046,6054
CUSCO,CALCA,LARES,6472,6412,6368,6324,6284,6244,6205,6167
CUSCO,CALCA,PISAC,11425,11607,11728,11817,11885,11942,11997,12049
CUSCO,CALCA,SAN SALVADOR,6097,6175,6225,6258,6281,6295,6308,6317
CUSCO,CALCA,TARAY,4832,4880,4911,4932,4947,4958,4969,4979
CUSCO,CALCA,YANATILE,9591,9473,9385,9303,9228,9156,9085,9016
CUSCO,CANAS,CHECCA,5523,5485,5464,5448,5435,5422,5412,5400
CUSCO,CANAS,KUNTURKANKI,5204,5178,5166,5158,5151,5145,5139,5134
CUSCO,CANAS,LANGUI,2142,2104,2079,2060,2043,2029,2014,2000
CUSCO,CANAS,LAYO,5600,5548,5518,5495,5475,5457,5441,5424
CUSCO,CANAS,PAMPAMARCA,1903,1889,1885,1878,1874,1870,1865,1862
CUSCO,CANAS,QUEHUE,2704,2660,2632,2609,2590,2573,2556,2540
CUSCO,CANAS,TUPAC AMARU,2646,2620,2605,2592,2582,2574,2565,2556
CUSCO,CANAS,YANAOCA,9302,9270,9256,9247,9239,9232,9226,9221
CUSCO,CANCHIS,CHECACUPE,5191,5217,5235,5246,5253,5258,5263,5268
CUSCO,CANCHIS,COMBAPATA,5038,5026,5017,5006,4995,4984,4972,4961
CUSCO,CANCHIS,MARANGANI,10453,10399,10359,10320,10280,10243,10207,10170
CUSCO,CANCHIS,PITUMARCA,8257,8366,8440,8496,8538,8574,8605,8634
CUSCO,CANCHIS,SAN PABLO,4515,4475,4446,4420,4395,4372,4349,4326
CUSCO,CANCHIS,SAN PEDRO,2821,2808,2798,2789,2780,2769,2759,2751
CUSCO,CANCHIS,SICUANI,63931,64711,65225,65594,65864,66071,66264,66437
CUSCO,CANCHIS,TINTA,5479,5474,5470,5462,5453,5445,5436,5426
CUSCO,CHUMBIVILCAS,CAPACMARCA,4158,4119,4097,4079,4064,4051,4037,4025
CUSCO,CHUMBIVILCAS,CHAMACA,6596,6503,6445,6399,6359,6324,6288,6255
CUSCO,CHUMBIVILCAS,COLQUEMARCA,7228,7110,7036,6974,6923,6876,6831,6787
CUSCO,CHUMBIVILCAS,LIVITACA,12704,12798,12879,12949,13009,13066,13121,13176
CUSCO,CHUMBIVILCAS,LLUSCO,4462,4322,4227,4149,4083,4022,3964,3907
CUSCO,CHUMBIVILCAS,QUIÑOTA,4036,4010,3997,3986,3978,3969,3964,3956
CUSCO,CHUMBIVILCAS,SANTO TOMAS,22958,22809,22733,22673,22624,22581,22541,22500
CUSCO,CHUMBIVILCAS,VELILLE,8423,8472,8516,8554,8587,8619,8649,8679
CUSCO,ESPINAR,ALTO PICHIGUA,2023,1981,1950,1920,1894,1867,1842,1816
CUSCO,ESPINAR,CONDOROMA,896,872,854,839,824,812,800,788
CUSCO,ESPINAR,COPORAQUE,10236,9824,9434,9055,8688,8333,7992,7663
CUSCO,ESPINAR,ESPINAR,38252,38886,39539,40173,40781,41373,41945,42506
CUSCO,ESPINAR,OCORURO,1035,995,962,931,902,874,846,818
CUSCO,ESPINAR,PALLPATA,5130,5111,5094,5075,5059,5040,5021,5002
CUSCO,ESPINAR,PICHIGUA,2896,2824,2767,2714,2663,2614,2565,2514
CUSCO,ESPINAR,SUYCKUTAMBO,1640,1566,1498,1433,1371,1312,1258,1205
CUSCO,LA CONVENCIÓN,CIELO PUNCO,-,-,2204,2235,2263,2288,2312,2336
CUSCO,LA CONVENCIÓN,ECHARATE,26006,25281,18650,18247,17871,17510,17150,16790
CUSCO,LA CONVENCIÓN,HUAYOPATA,5525,5487,5462,5440,5418,5398,5378,5358
CUSCO,LA CONVENCIÓN,INKAWASI,4979,5031,5079,5125,5166,5207,5249,5291
CUSCO,LA CONVENCIÓN,KIMBIRI,18702,19099,13688,13885,14056,14212,14360,14508
CUSCO,LA CONVENCIÓN,KUMPIRUSHIATO,-,-,6054,5923,5801,5683,5567,5451
CUSCO,LA CONVENCIÓN,MANITEA,-,-,3531,3582,3626,3666,3704,3742
CUSCO,LA CONVENCIÓN,MARANURA,5336,5209,5108,5017,4930,4847,4764,4681
CUSCO,LA CONVENCIÓN,MEGANTONI,7553,7499,7461,7427,7394,7363,7335,7307
CUSCO,LA CONVENCIÓN,OCOBAMBA,6025,5985,5944,5903,5861,5819,5778,5737
CUSCO,LA CONVENCIÓN,PICHARI,26160,27234,22680,23299,24006,24860,25560,26260
CUSCO,LA CONVENCIÓN,QUELLOUNO,15187,15150,15132,15112,15091,15071,15053,15035
CUSCO,LA CONVENCIÓN,SANTA ANA,30330,29990,29744,29650,29456,29105,28908,28710
CUSCO,LA CONVENCIÓN,SANTA TERESA,6969,6945,6933,6921,6912,6902,6894,6886
CUSCO,LA CONVENCIÓN,UNION ASHANINKA,-,-,5539,5723,5899,6072,6243,6414
CUSCO,LA CONVENCIÓN,VILCABAMBA,10359,10240,10146,10058,9976,9899,9822,9745
CUSCO,LA CONVENCIÓN,VILLA KINTIARINA,2350,2369,2388,2405,2420,2431,2442,2453
CUSCO,LA CONVENCIÓN,VILLA VIRGEN,2365,2391,2416,2437,2458,2479,2501,2523
CUSCO,PARURO,ACCHA,3179,3125,3091,3064,3041,3020,3000,2980
CUSCO,PARURO,CCAPI,3175,3121,3087,3059,3036,3015,2995,2975
CUSCO,PARURO,COLCHA,974,948,931,916,905,894,884,874
CUSCO,PARURO,HUANOQUITE,5116,5078,5057,5040,5025,5012,4999,4987
CUSCO,PARURO,OMACHA,5891,5842,5814,5792,5771,5752,5734,5718
CUSCO,PARURO,PACCARITAMBO,2118,2092,2076,2063,2052,2042,2033,2024
CUSCO,PARURO,PARURO,3479,3474,3474,3475,3477,3479,3481,3484
CUSCO,PARURO,PILLPINTO,1054,1033,1020,1009,1000,993,984,975
CUSCO,PARURO,YAURISQUE,1978,1931,1900,1875,1854,1836,1818,1800
CUSCO,PAUCARTAMBO,CAICAY,3005,3050,3089,3122,3151,3181,3210,3239
CUSCO,PAUCARTAMBO,CHALLABAMBA,9468,9421,9398,9379,9364,9350,9337,9324
CUSCO,PAUCARTAMBO,COLQUEPATA,8973,8915,8883,8858,8836,8815,8795,8776
CUSCO,PAUCARTAMBO,HUANCARANI,7788,7866,7923,7966,8001,8029,8055,8079
CUSCO,PAUCARTAMBO,KOSÑIPATA,4885,4892,4903,4914,4924,4935,4945,4955
CUSCO,PAUCARTAMBO,PAUCARTAMBO,13323,13435,13536,13627,13709,13788,13867,13946
CUSCO,QUISPICANCHI,ANDAHUAYLILLAS,6760,6938,7095,7245,7382,7509,7637,7761
CUSCO,QUISPICANCHI,CAMANTI,2556,2603,2638,2668,2692,2710,2727,2743
CUSCO,QUISPICANCHI,CCARHUAYO,3136,3156,3172,3186,3197,3204,3211,3217
CUSCO,QUISPICANCHI,CCATCA,15039,15084,15122,15165,15186,15197,15207,15214
CUSCO,QUISPICANCHI,CUSIPATA,4673,4661,4654,4652,4645,4635,4627,4616
CUSCO,QUISPICANCHI,HUARO,4919,4965,5000,5032,5055,5073,5091,5107
CUSCO,QUISPICANCHI,LUCRE,5103,5223,5326,5423,5510,5592,5669,5747
CUSCO,QUISPICANCHI,MARCAPATA,4917,4947,4971,4994,5008,5019,5029,5038
CUSCO,QUISPICANCHI,OCONGATE,18147,18587,18796,19019,19224,19417,19609,19799
CUSCO,QUISPICANCHI,OROPESA,11054,11563,12050,12323,12583,12836,13087,13336
CUSCO,QUISPICANCHI,QUIQUIJANA,11739,11856,11943,12025,12084,12132,12176,12219
CUSCO,QUISPICANCHI,URCOS,11984,12152,12279,12416,12538,12657,12774,12888
CUSCO,URUBAMBA,CHINCHERO,12043,12298,12498,12671,12825,12970,13115,13258
CUSCO,URUBAMBA,HUAYLLABAMBA,6192,6308,6395,6467,6529,6585,6639,6691
CUSCO,URUBAMBA,MACHUPICCHU,5671,5704,5729,5746,5761,5772,5782,5791
CUSCO,URUBAMBA,MARAS,6729,6769,6799,6822,6839,6853,6865,6877
CUSCO,URUBAMBA,OLLANTAYTAMBO,11642,11808,11918,12000,12061,12110,12154,12193
CUSCO,URUBAMBA,URUBAMBA,23222,23754,24178,24550,24885,25201,25516,25828
CUSCO,URUBAMBA,YUCAY,3378,3402,3421,3435,3444,3452,3461,3469
HUANCAVELICA,HUANCAVELICA,HUANCAVELICA,42674,42858,42962,43082,43223,43380,43556,43733
HUANCAVELICA,HUANCAVELICA,ACOBAMBILLA,2027,1909,1807,1702,1597,1489,1379,1269
HUANCAVELICA,HUANCAVELICA,ACORIA,18013,17056,16315,15483,14580,13632,12668,11704
HUANCAVELICA,HUANCAVELICA,ASCENSION,17963,18765,19388,20031,20696,21383,22094,22805
HUANCAVELICA,HUANCAVELICA,CONAYCA,879,848,827,804,778,751,725,699
HUANCAVELICA,HUANCAVELICA,CUENCA,1130,1071,1024,975,926,877,826,775
HUANCAVELICA,HUANCAVELICA,HUACHOCOLPA,1893,1807,1745,1674,1598,1517,1436,1355
HUANCAVELICA,HUANCAVELICA,HUANDO,6619,6490,6361,6232,6102,5971,5839,5707
HUANCAVELICA,HUANCAVELICA,HUAYLLAHUARA,681,662,651,637,623,608,592,576
HUANCAVELICA,HUANCAVELICA,IZCUCHACA,916,905,905,906,908,910,912,914
HUANCAVELICA,HUANCAVELICA,LARIA,747,717,694,669,641,612,583,554
HUANCAVELICA,HUANCAVELICA,MANTA,962,917,883,846,805,762,718,674
HUANCAVELICA,HUANCAVELICA,MARISCAL CACERES,514,494,482,470,451,435,415,395
HUANCAVELICA,HUANCAVELICA,MOYA,966,911,865,814,758,700,641,582
HUANCAVELICA,HUANCAVELICA,NUEVO OCCORO,1769,1706,1664,1617,1565,1511,1457,1403
HUANCAVELICA,HUANCAVELICA,PALCA,2005,1906,1831,1746,1655,1559,1461,1363
HUANCAVELICA,HUANCAVELICA,PILCHACA,528,517,512,508,502,496,490,484
HUANCAVELICA,HUANCAVELICA,VILCA,1922,1834,1769,1695,1615,1532,1447,1362
HUANCAVELICA,HUANCAVELICA,YAULI,20557,19892,19291,18684,18070,17448,16817,16186
HUANCAVELICA,ACOBAMBA,ACOBAMBA,9652,9579,9468,9320,9148,8955,8758,8552
HUANCAVELICA,ACOBAMBA,ANDABAMBA,3287,3171,3050,2922,2791,2662,2538,2418
HUANCAVELICA,ACOBAMBA,ANTA,4718,4483,4244,4004,3767,3538,3321,3115
HUANCAVELICA,ACOBAMBA,CAJA,1887,1809,1729,1645,1562,1481,1402,1328
HUANCAVELICA,ACOBAMBA,MARCAS,1577,1519,1457,1394,1329,1265,1205,1145
HUANCAVELICA,ACOBAMBA,PAUCARA,9911,9117,8355,7625,6937,6300,5714,5178
HUANCAVELICA,ACOBAMBA,POMACOCHA,2973,2873,2766,2654,2540,2426,2314,2208
HUANCAVELICA,ACOBAMBA,ROSARIO,5103,4952,4789,4615,4434,4253,4077,3905
HUANCAVELICA,ANGARAES,ANCHONGA,7781,7805,7684,7557,7425,7290,7155,7019
HUANCAVELICA,ANGARAES,CALLANMARCA,634,615,585,555,525,495,468,441
HUANCAVELICA,ANGARAES,CCOCHACCASA,3216,3198,3118,3032,2943,2854,2767,2679
HUANCAVELICA,ANGARAES,CHINCHO,991,967,925,885,848,807,770,735
HUANCAVELICA,ANGARAES,CONGALLA,3831,3786,3677,3566,3453,3339,3226,3113
HUANCAVELICA,ANGARAES,HUANCA-HUANCA,1423,1405,1360,1311,1261,1212,1162,1112
HUANCAVELICA,ANGARAES,HUAYLLAY GRANDE,1103,1051,982,915,851,792,733,677
HUANCAVELICA,ANGARAES,JULCAMARCA,1907,1929,1911,1889,1862,1834,1805,1774
HUANCAVELICA,ANGARAES,LIRCAY,25801,25891,25649,25384,25102,24808,24509,24207
HUANCAVELICA,ANGARAES,SAN ANTONIO DE ANTAPARCO,2474,2429,2337,2243,2147,2051,1957,1864
HUANCAVELICA,ANGARAES,SANTO TOMAS DE PATA,1536,1513,1460,1405,1350,1295,1238,1184
HUANCAVELICA,ANGARAES,SECCLLA,3318,3312,3240,3162,3080,2997,2914,2831
HUANCAVELICA,CASTROVIRREYNA,ARMA,1008,972,935,895,855,816,778,742
HUANCAVELICA,CASTROVIRREYNA,AURAHUA,1543,1497,1447,1395,1342,1289,1238,1189
HUANCAVELICA,CASTROVIRREYNA,CAPILLAS,948,915,880,844,806,770,734,701
HUANCAVELICA,CASTROVIRREYNA,CASTROVIRREYNA,3199,3172,3134,3084,3033,2970,2912,2851
HUANCAVELICA,CASTROVIRREYNA,CHUPAMARCA,950,935,916,894,870,847,824,801
HUANCAVELICA,CASTROVIRREYNA,COCAS,754,737,718,699,676,655,634,613
HUANCAVELICA,CASTROVIRREYNA,HUACHOS,933,880,828,777,726,679,634,592
HUANCAVELICA,CASTROVIRREYNA,HUAMATAMBO,422,418,415,408,403,397,388,380
HUANCAVELICA,CASTROVIRREYNA,MOLLEPAMPA,1229,1201,1172,1138,1103,1067,1032,998
HUANCAVELICA,CASTROVIRREYNA,SAN JUAN,758,769,777,784,789,791,793,794
HUANCAVELICA,CASTROVIRREYNA,SANTA ANA,886,834,783,735,688,645,607,572
HUANCAVELICA,CASTROVIRREYNA,TANTARA,699,691,680,668,654,640,626,611
HUANCAVELICA,CASTROVIRREYNA,TICRAPO,1588,1567,1542,1512,1478,1443,1408,1374
HUANCAVELICA,CHURCAMPA,ANCO,5896,5833,5757,5667,5568,5463,5365,5271
HUANCAVELICA,CHURCAMPA,CHINCHIHUASI,1987,1889,1789,1687,1584,1481,1379,1278
HUANCAVELICA,CHURCAMPA,CHURCAMPA,5534,5493,5441,5376,5302,5231,5161,5095
HUANCAVELICA,CHURCAMPA,COSME,3065,2983,2899,2810,2719,2628,2538,2450
HUANCAVELICA,CHURCAMPA,EL CARMEN,2576,2533,2482,2423,2360,2296,2236,2178
HUANCAVELICA,CHURCAMPA,LA MERCED,1178,1179,1183,1186,1189,1192,1195,1199
HUANCAVELICA,CHURCAMPA,LOCROJA,3534,3464,3379,3284,3181,3077,2978,2881
HUANCAVELICA,CHURCAMPA,PACHAMARCA,1930,1861,1791,1718,1645,1571,1499,1428
HUANCAVELICA,CHURCAMPA,PAUCARBAMBA,4544,4362,4167,3966,3762,3559,3360,3164
HUANCAVELICA,CHURCAMPA,SAN MIGUEL DE MAYOCC,777,751,726,699,672,646,618,591
HUANCAVELICA,CHURCAMPA,SAN PEDRO DE CORIS,3604,3535,3452,3357,3256,3154,3057,2962
HUANCAVELICA,HUAYTARÁ,AYAVI,833,830,824,816,807,798,789,780
HUANCAVELICA,HUAYTARÁ,CORDOVA,991,927,865,801,738,674,613,552
HUANCAVELICA,HUAYTARÁ,HUAYACUNDO ARMA,488,488,492,494,496,497,498,499
HUANCAVELICA,HUAYTARÁ,HUAYTARA,2375,2374,2365,2350,2332,2312,2293,2274
HUANCAVELICA,HUAYTARÁ,LARAMARCA,892,876,855,829,802,775,749,723
HUANCAVELICA,HUAYTARÁ,OCOYO,795,735,684,631,579,527,476,426
HUANCAVELICA,HUAYTARÁ,PILPICHACA,2973,2899,2799,2691,2570,2453,2336,2227
HUANCAVELICA,HUAYTARÁ,QUERCO,1183,1211,1241,1272,1302,1330,1359,1385
HUANCAVELICA,HUAYTARÁ,QUITO-ARMA,733,718,699,676,651,627,603,580
HUANCAVELICA,HUAYTARÁ,SAN ANTONIO DE CUSICANCHA,1455,1431,1399,1362,1322,1280,1241,1203
HUANCAVELICA,HUAYTARÁ,SAN FRANCISCO DE SANGAYAICO,1015,1029,1043,1055,1068,1079,1090,1100
HUANCAVELICA,HUAYTARÁ,SAN ISIDRO,1150,1148,1142,1133,1123,1111,1101,1090
HUANCAVELICA,HUAYTARÁ,SANTIAGO DE CHOCORVOS,1706,1600,1492,1381,1271,1161,1053,947
HUANCAVELICA,HUAYTARÁ,SANTIAGO DE QUIRAHUARA,377,356,333,311,287,264,241,221
HUANCAVELICA,HUAYTARÁ,SANTO DOMINGO DE CAPILLAS,778,751,725,697,668,640,612,584
HUANCAVELICA,HUAYTARÁ,TAMBO,785,809,835,862,889,915,940,964
HUANCAVELICA,TAYACAJA,ACOSTAMBO,3453,3365,3269,3166,3057,2948,2842,2737
HUANCAVELICA,TAYACAJA,ACRAQUIA,3664,3548,3424,3293,3158,3025,2897,2770
HUANCAVELICA,TAYACAJA,AHUAYCHA,4071,3978,3873,3758,3637,3516,3396,3278
HUANCAVELICA,TAYACAJA,ANDAYMARCA,2650,2662,2671,2677,2682,2685,2689,2694
HUANCAVELICA,TAYACAJA,COCHABAMBA,-,-,1052,988,923,858,794,730
HUANCAVELICA,TAYACAJA,COLCABAMBA,12112,11989,11822,11614,11385,11139,10899,10664
HUANCAVELICA,TAYACAJA,DANIEL HERNANDEZ,9996,10002,10033,10052,10065,10074,10084,10099
HUANCAVELICA,TAYACAJA,HUACHOCOLPA,3320,2426,2380,2329,2274,2217,2162,2108
HUANCAVELICA,TAYACAJA,HUARIBAMBA,3141,3052,2955,2852,2745,2639,2535,2432
HUANCAVELICA,TAYACAJA,LAMBRAS,-,1633,1603,1568,1531,1493,1455,1418
HUANCAVELICA,TAYACAJA,ÑAHUIMPUQUIO,1527,1479,1426,1372,1315,1260,1206,1153
HUANCAVELICA,TAYACAJA,PAMPAS,11101,11278,11419,11515,11582,11628,11670,11718
HUANCAVELICA,TAYACAJA,PAZOS,5361,5198,5021,4834,4643,4452,4266,4082
HUANCAVELICA,TAYACAJA,PICHOS,1986,1894,1800,1705,1612,1521,1433,1346
HUANCAVELICA,TAYACAJA,QUICHUAS,4301,4281,4246,4198,4139,4076,4012,3950
HUANCAVELICA,TAYACAJA,QUISHUAR,767,752,736,718,695,675,654,633
HUANCAVELICA,TAYACAJA,ROBLE,1294,1216,1140,1066,996,930,869,808
HUANCAVELICA,TAYACAJA,SALCABAMBA,4090,4005,3907,3799,3685,3568,3453,3340
HUANCAVELICA,TAYACAJA,SALCAHUASI,2813,2734,2648,2557,2461,2367,2275,2184
HUANCAVELICA,TAYACAJA,SAN MARCOS DE ROCCHAC,1875,1789,1703,1613,1527,1443,1364,1286
HUANCAVELICA,TAYACAJA,SANTIAGO DE TUCUMA,1618,1585,1545,1503,1457,1411,1367,1324
HUANCAVELICA,TAYACAJA,SURCUBAMBA,5104,4236,4158,4068,3971,3872,3776,3682
HUANCAVELICA,TAYACAJA,TINTAY PUNCU,3057,2893,1677,1575,1472,1368,1265,1163
HUÁNUCO,HUÁNUCO,AMARILIS,87373,88635,89553,90762,91704,92458,93101,93627
HUÁNUCO,HUÁNUCO,CHINCHAO,13262,13159,13015,12920,12790,12639,12478,12306
HUÁNUCO,HUÁNUCO,CHURUBAMBA,16080,15364,14619,13954,13276,12602,11948,11313
HUÁNUCO,HUÁNUCO,HUANUCO,94200,95540,96397,97086,97688,98234,98752,99240
HUÁNUCO,HUÁNUCO,MARGOS,4312,4120,3935,3784,3639,3503,3380,3266
HUÁNUCO,HUÁNUCO,PILLCO MARCA,48775,51354,53829,55072,56275,57452,58621,59779
HUÁNUCO,HUÁNUCO,QUISQUI,3454,3279,3108,2963,2825,2694,2575,2463
HUÁNUCO,HUÁNUCO,SAN FRANCISCO DE CAYRAN,4881,4847,4798,4767,4723,4672,4617,4558
HUÁNUCO,HUÁNUCO,SAN PABLO DE PILLAO,8330,8205,8049,7919,7770,7604,7436,7261
HUÁNUCO,HUÁNUCO,SAN PEDRO DE CHAULAN,3074,2748,2538,2484,2428,2369,2310,2248
HUÁNUCO,HUÁNUCO,SANTA MARIA DEL VALLE,21672,21872,21987,22123,22239,22342,22439,22529
HUÁNUCO,HUÁNUCO,YACUS,5200,5092,4965,4857,4738,4611,4483,4353
HUÁNUCO,HUÁNUCO,YARUMAYO,1588,1584,1578,1578,1576,1572,1563,1557
HUÁNUCO,AMBO,AMBO,22746,23267,23696,24054,24358,24614,24840,25035
HUÁNUCO,AMBO,CAYNA,2486,2391,2290,2188,2088,1988,1893,1800
HUÁNUCO,AMBO,COLPAS,1700,1629,1555,1482,1408,1338,1270,1207
HUÁNUCO,AMBO,CONCHAMARCA,4533,4411,4276,4135,3991,3847,3706,3569
HUÁNUCO,AMBO,HUACAR,8090,8053,7994,7920,7837,7748,7659,7570
HUÁNUCO,AMBO,SAN FRANCISCO,1467,1374,1284,1199,1118,1045,977,914
HUÁNUCO,AMBO,SAN RAFAEL,9009,8772,8508,8230,7946,7663,7385,7112
HUÁNUCO,AMBO,TOMAY KICHWA,3443,3350,3247,3140,3030,2921,2814,2709
HUÁNUCO,DOS DE MAYO,CHUQUIS,3262,3123,2980,2833,2686,2542,2402,2265
HUÁNUCO,DOS DE MAYO,LA UNION,7056,7093,7102,7108,7110,7112,7114,7125
HUÁNUCO,DOS DE MAYO,MARIAS,5714,5547,5363,5170,4968,4768,4568,4373
HUÁNUCO,DOS DE MAYO,PACHAS,5179,4821,4470,4131,3806,3500,3215,2933
HUÁNUCO,DOS DE MAYO,QUIVILLA,1156,1094,1031,968,907,849,792,736
HUÁNUCO,DOS DE MAYO,RIPAN,5422,5324,5208,5078,4938,4784,4628,4477
HUÁNUCO,DOS DE MAYO,SHUNQUI,1636,1567,1496,1423,1350,1279,1210,1142
HUÁNUCO,DOS DE MAYO,SILLAPATA,1744,1662,1578,1493,1409,1327,1249,1172
HUÁNUCO,DOS DE MAYO,YANAS,2267,2196,2118,2035,1953,1869,1787,1707
HUÁNUCO,HUACAYBAMBA,CANCHABAMBA,2754,2725,2688,2645,2599,2552,2505,2456
HUÁNUCO,HUACAYBAMBA,COCHABAMBA,1533,1454,1375,1297,1221,1149,1081,1016
HUÁNUCO,HUACAYBAMBA,HUACAYBAMBA,5888,5809,5711,5602,5488,5370,5253,5135
HUÁNUCO,HUACAYBAMBA,PINRA,6502,6384,6246,6100,5947,5791,5636,5485
HUÁNUCO,HUAMALÍES,ARANCAY,1351,1316,1278,1237,1193,1150,1109,1067
HUÁNUCO,HUAMALÍES,CHAVIN DE PARIARCA,3908,3866,3808,3739,3665,3586,3508,3426
HUÁNUCO,HUAMALÍES,JACAS GRANDE,5958,5906,5828,5735,5631,5521,5409,5296
HUÁNUCO,HUAMALÍES,JIRCAN,1338,1249,1163,1079,1002,926,858,794
HUÁNUCO,HUAMALÍES,LLATA,13842,13718,13583,13439,13289,13136,12980,12823
HUÁNUCO,HUAMALÍES,MIRAFLORES,3156,3124,3077,3023,2963,2900,2836,2773
HUÁNUCO,HUAMALÍES,MONZON,12540,12077,11578,11068,10556,10054,9568,9097
HUÁNUCO,HUAMALÍES,PUNCHAO,2006,1976,1937,1893,1847,1799,1751,1703
HUÁNUCO,HUAMALÍES,PUÑOS,4199,4146,4075,3995,3906,3815,3722,3631
HUÁNUCO,HUAMALÍES,SINGA,3115,3039,2952,2861,2765,2669,2574,2481
HUÁNUCO,HUAMALÍES,TANTAMAYO,1755,1678,1597,1516,1436,1359,1284,1214
HUÁNUCO,LAURICOCHA,BAÑOS,1776,1606,1447,1301,1167,1046,937,839
HUÁNUCO,LAURICOCHA,JESUS,4084,3921,3751,3578,3407,3240,3079,2924
HUÁNUCO,LAURICOCHA,JIVIA,1120,1035,950,869,790,714,644,578
HUÁNUCO,LAURICOCHA,QUEROPALCA,972,924,875,827,780,735,691,650
HUÁNUCO,LAURICOCHA,RONDOS,3589,3356,3123,2896,2679,2473,2279,2096
HUÁNUCO,LAURICOCHA,SAN FRANCISCO DE ASIS,1227,1152,1078,1007,939,874,813,756
HUÁNUCO,LAURICOCHA,SAN MIGUEL DE CAURI,5385,5120,4856,4599,4353,4119,3899,3692
HUÁNUCO,LEONCIO PRADO,CASTILLO GRANDE,13904,14099,14260,14382,14476,14552,14622,14686
HUÁNUCO,LEONCIO PRADO,DANIEL ALOMIA ROBLES,6867,6880,6887,6890,6893,6896,6899,6898
HUÁNUCO,LEONCIO PRADO,HERMILIO VALDIZAN,3704,3691,3668,3635,3596,3550,3506,3461
HUÁNUCO,LEONCIO PRADO,JOSE CRESPO Y CASTILLO,23581,23817,23875,23918,23949,23973,23994,24006
HUÁNUCO,LEONCIO PRADO,LUYANDO,9424,9485,9505,9519,9529,9535,9541,9543
HUÁNUCO,LEONCIO PRADO,MARIANO DAMASO BERAUN,11042,11187,11304,11390,11455,11504,11549,11590
HUÁNUCO,LEONCIO PRADO,PUCAYACU,3920,3917,3922,3924,3928,3932,3936,3938
HUÁNUCO,LEONCIO PRADO,PUEBLO NUEVO,4433,4406,4369,4320,4263,4200,4137,4072
HUÁNUCO,LEONCIO PRADO,RUPA-RUPA,57034,58126,59087,59894,60575,61187,61769,62329
HUÁNUCO,LEONCIO PRADO,SANTO DOMINGO DE ANDA,2700,2667,2628,2581,2531,2480,2427,2373
HUÁNUCO,MARAÑÓN,CHOLON,5722,5629,5573,5507,5432,5353,5273,5190
HUÁNUCO,MARAÑÓN,HUACRACHUCO,15142,15048,15077,15077,15058,15026,14989,14948
HUÁNUCO,MARAÑÓN,LA MORADA,3415,3713,3811,3902,3988,4072,4154,4235
HUÁNUCO,MARAÑÓN,SAN BUENAVENTURA,2139,2097,2059,2010,1956,1898,1839,1779
HUÁNUCO,MARAÑÓN,SANTA ROSA DE ALTO YANAJANCA,2560,2673,2729,2781,2829,2875,2920,2965
HUÁNUCO,PACHITEA,CHAGLLA,10518,10278,10009,9714,9405,9093,8791,8495
HUÁNUCO,PACHITEA,MOLINO,11030,10912,10601,10277,9946,9614,9284,8958
HUÁNUCO,PACHITEA,PANAO,18291,18126,17963,17778,17579,17376,17175,16978
HUÁNUCO,PACHITEA,UMARI,11204,10770,10413,10043,9667,9289,8915,8543
HUÁNUCO,PUERTO INCA,CODO DEL POZUZO,8065,8248,8400,8532,8647,8753,8857,8955
HUÁNUCO,PUERTO INCA,HONORIA,4856,4782,4711,4637,4562,4485,4408,4332
HUÁNUCO,PUERTO INCA,PUERTO INCA,10505,10665,10781,10870,10938,10993,11040,11084
HUÁNUCO,PUERTO INCA,TOURNAVISTA,6420,6543,6642,6723,6789,6850,6909,6964
HUÁNUCO,PUERTO INCA,YUYAPICHIS,6704,6749,6772,6791,6807,6822,6836,6850
HUÁNUCO,YAROWILCA,APARICIO POMARES,4857,4754,4566,4379,4194,4013,3836,3661
HUÁNUCO,YAROWILCA,CAHUAC,1032,928,874,821,768,716,664,613
HUÁNUCO,YAROWILCA,CHACABAMBA,991,898,847,795,745,694,645,595
HUÁNUCO,YAROWILCA,CHAVINILLO,4736,4570,4390,4207,4026,3848,3682,3523
HUÁNUCO,YAROWILCA,CHORAS,1971,1869,1764,1661,1563,1470,1381,1300
HUÁNUCO,YAROWILCA,JACAS CHICO,1062,1006,948,892,837,786,737,693
HUÁNUCO,YAROWILCA,OBAS,3846,3684,3513,3342,3175,3014,2863,2721
HUÁNUCO,YAROWILCA,PAMPAMARCA,1067,996,925,859,794,736,681,631
ICA,ICA,ICA,164698,168765,173261,177538,181683,185788,189946,194155
ICA,ICA,LA TINGUIÑA,44689,46164,47727,49227,50694,52159,53650,55168
ICA,ICA,LOS AQUIJES,24761,25686,26242,26796,27349,27906,28470,29041
ICA,ICA,OCUCAJE,4998,5141,5297,5448,5597,5744,5893,6046
ICA,ICA,PACHACUTEC,8070,8284,8519,8741,8955,9168,9381,9596
ICA,ICA,PARCONA,59294,60173,61178,62071,62883,63641,64373,65073
ICA,ICA,PUEBLO NUEVO,7220,7513,7832,8150,8469,8795,9131,9477
ICA,ICA,SALAS,29202,30467,31068,31666,32263,32864,33472,34088
ICA,ICA,SAN JOSE DE LOS MOLINOS,7811,7989,8186,8372,8552,8727,8906,9086
ICA,ICA,SAN JUAN BAUTISTA,15246,15527,15845,16137,16414,16683,16952,17222
ICA,ICA,SANTIAGO,30262,30933,31591,32245,32899,33558,34224,34899
ICA,ICA,SUBTANJALLA,31277,32666,33358,34046,34735,35428,36130,36840
ICA,ICA,TATE,5085,5184,5295,5398,5496,5591,5687,5783
ICA,ICA,YAUCA DEL ROSARIO,1247,1260,1278,1296,1315,1333,1350,1366
ICA,CHINCHA,ALTO LARAN,8639,8891,9119,9339,9551,9760,9971,10182
ICA,CHINCHA,CHAVIN,2455,2658,2856,3057,3261,3469,3683,3903
ICA,CHINCHA,CHINCHA ALTA,75486,77070,78523,79899,81231,82545,83871,85207
ICA,CHINCHA,CHINCHA BAJA,14401,14613,14783,14928,15055,15172,15285,15392
ICA,CHINCHA,EL CARMEN,13745,13940,14093,14222,14335,14437,14534,14628
ICA,CHINCHA,GROCIO PRADO,28264,29052,29770,30450,31106,31753,32403,33053
ICA,CHINCHA,PUEBLO NUEVO,71511,73510,75326,77050,78716,80353,81998,83646
ICA,CHINCHA,SAN JUAN DE YANAC,1511,1673,1831,1993,2157,2326,2499,2678
ICA,CHINCHA,SAN PEDRO DE HUACARPANA,1069,1083,1098,1111,1126,1144,1162,1184
ICA,CHINCHA,SUNAMPE,32204,33046,33809,34535,35235,35927,36625,37329
ICA,CHINCHA,TAMBO DE MORA,6402,6574,6730,6879,7023,7165,7309,7454
ICA,NASCA,CHANGUILLO,2155,2175,2214,2247,2282,2313,2347,2379
ICA,NASCA,EL INGENIO,3527,3585,3669,3749,3825,3901,3977,4054
ICA,NASCA,MARCONA,17563,18046,18634,19194,19732,20265,20803,21346
ICA,NASCA,NASCA,29473,29772,30312,30819,31304,31780,32259,32744
ICA,NASCA,VISTA ALEGRE,23763,24894,25456,26003,26541,27075,27612,28151
ICA,PALPA,LLIPATA,1732,1765,1798,1829,1859,1891,1924,1957
ICA,PALPA,PALPA,8589,8722,8842,8952,9056,9160,9263,9365
ICA,PALPA,RIO GRANDE,2926,2946,2970,2995,3021,3046,3073,3100
ICA,PALPA,SANTA CRUZ,1039,1037,1038,1041,1045,1046,1048,1051
ICA,PALPA,TIBILLO,366,362,360,358,356,355,352,351
ICA,PISCO,HUANCANO,1474,1452,1448,1443,1437,1432,1426,1420
ICA,PISCO,HUMAY,5811,5846,5886,5923,5958,5990,6022,6055
ICA,PISCO,INDEPENDENCIA,14357,14544,14733,14908,15074,15235,15397,15559
ICA,PISCO,PARACAS,8472,9011,9546,10082,10622,11173,11739,12318
ICA,PISCO,PISCO,76406,78636,80733,82721,84646,86548,88467,90405
ICA,PISCO,SAN ANDRES,15742,15995,16242,16471,16690,16903,17118,17331
ICA,PISCO,SAN CLEMENTE,27985,28904,29776,30611,31423,32227,33037,33853
ICA,PISCO,TUPAC AMARU INCA,19173,19628,19872,20110,20341,20570,20797,21021
JUNÍN,JUNÍN,JUNÍN,11346,11238,11033,10817,10593,10368,10146,9924
JUNÍN,JUNÍN,CARHUAMAYO,6699,6554,6357,6157,5962,5769,5581,5399
JUNÍN,JUNÍN,ONDORES,1153,1075,1047,1021,996,971,947,923
JUNÍN,JUNÍN,ULCUMAYO,4106,3890,3771,3656,3545,3437,3331,3226
JUNÍN,CHANCHAMAYO,CHANCHAMAYO,28984,29175,29354,29494,29604,29695,29775,29843
JUNÍN,CHANCHAMAYO,PERENE,59984,60225,60416,60585,60737,60876,61010,61138
JUNÍN,CHANCHAMAYO,PICHANAQUI,43511,42869,42209,41498,40752,39986,39213,38436
JUNÍN,CHANCHAMAYO,SAN LUIS DE SHUARO,4151,3976,3779,3580,3381,3181,2981,2781
JUNÍN,CHANCHAMAYO,SAN RAMON,29194,29425,29643,29821,29970,30097,30214,30319
JUNÍN,CHANCHAMAYO,VITOC,1774,1715,1659,1605,1550,1500,1450,1402
JUNÍN,CHUPACA,AHUAC,6754,6745,6709,6677,6648,6619,6591,6563
JUNÍN,CHUPACA,CHONGOS BAJO,4761,4774,4805,4829,4845,4857,4867,4875
JUNÍN,CHUPACA,CHUPACA,21574,21538,21479,21432,21393,21361,21329,21298
JUNÍN,CHUPACA,HUACHAC,3093,3030,2986,2938,2889,2837,2783,2728
JUNÍN,CHUPACA,HUAMANCACA CHICO,10259,10839,11380,11881,12354,12810,13263,13716
JUNÍN,CHUPACA,SAN JUAN DE ISCOS,2325,2314,2316,2314,2307,2297,2280,2259
JUNÍN,CHUPACA,SAN JUAN DE JARPA,2680,2598,2528,2455,2381,2307,2236,2164
JUNÍN,CHUPACA,TRES DE DICIEMBRE,3007,3114,3223,3325,3423,3518,3613,3708
JUNÍN,CHUPACA,YANACANCHA,2708,2652,2586,2520,2454,2388,2321,2252
JUNÍN,CONCEPCIÓN,ACO,1669,1643,1615,1586,1556,1526,1496,1465
JUNÍN,CONCEPCIÓN,ANDAMARCA,3514,3371,3224,3075,2926,2776,2627,2479
JUNÍN,CONCEPCIÓN,CHAMBARA,2706,2675,2643,2609,2574,2537,2501,2464
JUNÍN,CONCEPCIÓN,COCHAS,1995,1971,1946,1919,1890,1862,1833,1804
JUNÍN,CONCEPCIÓN,COMAS,5547,5369,5187,5002,4815,4627,4440,4253
JUNÍN,CONCEPCIÓN,CONCEPCION,16631,16806,16973,17124,17260,17391,17514,17631
JUNÍN,CONCEPCIÓN,HEROINAS TOLEDO,983,949,916,880,845,809,774,739
JUNÍN,CONCEPCIÓN,MANZANARES,1537,1532,1526,1519,1512,1503,1494,1485
JUNÍN,CONCEPCIÓN,MARISCAL CASTILLA,1472,1465,1457,1448,1438,1427,1416,1405
JUNÍN,CONCEPCIÓN,MATAHUASI,6236,6318,6396,6468,6536,6599,6661,6720
JUNÍN,CONCEPCIÓN,MITO,1462,1457,1452,1445,1437,1429,1420,1412
JUNÍN,CONCEPCIÓN,NUEVE DE JULIO,2488,2555,2619,2679,2738,2795,2850,2905
JUNÍN,CONCEPCIÓN,ORCOTUNA,5142,5233,5319,5401,5478,5551,5623,5693
JUNÍN,CONCEPCIÓN,SAN JOSE DE QUERO,5774,5702,5627,5548,5465,5381,5296,5211
JUNÍN,CONCEPCIÓN,SANTA ROSA DE OCOPA,2100,2092,2082,2071,2058,2044,2030,2016
JUNÍN,HUANCAYO,CARHUACALLANGA,492,468,449,431,416,402,389,376
JUNÍN,HUANCAYO,CHACAPAMPA,964,941,920,899,880,862,844,827
JUNÍN,HUANCAYO,CHICCHE,725,687,656,630,606,584,562,541
JUNÍN,HUANCAYO,CHILCA,98573,100252,101522,102548,103407,104173,104922,105647
JUNÍN,HUANCAYO,CHONGOS ALTO,1540,1523,1503,1481,1459,1437,1416,1395
JUNÍN,HUANCAYO,CHUPURO,2096,2095,2083,2065,2044,2023,2003,1982
JUNÍN,HUANCAYO,COLCA,1047,1032,1014,996,978,960,943,926
JUNÍN,HUANCAYO,CULLHUAS,1351,1308,1269,1233,1199,1167,1138,1108
JUNÍN,HUANCAYO,EL TAMBO,173882,175725,177221,178306,179110,179769,180415,181033
JUNÍN,HUANCAYO,HUACRAPUQUIO,1420,1415,1403,1390,1374,1358,1341,1326
JUNÍN,HUANCAYO,HUALHUAS,5825,6006,6056,6092,6118,6139,6160,6180
JUNÍN,HUANCAYO,HUANCAN,28507,29996,30981,31882,32720,33516,34295,35054
JUNÍN,HUANCAYO,HUANCAYO,123748,124294,125146,125709,126080,126352,126618,126869
JUNÍN,HUANCAYO,HUASICANCHA,855,840,825,810,796,781,768,754
JUNÍN,HUANCAYO,HUAYUCACHI,10705,10925,11007,11063,11102,11132,11161,11189
JUNÍN,HUANCAYO,INGENIO,2472,2448,2417,2384,2349,2315,2281,2249
JUNÍN,HUANCAYO,PARIAHUANCA,5348,5201,5056,4902,4744,4586,4431,4280
JUNÍN,HUANCAYO,PILCOMAYO,23024,24039,24862,25618,26322,26992,27648,28287
JUNÍN,HUANCAYO,PUCARA,4937,4859,4777,4695,4613,4533,4455,4379
JUNÍN,HUANCAYO,QUICHUAY,1937,1931,1916,1896,1876,1853,1832,1811
JUNÍN,HUANCAYO,QUILCAS,4060,4063,4089,4105,4115,4122,4128,4134
JUNÍN,HUANCAYO,SAN AGUSTIN,17885,18684,19381,20025,20627,21202,21764,22313
JUNÍN,HUANCAYO,SAN JERONIMO DE TUNAN,12772,13031,13206,13350,13471,13580,13687,13790
JUNÍN,HUANCAYO,SAÑO,6171,6412,6526,6623,6709,6789,6866,6942
JUNÍN,HUANCAYO,SANTO DOMINGO DE ACOBAMBA,6547,6406,6252,6086,5915,5743,5574,5410
JUNÍN,HUANCAYO,SAPALLANGA,24193,25401,26179,26887,27543,28165,28774,29367
JUNÍN,HUANCAYO,SICAYA,20503,22244,23457,24599,25684,26727,27748,28744
JUNÍN,HUANCAYO,VIQUES,2885,2957,2990,3016,3038,3056,3074,3092
JUNÍN,JAUJA,ACOLLA,6267,6093,5917,5737,5556,5374,5196,5021
JUNÍN,JAUJA,APATA,4625,4586,4542,4491,4436,4376,4317,4255
JUNÍN,JAUJA,ATAURA,1376,1382,1390,1398,1405,1412,1417,1423
JUNÍN,JAUJA,CANCHAYLLO,1703,1692,1680,1665,1648,1630,1613,1593
JUNÍN,JAUJA,CURICACA,1479,1454,1427,1399,1370,1339,1309,1279
JUNÍN,JAUJA,EL MANTARO,2739,2743,2750,2758,2768,2778,2787,2797
JUNÍN,JAUJA,HUAMALI,1685,1659,1630,1601,1569,1537,1504,1472
JUNÍN,JAUJA,HUARIPAMPA,1089,1090,1096,1105,1115,1124,1135,1145
JUNÍN,JAUJA,HUERTAS,2205,2231,2255,2275,2293,2309,2324,2338
JUNÍN,JAUJA,JANJAILLO,572,557,542,529,514,502,491,479
JUNÍN,JAUJA,JAUJA,19710,19948,20164,20347,20509,20651,20779,20892
JUNÍN,JAUJA,JULCAN,768,758,750,739,728,717,705,693
JUNÍN,JAUJA,LEONOR ORDOÑEZ,1623,1616,1607,1597,1584,1570,1556,1540
JUNÍN,JAUJA,LLOCLLAPAMPA,1194,1179,1163,1145,1127,1107,1087,1068
JUNÍN,JAUJA,MARCO,1491,1447,1403,1359,1313,1269,1225,1183
JUNÍN,JAUJA,MASMA,1810,1774,1736,1696,1656,1614,1573,1532
JUNÍN,JAUJA,MASMA CHICCHE,756,742,727,711,695,679,664,647
JUNÍN,JAUJA,MOLINOS,1633,1614,1593,1571,1547,1522,1496,1470
JUNÍN,JAUJA,MONOBAMBA,1869,1917,1964,2008,2051,2093,2135,2176
JUNÍN,JAUJA,MUQUI,1059,1057,1053,1047,1041,1032,1025,1017
JUNÍN,JAUJA,MUQUIYAUYO,2387,2380,2370,2356,2340,2323,2303,2283
JUNÍN,JAUJA,PACA,903,876,848,820,792,765,737,711
JUNÍN,JAUJA,PACCHA,1460,1413,1366,1319,1273,1228,1184,1141
JUNÍN,JAUJA,PANCAN,1278,1264,1250,1234,1217,1198,1179,1161
JUNÍN,JAUJA,PARCO,1180,1152,1123,1095,1064,1035,1006,977
JUNÍN,JAUJA,POMACANCHA,1434,1382,1331,1277,1227,1176,1127,1079
JUNÍN,JAUJA,RICRAN,1282,1236,1191,1145,1102,1060,1017,979
JUNÍN,JAUJA,SAN LORENZO,2768,2808,2846,2881,2911,2940,2967,2992
JUNÍN,JAUJA,SAN PEDRO DE CHUNAN,697,675,654,632,610,588,568,547
JUNÍN,JAUJA,SAUSA,3321,3361,3396,3428,3454,3479,3501,3522
JUNÍN,JAUJA,SINCOS,4247,4217,4183,4143,4098,4051,4001,3950
JUNÍN,JAUJA,TUNAN MARCA,1029,998,968,939,907,877,847,818
JUNÍN,JAUJA,YAULI,1095,1055,1015,976,935,897,859,823
JUNÍN,JAUJA,YAUYOS,10017,10049,10072,10099,10131,10165,10198,10230
JUNÍN,SATIPO,COVIRIALI,6476,6573,6650,6711,6759,6799,6834,6862
JUNÍN,SATIPO,LLAYLLA,7340,7548,7711,7849,7972,8085,8197,8306
JUNÍN,SATIPO,MAZAMARI,42212,43191,43977,44652,45250,45804,46348,46881
JUNÍN,SATIPO,PAMPA HERMOSA,3825,3654,3490,3335,3191,3057,2937,2827
JUNÍN,SATIPO,PANGOA,63895,65356,66529,67539,68433,69263,70079,70876
JUNÍN,SATIPO,RIO NEGRO,33745,34427,34984,35464,35890,36286,36675,37055
JUNÍN,SATIPO,RIO TAMBO,30204,29909,29549,29138,28688,28215,27735,27247
JUNÍN,SATIPO,SATIPO,42214,42647,43048,43401,43720,44019,44313,44601
JUNÍN,SATIPO,VIZCATÁN DEL ENE,5406,5800,6077,6356,6636,6918,7200,7483
JUNÍN,TARMA,ACOBAMBA,9683,9387,9075,8762,8449,8140,7833,7527
JUNÍN,TARMA,HUARICOLCA,1891,1813,1730,1648,1568,1491,1416,1346
JUNÍN,TARMA,HUASAHUASI,10157,9768,9366,8969,8577,8189,7808,7429
JUNÍN,TARMA,LA UNION,3675,3650,3616,3579,3539,3498,3457,3416
JUNÍN,TARMA,PALCA,5953,5897,5834,5770,5705,5641,5578,5517
JUNÍN,TARMA,PALCAMAYO,3253,3006,2900,2794,2688,2584,2480,2376
JUNÍN,TARMA,SAN PEDRO DE CAJAS,3473,3314,3187,3061,2935,2810,2686,2562
JUNÍN,TARMA,TAPO,4583,4470,4349,4227,4106,3987,3870,3756
JUNÍN,TARMA,TARMA,50739,50544,50198,49795,49358,48896,48431,47966
JUNÍN,YAULI,CHACAPALPA,683,665,648,629,613,594,578,561
JUNÍN,YAULI,HUAY-HUAY,2134,2176,2212,2246,2277,2308,2339,2370
JUNÍN,YAULI,LA OROYA,14067,13700,13326,12949,12570,12194,11824,11461
JUNÍN,YAULI,MARCAPOMACOCHA,816,784,757,730,703,676,650,623
JUNÍN,YAULI,MOROCOCHA,5280,5270,5259,5244,5227,5208,5189,5171
JUNÍN,YAULI,PACCHA,1665,1644,1623,1604,1582,1562,1541,1521
JUNÍN,YAULI,SANTA BARBARA DE CARHUACAYAN,1057,1003,952,903,856,811,769,727
JUNÍN,YAULI,SANTA ROSA DE SACCO,8824,8618,8415,8207,7998,7788,7577,7364
JUNÍN,YAULI,SUITUCANCHA,725,710,696,681,665,650,634,619
JUNÍN,YAULI,YAULI,5512,5471,5418,5356,5290,5222,5154,5088
LA LIBERTAD,ASCOPE,ASCOPE,6865,6855,6866,6868,6863,6856,6848,6840
LA LIBERTAD,ASCOPE,CASA GRANDE,29803,29802,29897,29942,29956,29970,29984,29996
LA LIBERTAD,ASCOPE,CHICAMA,15979,16065,16135,16180,16208,16227,16245,16262
LA LIBERTAD,ASCOPE,CHOCOPE,9831,9807,9815,9808,9791,9768,9743,9717
LA LIBERTAD,ASCOPE,MAGDALENA DE CAO,2685,2669,2664,2652,2638,2623,2609,2595
LA LIBERTAD,ASCOPE,PAIJAN,28396,28894,29370,29804,30212,30586,30960,31332
LA LIBERTAD,ASCOPE,RAZURI,9322,9415,9500,9572,9632,9688,9745,9801
LA LIBERTAD,ASCOPE,SANTIAGO DE CAO,19950,19973,20061,20118,20154,20180,20204,20227
LA LIBERTAD,BOLÍVAR,BAMBAMARCA,3187,3159,3136,3109,3080,3048,3016,2986
LA LIBERTAD,BOLÍVAR,BOLIVAR,5006,5031,5062,5083,5100,5116,5133,5145
LA LIBERTAD,BOLÍVAR,CONDORMARCA,2148,2143,2140,2135,2128,2119,2110,2101
LA LIBERTAD,BOLÍVAR,LONGOTEA,2347,2350,2353,2357,2362,2366,2372,2378
LA LIBERTAD,BOLÍVAR,UCHUMARCA,2432,2396,2364,2330,2294,2257,2220,2184
LA LIBERTAD,BOLÍVAR,UCUNCHA,906,903,902,899,895,891,887,882
LA LIBERTAD,CHEPÉN,CHEPEN,48644,48917,49231,49489,49711,49914,50115,50314
LA LIBERTAD,CHEPÉN,PACANGA,24114,24727,25318,25806,26225,26606,26986,27360
LA LIBERTAD,CHEPÉN,PUEBLO NUEVO,12732,12767,12816,12857,12891,12923,12954,12985
LA LIBERTAD,GRAN CHIMÚ,CASCAS,14331,14344,14358,14381,14407,14434,14462,14490
LA LIBERTAD,GRAN CHIMÚ,LUCMA,4932,4866,4839,4800,4752,4702,4651,4601
LA LIBERTAD,GRAN CHIMÚ,MARMOT,2555,2566,2573,2582,2594,2607,2619,2631
LA LIBERTAD,GRAN CHIMÚ,SAYAPULLO,6620,6514,6470,6405,6328,6246,6163,6080
LA LIBERTAD,JULCÁN,CALAMARCA,5167,5070,4990,4906,4819,4720,4625,4530
LA LIBERTAD,JULCÁN,CARABAMBA,6930,6916,6926,6929,6931,6933,6935,6937
LA LIBERTAD,JULCÁN,HUASO,6252,6239,6247,6249,6251,6253,6255,6257
LA LIBERTAD,JULCÁN,JULCAN,12776,12762,12788,12804,12808,12817,12821,12825
LA LIBERTAD,OTUZCO,AGALLPAMPA,10354,10403,10482,10550,10610,10666,10721,10776
LA LIBERTAD,OTUZCO,CHARAT,2612,2574,2545,2512,2479,2444,2409,2375
LA LIBERTAD,OTUZCO,HUARANCHAL,4190,4122,4065,4005,3943,3880,3820,3759
LA LIBERTAD,OTUZCO,LA CUESTA,666,662,661,658,655,653,651,646
LA LIBERTAD,OTUZCO,MACHE,2894,2869,2853,2835,2814,2791,2770,2748
LA LIBERTAD,OTUZCO,OTUZCO,26702,26830,27030,27201,27351,27491,27630,27767
LA LIBERTAD,OTUZCO,PARANDAY,551,542,536,530,523,517,509,503
LA LIBERTAD,OTUZCO,SALPO,6534,6543,6571,6591,6606,6618,6631,6643
LA LIBERTAD,OTUZCO,SINSICAP,7597,7543,7509,7467,7422,7372,7322,7273
LA LIBERTAD,OTUZCO,USQUIL,23245,23003,22824,22622,22404,22181,21956,21733
LA LIBERTAD,PACASMAYO,GUADALUPE,43508,44119,44710,45202,45626,46016,46402,46782
LA LIBERTAD,PACASMAYO,JEQUETEPEQUE,4498,4604,4708,4803,4892,4978,5064,5150
LA LIBERTAD,PACASMAYO,PACASMAYO,31619,32161,32691,33150,33563,33952,34340,34726
LA LIBERTAD,PACASMAYO,SAN JOSE,12604,12718,12825,12902,12959,13004,13047,13087
LA LIBERTAD,PACASMAYO,SAN PEDRO DE LLOC,19081,19368,19647,19882,20089,20280,20469,20658
LA LIBERTAD,PATAZ,BULDIBUYO,4201,4229,4264,4292,4315,4336,4356,4377
LA LIBERTAD,PATAZ,CHILLIA,12978,13046,13135,13206,13264,13318,13370,13421
LA LIBERTAD,PATAZ,HUANCASPATA,6166,6142,6130,6122,6114,6108,6101,6095
LA LIBERTAD,PATAZ,HUAYLILLAS,1164,1116,1070,1034,1004,975,950,922
LA LIBERTAD,PATAZ,HUAYO,3795,3762,3736,3716,3699,3685,3670,3656
LA LIBERTAD,PATAZ,ONGON,1385,1360,1337,1320,1305,1292,1279,1266
LA LIBERTAD,PATAZ,PARCOY,20753,21147,21560,21889,22160,22405,22645,22884
LA LIBERTAD,PATAZ,PATAZ,10482,10782,11088,11333,11536,11716,11895,12072
LA LIBERTAD,PATAZ,PIAS,1872,1902,1936,1961,1984,2003,2023,2041
LA LIBERTAD,PATAZ,SANTIAGO DE CHALLAS,2330,2290,2256,2228,2206,2186,2166,2146
LA LIBERTAD,PATAZ,TAURIJA,3033,3032,3031,3030,3029,3027,3026,3025
LA LIBERTAD,PATAZ,TAYABAMBA,13871,13862,13855,13848,13841,13833,13825,13818
LA LIBERTAD,PATAZ,URPAY,2466,2422,2384,2352,2327,2305,2283,2261
LA LIBERTAD,SÁNCHEZ CARRIÓN,CHUGAY,19177,19344,19553,19702,19809,19896,19982,20064
LA LIBERTAD,SÁNCHEZ CARRIÓN,COCHORCO,9948,10054,10179,10271,10339,10395,10452,10506
LA LIBERTAD,SÁNCHEZ CARRIÓN,CURGOS,8748,8795,8865,8909,8939,8960,8981,9002
LA LIBERTAD,SÁNCHEZ CARRIÓN,HUAMACHUCO,77443,79944,82085,84084,85980,87823,89656,91478
LA LIBERTAD,SÁNCHEZ CARRIÓN,MARCABAL,11627,11381,11164,10927,10677,10421,10166,9912
LA LIBERTAD,SÁNCHEZ CARRIÓN,SANAGORAN,14728,14881,15064,15197,15296,15379,15459,15538
LA LIBERTAD,SÁNCHEZ CARRIÓN,SARIN,9847,9904,9986,10040,10077,10104,10130,10156
LA LIBERTAD,SÁNCHEZ CARRIÓN,SARTIMBAMBA,14229,14367,14534,14654,14744,14816,14888,14958
LA LIBERTAD,SANTIAGO DE CHUCO,ANGASMARCA,5067,4995,4934,4870,4803,4736,4669,4605
LA LIBERTAD,SANTIAGO DE CHUCO,CACHICADAN,5851,5789,5739,5685,5625,5566,5507,5447
LA LIBERTAD,SANTIAGO DE CHUCO,MOLLEBAMBA,1854,1846,1842,1835,1829,1821,1813,1805
LA LIBERTAD,SANTIAGO DE CHUCO,MOLLEPATA,2464,2441,2424,2405,2384,2363,2341,2320
LA LIBERTAD,SANTIAGO DE CHUCO,QUIRUVILCA,13727,13703,13708,13698,13678,13653,13627,13601
LA LIBERTAD,SANTIAGO DE CHUCO,SANTA CRUZ DE CHUCA,3062,3049,3043,3033,3021,3007,2994,2980
LA LIBERTAD,SANTIAGO DE CHUCO,SANTIAGO DE CHUCO,20325,20368,20456,20520,20570,20610,20652,20689
LA LIBERTAD,SANTIAGO DE CHUCO,SITABAMBA,3682,3677,3680,3679,3674,3669,3663,3657
LA LIBERTAD,TRUJILLO,ALTO TRUJILLO,-,-,-,-,84323,85980,87632,89279
LA LIBERTAD,TRUJILLO,EL PORVENIR,220624,229115,235832,242202,129189,131727,134258,136781
LA LIBERTAD,TRUJILLO,FLORENCIA DE MORA,38475,38334,38107,37879,62844,64079,65310,66537
LA LIBERTAD,TRUJILLO,HUANCHACO,82792,87192,90609,93851,96971,100027,103075,106117
LA LIBERTAD,TRUJILLO,LA ESPERANZA,217756,224427,229779,234854,239896,244607,249310,253998
LA LIBERTAD,TRUJILLO,LAREDO,42144,43024,43750,44440,54577,55649,56718,57784
LA LIBERTAD,TRUJILLO,MOCHE,41610,42798,43755,44663,45537,46392,47246,48097
LA LIBERTAD,TRUJILLO,POROTO,3900,3924,3947,3969,3990,4010,4032,4054
LA LIBERTAD,TRUJILLO,SALAVERRY,21866,22717,23390,24028,24643,25244,25844,26442
LA LIBERTAD,TRUJILLO,SIMBAL,4482,4515,4546,4575,4603,4631,4658,4685
LA LIBERTAD,TRUJILLO,TRUJILLO,340582,344374,347730,350915,353982,356985,359982,362958
LA LIBERTAD,TRUJILLO,VICTOR LARCO HERRERA,76283,78304,79941,81494,82988,84452,85912,87367
LA LIBERTAD,VIRÚ,CHAO,37511,39125,40535,41760,42857,43889,44915,45930
LA LIBERTAD,VIRÚ,GUADALUPITO,7536,7663,7780,7882,7974,8060,8145,8229
LA LIBERTAD,VIRÚ,VIRU,57500,58418,59275,60018,60685,61312,61934,62551
LAMBAYEQUE,LAMBAYEQUE,LAMBAYEQUE,78343,79845,81867,83717,85467,87181,88933,90725
LAMBAYEQUE,LAMBAYEQUE,CHOCHOPE,1539,1571,1613,1650,1686,1720,1757,1792
LAMBAYEQUE,LAMBAYEQUE,ILLIMO,9436,9472,9560,9623,9666,9698,9728,9757
LAMBAYEQUE,LAMBAYEQUE,JAYANCA,19575,20042,20310,20559,20795,21026,21260,21497
LAMBAYEQUE,LAMBAYEQUE,MOCHUMI,19596,19750,20146,20524,20892,21256,21625,21999
LAMBAYEQUE,LAMBAYEQUE,MORROPE,54514,56131,57002,57818,58601,59372,60153,60944
LAMBAYEQUE,LAMBAYEQUE,MOTUPE,33008,33952,34752,35523,36277,37028,37788,38558
LAMBAYEQUE,LAMBAYEQUE,OLMOS,53834,55691,56552,57359,58133,58895,59666,60447
LAMBAYEQUE,LAMBAYEQUE,PACORA,8641,8829,9070,9292,9500,9706,9915,10130
LAMBAYEQUE,LAMBAYEQUE,SALAS,13522,13577,13708,13801,13866,13916,13963,14006
LAMBAYEQUE,LAMBAYEQUE,SAN JOSE,17206,17754,18284,18801,19310,19819,20334,20856
LAMBAYEQUE,LAMBAYEQUE,TUCUME,23915,24221,24667,25048,25386,25700,26010,26319
LAMBAYEQUE,CHICLAYO,CAYALTI,15446,15365,15279,15153,15001,14832,14659,14481
LAMBAYEQUE,CHICLAYO,CHICLAYO,285907,288360,291138,293332,295113,296645,298094,299442
LAMBAYEQUE,CHICLAYO,CHONGOYAPE,19441,19629,19821,19966,20077,20168,20252,20327
LAMBAYEQUE,CHICLAYO,ETEN,12896,13118,13345,13542,13719,13887,14054,14218
LAMBAYEQUE,CHICLAYO,ETEN PUERTO,2422,2439,2459,2471,2478,2484,2489,2493
LAMBAYEQUE,CHICLAYO,JOSE LEONARDO ORTIZ,164974,165355,166266,167037,167710,168322,168913,169479
LAMBAYEQUE,CHICLAYO,LA VICTORIA,97223,99183,100033,100801,101510,102183,102844,103490
LAMBAYEQUE,CHICLAYO,LAGUNAS,10696,10829,10964,11074,11165,11246,11323,11396
LAMBAYEQUE,CHICLAYO,MONSEFU,34856,35323,35797,36188,36520,36817,37104,37379
LAMBAYEQUE,CHICLAYO,NUEVA ARICA,2526,2538,2552,2561,2567,2571,2576,2581
LAMBAYEQUE,CHICLAYO,OYOTUN,8470,8359,8311,8268,8228,8191,8154,8117
LAMBAYEQUE,CHICLAYO,PATAPO,24648,25022,25401,25723,26003,26259,26510,26753
LAMBAYEQUE,CHICLAYO,PICSI,14127,14726,14893,15048,15194,15335,15474,15611
LAMBAYEQUE,CHICLAYO,PIMENTEL,50505,52505,52997,53446,53863,54262,54654,55038
LAMBAYEQUE,CHICLAYO,POMALCA,26664,27016,27375,27672,27924,28148,28364,28570
LAMBAYEQUE,CHICLAYO,PUCALA,9035,9022,9046,9062,9073,9081,9087,9092
LAMBAYEQUE,CHICLAYO,REQUE,17304,17794,18063,18318,18563,18802,19038,19272
LAMBAYEQUE,CHICLAYO,SAÑA,12450,12497,12581,12654,12720,12781,12841,12899
LAMBAYEQUE,CHICLAYO,SANTA ROSA,13592,13856,14126,14366,14585,14795,15006,15217
LAMBAYEQUE,CHICLAYO,TUMAN,29619,29773,29990,30159,30293,30407,30514,30612
LAMBAYEQUE,FERREÑAFE,CAÑARIS,12300,12251,12187,12096,11985,11861,11735,11602
LAMBAYEQUE,FERREÑAFE,FERREÑAFE,37249,37715,38144,38489,38769,39013,39234,39435
LAMBAYEQUE,FERREÑAFE,INCAHUASI,15025,15112,15203,15266,15308,15335,15355,15365
LAMBAYEQUE,FERREÑAFE,MANUEL ANTONIO MESONES MURO,4167,4179,4198,4210,4220,4224,4229,4234
LAMBAYEQUE,FERREÑAFE,PITIPO,21797,21977,22136,22242,22311,22357,22394,22417
LAMBAYEQUE,FERREÑAFE,PUEBLO NUEVO,15637,16007,16076,16135,16185,16231,16272,16308
LIMA,LIMA,LIMA,269769,267379,267199,266887,266467,265991,265503,265003
LIMA,LIMA,ANCON,76357,82677,87091,91478,95841,100194,104552,108912
LIMA,LIMA,ATE,652900,670818,687615,702815,716859,730256,743517,756613
LIMA,LIMA,BARRANCO,35745,35915,36200,36467,36721,36968,37214,37459
LIMA,LIMA,BREÑA,92153,93111,94209,95187,96076,96916,97746,98563
LIMA,LIMA,CARABAYLLO,380890,400414,412234,423894,435419,446878,458341,469806
LIMA,LIMA,CHACLACAYO,43897,44157,44634,45091,45532,45963,46394,46824
LIMA,LIMA,CHORRILLOS,349855,355978,361907,367099,371746,376076,380313,384444
LIMA,LIMA,CIENEGUILLA,37815,39055,39633,40193,40739,41278,41816,42353
LIMA,LIMA,COMAS,566314,573884,581036,586914,591841,596186,600307,604186
LIMA,LIMA,EL AGUSTINO,218277,221974,225749,229426,233022,236577,240130,243679
LIMA,LIMA,INDEPENDENCIA,221551,222850,225536,228121,230622,233081,235535,237983
LIMA,LIMA,JESUS MARIA,80377,81743,82842,83904,84936,85952,86967,87980
LIMA,LIMA,LA MOLINA,157820,160244,162761,165020,167091,169055,170998,172914
LIMA,LIMA,LA VICTORIA,188900,188619,189152,189594,189961,190290,190612,190925
LIMA,LIMA,LINCE,59213,59578,60647,61689,62711,63721,64730,65739
LIMA,LIMA,LOS OLIVOS,349100,351983,355528,358910,362159,365339,368511,371673
LIMA,LIMA,LURIGANCHO,271822,283231,293377,302599,311154,319335,327438,335442
LIMA,LIMA,LURIN,104770,109506,111789,114024,116221,118398,120575,122750
LIMA,LIMA,MAGDALENA DEL MAR,63856,65139,66464,67761,69034,70296,71558,72819
LIMA,LIMA,MIRAFLORES,106735,108855,111202,113503,115766,118009,120252,122493
LIMA,LIMA,PACHACAMAC,134104,142133,147228,152268,157263,162235,167211,172188
LIMA,LIMA,PUCUSANA,16032,16615,17142,17620,18063,18487,18906,19321
LIMA,LIMA,PUEBLO LIBRE,92250,94010,95809,97568,99292,101000,102707,104412
LIMA,LIMA,PUENTE PIEDRA,379550,395819,404081,412174,420126,428008,435888,443763
LIMA,LIMA,PUNTA HERMOSA,19966,22230,22855,23470,24079,24683,25288,25892
LIMA,LIMA,PUNTA NEGRA,7955,8243,8531,8808,9079,9349,9625,9907
LIMA,LIMA,RIMAC,179892,180260,181613,182882,184082,185245,186404,187556
LIMA,LIMA,SAN BARTOLO,8442,8722,9003,9273,9537,9801,10071,10348
LIMA,LIMA,SAN BORJA,125183,127102,129095,130882,132521,134075,135613,137130
LIMA,LIMA,SAN ISIDRO,66878,67703,68604,69409,70144,70840,71527,72204
LIMA,LIMA,SAN JUAN DE LURIGANCHO,1152258,1177629,1203125,1225092,1245145,1264060,1282635,1300785
LIMA,LIMA,SAN JUAN DE MIRAFLORES,408538,412865,417800,422197,426196,429975,433709,437390
LIMA,LIMA,SAN LUIS,55688,55793,56068,56302,56505,56691,56875,57055
LIMA,LIMA,SAN MARTIN DE PORRES,729268,744050,758216,770725,781994,792514,802774,812733
LIMA,LIMA,SAN MIGUEL,169282,173309,177164,180647,183858,186918,189947,192938
LIMA,LIMA,SANTA ANITA,218514,221776,224893,227530,229810,231875,233865,235773
LIMA,LIMA,SANTA MARIA DEL MAR,1106,1142,1180,1216,1248,1284,1314,1349
LIMA,LIMA,SANTA ROSA,34361,37940,40030,42107,44174,46236,48300,50366
LIMA,LIMA,SANTIAGO DE SURCO,397082,408086,414142,420016,425740,431387,437028,442660
LIMA,LIMA,SURQUILLO,99397,100339,101448,102434,103327,104171,105004,105824
LIMA,LIMA,VILLA EL SALVADOR,420278,423887,428276,432170,435693,439013,442292,445521
LIMA,LIMA,VILLA MARIA DEL TRIUNFO,432835,437992,443687,448775,453413,457802,462141,466419
LIMA,BARRANCA,BARRANCA,70971,72221,73423,74630,75873,77186,78605,80131
LIMA,BARRANCA,PARAMONGA,22007,21938,21783,21633,21499,21389,21310,21261
LIMA,BARRANCA,PATIVILCA,17797,17941,18055,18171,18298,18443,18614,18811
LIMA,BARRANCA,SUPE,24930,25470,26090,26709,27339,27993,28685,29416
LIMA,BARRANCA,SUPE PUERTO,13257,13525,13703,13882,14068,14268,14488,14727
LIMA,CAJATAMBO,CAJATAMBO,2004,1956,1927,1899,1871,1844,1816,1789
LIMA,CAJATAMBO,COPA,854,847,837,827,820,810,801,791
LIMA,CAJATAMBO,GORGOR,1650,1612,1585,1559,1534,1508,1484,1458
LIMA,CAJATAMBO,HUANCAPON,960,945,927,911,897,884,872,859
LIMA,CAJATAMBO,MANAS,976,972,963,956,949,941,934,926
LIMA,CAÑETE,ASIA,10249,10686,10916,11148,11387,11638,11909,12198
LIMA,CAÑETE,CALANGO,2385,2409,2420,2431,2442,2457,2473,2493
LIMA,CAÑETE,CERRO AZUL,8453,8637,9031,9424,9822,10230,10654,11095
LIMA,CAÑETE,CHILCA,22605,23568,24436,25335,26276,27272,28336,29473
LIMA,CAÑETE,COAYLLO,1034,1039,1060,1082,1104,1128,1151,1179
LIMA,CAÑETE,IMPERIAL,38239,38559,38921,39293,39694,40142,40656,41235
LIMA,CAÑETE,LUNAHUANA,4103,4082,4044,4008,3975,3946,3921,3901
LIMA,CAÑETE,MALA,33062,33688,34259,34836,35438,36079,36780,37539
LIMA,CAÑETE,NUEVO IMPERIAL,27242,28216,29063,29934,30845,31807,32838,33939
LIMA,CAÑETE,PACARAN,1677,1684,1698,1713,1728,1746,1767,1790
LIMA,CAÑETE,QUILMANA,15944,16225,16418,16614,16821,17041,17285,17554
LIMA,CAÑETE,SAN ANTONIO,4513,4616,4696,4777,4861,4952,5049,5154
LIMA,CAÑETE,SAN LUIS,13012,13163,13242,13322,13406,13503,13616,13743
LIMA,CAÑETE,SAN VICENTE DE CAÑETE,57964,59323,60905,62496,64125,65823,67627,69540
LIMA,CAÑETE,SANTA CRUZ DE FLORES,3118,3186,3237,3290,3344,3403,3465,3534
LIMA,CAÑETE,ZUÑIGA,1350,1339,1323,1305,1290,1276,1265,1256
LIMA,CANTA,ARAHUAY,596,591,583,574,566,558,549,541
LIMA,CANTA,CANTA,2291,2247,2234,2222,2210,2198,2186,2174
LIMA,CANTA,HUAMANTANGA,661,637,629,621,612,604,596,587
LIMA,CANTA,HUAROS,770,761,755,749,743,737,731,725
LIMA,CANTA,LACHAQUI,886,880,871,862,853,844,835,826
LIMA,CANTA,SAN BUENAVENTURA,585,595,600,604,609,614,619,624
LIMA,CANTA,SANTA ROSA DE QUIVES,5893,5882,5848,5817,5788,5759,5728,5697
LIMA,HUARAL,ATAVILLOS ALTO,675,657,649,641,634,627,622,617
LIMA,HUARAL,ATAVILLOS BAJO,865,835,818,802,785,770,756,742
LIMA,HUARAL,AUCALLAMA,20599,21121,21647,22181,22736,23320,23943,24609
LIMA,HUARAL,CHANCAY,59594,60774,61716,62668,63660,64722,65886,67153
LIMA,HUARAL,HUARAL,103183,105011,106821,108647,110530,112517,114661,116965
LIMA,HUARAL,IHUARI,2052,2015,1978,1941,1909,1880,1858,1841
LIMA,HUARAL,LAMPIAN,324,313,304,295,288,283,277,275
LIMA,HUARAL,PACARAOS,1137,1184,1232,1283,1335,1391,1451,1515
LIMA,HUARAL,SAN MIGUEL DE ACOS,642,636,631,624,619,613,610,607
LIMA,HUARAL,SANTA CRUZ DE ANDAMARCA,788,769,752,736,720,708,696,686
LIMA,HUARAL,SUMBILCA,698,671,664,658,651,646,641,637
LIMA,HUARAL,VEINTISIETE DE NOVIEMBRE,397,389,380,371,363,355,348,341
LIMA,HUAROCHIRÍ,ANTIOQUIA,1246,1232,1209,1187,1165,1144,1123,1101
LIMA,HUAROCHIRÍ,CALLAHUANCA,718,666,649,632,615,599,583,567
LIMA,HUAROCHIRÍ,CARAMPOMA,322,312,308,303,299,295,291,286
LIMA,HUAROCHIRÍ,CHICLA,3439,3222,3095,2971,2849,2728,2609,2490
LIMA,HUAROCHIRÍ,CUENCA,460,466,468,470,472,474,476,478
LIMA,HUAROCHIRÍ,HUACHUPAMPA,543,509,501,493,486,478,470,463
LIMA,HUAROCHIRÍ,HUANZA,784,736,723,711,698,686,674,662
LIMA,HUAROCHIRÍ,HUAROCHIRI,1282,1256,1224,1194,1164,1136,1107,1078
LIMA,HUAROCHIRÍ,LAHUAYTAMBO,610,593,573,556,540,526,513,501
LIMA,HUAROCHIRÍ,LANGA,863,847,826,806,787,770,752,736
LIMA,HUAROCHIRÍ,LARAOS,605,573,558,542,528,513,498,484
LIMA,HUAROCHIRÍ,MARIATANA,1415,1411,1399,1387,1375,1364,1352,1341
LIMA,HUAROCHIRÍ,MATUCANA,4057,4014,3981,3949,3918,3887,3856,3824
LIMA,HUAROCHIRÍ,RICARDO PALMA,6573,6631,6664,6699,6733,6763,6792,6811
LIMA,HUAROCHIRÍ,SAN ANDRES DE TUPICOCHA,1331,1321,1291,1261,1232,1203,1174,1146
LIMA,HUAROCHIRÍ,SAN ANTONIO,5845,5948,5992,6032,6070,6106,6141,6175
LIMA,HUAROCHIRÍ,SAN BARTOLOME,1125,1080,1060,1041,1023,1004,986,968
LIMA,HUAROCHIRÍ,SAN DAMIAN,1159,1132,1110,1089,1068,1047,1026,1006
LIMA,HUAROCHIRÍ,SAN JUAN DE IRIS,659,635,629,623,617,612,606,600
LIMA,HUAROCHIRÍ,SAN JUAN DE TANTARANCHE,357,346,339,333,326,320,314,307
LIMA,HUAROCHIRÍ,SAN LORENZO DE QUINTI,1165,1128,1111,1095,1079,1063,1047,1030
LIMA,HUAROCHIRÍ,SAN MATEO,4018,3918,3870,3823,3778,3732,3687,3641
LIMA,HUAROCHIRÍ,SAN MATEO DE OTAO,1379,1343,1313,1285,1256,1228,1200,1173
LIMA,HUAROCHIRÍ,SAN PEDRO DE CASTA,916,893,872,851,831,811,792,772
LIMA,HUAROCHIRÍ,SAN PEDRO DE HUANCAYRE,204,200,194,189,187,180,176,170
LIMA,HUAROCHIRÍ,SANGALLAYA,640,636,628,620,613,606,598,592
LIMA,HUAROCHIRÍ,SANTA CRUZ DE COCACHACRA,2617,2642,2644,2645,2647,2649,2651,2653
LIMA,HUAROCHIRÍ,SANTA EULALIA,13124,13305,13397,13490,13581,13672,13755,13839
LIMA,HUAROCHIRÍ,SANTIAGO DE ANCHUCAYA,299,287,278,269,260,251,243,234
LIMA,HUAROCHIRÍ,SANTIAGO DE TUNA,399,384,368,353,340,329,317,308
LIMA,HUAROCHIRÍ,SANTO DOMINGO DE LOS OLLEROS,3306,3336,3350,3365,3379,3393,3406,3418
LIMA,HUAROCHIRÍ,SURCO,1411,1379,1350,1322,1294,1267,1240,1213
LIMA,HUAURA,AMBAR,2107,2062,2027,1991,1958,1928,1902,1880
LIMA,HUAURA,CALETA DE CARQUIN,8233,8491,8802,9126,9463,9821,10206,10616
LIMA,HUAURA,CHECRAS,888,852,842,832,822,813,805,798
LIMA,HUAURA,HUACHO,67213,68599,70366,72159,74014,75963,78039,80253
LIMA,HUAURA,HUALMAY,28163,28388,28759,29126,29505,29905,30341,30812
LIMA,HUAURA,HUAURA,35707,36259,37005,37758,38532,39349,40220,41153
LIMA,HUAURA,LEONCIO PRADO,1933,1932,1944,1957,1971,1987,2007,2029
LIMA,HUAURA,PACCHO,1534,1502,1478,1454,1433,1415,1401,1391
LIMA,HUAURA,SANTA LEONOR,766,768,776,786,799,813,829,847
LIMA,HUAURA,SANTA MARIA,38124,39330,39829,40340,40879,41469,42130,42861
LIMA,HUAURA,SAYAN,24094,24378,24788,25199,25622,26067,26547,27062
LIMA,HUAURA,VEGUETA,27118,28156,28707,29269,29855,30479,31159,31895
LIMA,OYÓN,ANDAJES,517,491,470,447,428,413,399,386
LIMA,OYÓN,CAUJUL,547,524,505,486,469,451,434,415
LIMA,OYÓN,COCHAMARCA,1054,1027,1003,982,960,938,916,895
LIMA,OYÓN,NAVAN,840,825,812,801,790,778,767,755
LIMA,OYÓN,OYON,11933,11903,11882,11863,11844,11824,11799,11774
LIMA,OYÓN,PACHANGARA,2422,2367,2318,2273,2227,2183,2137,2092
LIMA,YAUYOS,ALIS,1479,1477,1475,1474,1472,1470,1468,1466
LIMA,YAUYOS,AYAUCA,1111,1070,1034,999,966,934,903,872
LIMA,YAUYOS,AYAVIRI,533,518,505,491,479,466,454,441
LIMA,YAUYOS,AZANGARO,423,411,400,389,380,371,359,350
LIMA,YAUYOS,CACRA,523,522,522,522,520,518,516,514
LIMA,YAUYOS,CARANIA,160,153,148,142,138,133,128,124
LIMA,YAUYOS,CATAHUASI,1074,1072,1067,1063,1060,1057,1055,1052
LIMA,YAUYOS,CHOCOS,790,770,753,736,718,702,686,669
LIMA,YAUYOS,COCHAS,219,213,209,205,201,196,191,187
LIMA,YAUYOS,COLONIA,1112,1088,1067,1049,1031,1008,990,969
LIMA,YAUYOS,HONGOS,327,319,312,307,299,293,288,280
LIMA,YAUYOS,HUAMPARA,145,137,131,127,120,114,109,104
LIMA,YAUYOS,HUANCAYA,547,521,497,474,452,431,411,392
LIMA,YAUYOS,HUAÑEC,442,441,441,441,440,439,438,437
LIMA,YAUYOS,HUANGASCAR,650,648,644,642,639,637,635,632
LIMA,YAUYOS,HUANTAN,938,943,943,945,947,955,959,963
LIMA,YAUYOS,LARAOS,546,522,501,481,462,444,426,410
LIMA,YAUYOS,LINCHA,436,416,396,379,362,346,330,314
LIMA,YAUYOS,MADEAN,553,536,520,504,489,476,460,445
LIMA,YAUYOS,MIRAFLORES,225,212,202,191,182,171,162,153
LIMA,YAUYOS,OMAS,620,617,616,615,614,612,611,609
LIMA,YAUYOS,PUTINZA,512,517,521,526,531,541,546,547
LIMA,YAUYOS,QUINCHES,591,562,536,510,488,464,443,423
LIMA,YAUYOS,QUINOCAY,427,415,402,392,381,372,360,350
LIMA,YAUYOS,SAN JOAQUIN,163,156,151,146,140,136,131,127
LIMA,YAUYOS,SAN PEDRO DE PILAS,277,268,259,251,243,236,228,221
LIMA,YAUYOS,TANTA,502,503,504,505,507,509,511,513
LIMA,YAUYOS,TAURIPAMPA,496,490,486,481,477,473,468,462
LIMA,YAUYOS,TOMAS,512,484,460,436,414,395,375,357
LIMA,YAUYOS,TUPE,501,490,481,472,463,453,445,435
LIMA,YAUYOS,VIÑAC,1634,1624,1613,1606,1602,1593,1584,1573
LIMA,YAUYOS,VITIS,287,274,260,248,237,226,215,205
LIMA,YAUYOS,YAUYOS,1353,1276,1238,1200,1165,1127,1090,1054
LORETO,LORETO,NAUTA,33114,33520,33911,34208,34442,34639,34827,35004
LORETO,LORETO,PARINARI,6355,6276,6182,6081,5974,5865,5756,5647
LORETO,LORETO,TIGRE,7549,7568,7597,7622,7644,7665,7686,7706
LORETO,LORETO,TROMPETEROS,10466,10789,11071,11281,11442,11575,11703,11823
LORETO,LORETO,URARINAS,13556,13751,13937,14079,14191,14285,14377,14465
LORETO,UCAYALI,CONTAMANA,27856,28258,28648,28991,29298,29587,29867,30142
LORETO,UCAYALI,INAHUAYA,1768,1739,1718,1698,1673,1649,1624,1597
LORETO,UCAYALI,PADRE MARQUEZ,3637,3503,3372,3239,3109,2981,2858,2739
LORETO,UCAYALI,PAMPA HERMOSA,6286,6200,6144,6078,6007,5933,5860,5786
LORETO,UCAYALI,SARAYACU,15251,15234,15288,15320,15340,15351,15360,15368
LORETO,UCAYALI,VARGAS GUERRA,7597,7543,7524,7495,7460,7419,7377,7332
LORETO,ALTO AMAZONAS,BALSAPUERTO,16738,17006,17190,17360,17519,17673,17826,17976
LORETO,ALTO AMAZONAS,JEBEROS,4620,4658,4686,4712,4736,4759,4782,4805
LORETO,ALTO AMAZONAS,LAGUNAS,13658,13684,13713,13739,13764,13788,13811,13835
LORETO,ALTO AMAZONAS,SANTA CRUZ,4260,4273,4285,4296,4307,4317,4327,4337
LORETO,ALTO AMAZONAS,TENIENTE CESAR LOPEZ ROJAS,6194,6219,6240,6259,6277,6295,6312,6329
LORETO,ALTO AMAZONAS,YURIMAGUAS,100176,104052,106557,108870,111046,113141,115218,117270
LORETO,DATEM DEL MARAÑÓN,ANDOAS,15198,15800,16142,16425,16668,16888,17102,17313
LORETO,DATEM DEL MARAÑÓN,BARRANCA,15600,15950,16155,16355,16551,16745,16939,17132
LORETO,DATEM DEL MARAÑÓN,CAHUAPANAS,7857,7942,8002,8052,8093,8131,8168,8202
LORETO,DATEM DEL MARAÑÓN,MANSERICHE,9428,9451,9482,9506,9526,9543,9561,9577
LORETO,DATEM DEL MARAÑÓN,MORONA,4690,4557,4457,4355,4252,4147,4042,3938
LORETO,DATEM DEL MARAÑÓN,PASTAZA,6176,6170,6151,6129,6106,6082,6058,6033
LORETO,MARISCAL RAMÓN CASTILLA,PEBAS,12771,12700,12637,12538,12413,12277,12138,11996
LORETO,MARISCAL RAMÓN CASTILLA,RAMON CASTILLA,23378,23811,24266,24655,25001,25319,25631,25938
LORETO,MARISCAL RAMÓN CASTILLA,SAN PABLO,12639,12680,12728,12762,12788,12808,12829,12847
LORETO,MARISCAL RAMÓN CASTILLA,YAVARI,10054,10041,10033,9998,9942,9876,6606,6558
LORETO,MAYNAS,ALTO NANAY,3219,3277,3328,3372,3411,3450,3486,3521
LORETO,MAYNAS,BELEN,70855,71005,71084,71162,71241,71321,71401,71483
LORETO,MAYNAS,FERNANDO LORES,14627,14284,13931,13577,13222,12865,12507,12148
LORETO,MAYNAS,INDIANA,11760,11717,11670,11604,11524,11436,11343,11246
LORETO,MAYNAS,IQUITOS,163209,163502,163849,164196,164543,164894,165248,165605
LORETO,MAYNAS,LAS AMAZONAS,8680,8546,8403,8249,8085,7917,7752,7588
LORETO,MAYNAS,MAZAN,14014,14091,14128,14164,14201,14238,14275,14313
LORETO,MAYNAS,NAPO,17379,17605,17813,17988,18141,18280,18416,18545
LORETO,MAYNAS,PUNCHANA,87876,88908,89838,90609,91263,91846,92404,92932
LORETO,MAYNAS,SAN JUAN BAUTISTA,147951,152555,156363,159614,162481,165140,167766,170346
LORETO,MAYNAS,TORRES CAUSANA,5045,5061,5065,5068,5072,5074,5078,5081
LORETO,PUTUMAYO,PUTUMAYO,4346,4384,4422,4452,4475,4495,4513,4527
LORETO,PUTUMAYO,ROSA PANDURO,615,615,612,608,603,595,586,578
LORETO,PUTUMAYO,TENIENTE MANUEL CLAVERO,2710,2616,2518,2408,2291,2173,2057,1942
LORETO,PUTUMAYO,YAGUAS,1527,1559,1589,1610,1626,1640,1654,1668
LORETO,REQUENA,ALTO TAPICHE,1654,1631,1605,1579,1551,1522,1493,1465
LORETO,REQUENA,CAPELO,2514,2417,2322,2224,2131,2039,1950,1865
LORETO,REQUENA,EMILIO SAN MARTIN,6865,6859,6844,6821,6788,6753,6714,6676
LORETO,REQUENA,JENARO HERRERA,5095,5092,5082,5065,5044,5018,4992,4964
LORETO,REQUENA,MAQUIA,8608,8669,8720,8758,8784,8807,8825,8844
LORETO,REQUENA,PUINAHUA,4670,4617,4561,4498,4430,4362,4293,4224
LORETO,REQUENA,REQUENA,27856,28008,28131,28209,28254,28280,28300,28313
LORETO,REQUENA,SAQUENA,3344,3256,3167,3074,2982,2890,2800,2713
LORETO,REQUENA,SOPLIN,688,695,702,706,711,714,719,722
LORETO,REQUENA,TAPICHE,959,952,944,934,924,912,903,891
LORETO,REQUENA,YAQUERANA,2274,2263,2248,2232,2213,2193,2173,2151
MADRE DE DIOS,MANU,MADRE DE DIOS,6790,6553,6453,6363,6283,6210,6141,6076
MADRE DE DIOS,MANU,FITZCARRALD,1528,1547,1557,1570,1584,1598,1613,1628
MADRE DE DIOS,MANU,HUEPETUHE,10375,10645,10819,10965,11085,11189,11281,11364
MADRE DE DIOS,MANU,MANU,2403,2373,2334,2302,2278,2258,2242,2228
MADRE DE DIOS,TAHUAMANU,IBERIA,5900,5784,5741,5696,5650,5602,5554,5504
MADRE DE DIOS,TAHUAMANU,IÑAPARI,3030,3227,3311,3393,3472,3553,3632,3714
MADRE DE DIOS,TAHUAMANU,TAHUAMANU,3420,3468,3550,3628,3706,3783,3861,3940
MADRE DE DIOS,TAMBOPATA,INAMBARI,14442,15132,15810,16494,17189,17903,18646,19416
MADRE DE DIOS,TAMBOPATA,LABERINTO,6384,6518,6636,6741,6840,6932,7020,7105
MADRE DE DIOS,TAMBOPATA,LAS PIEDRAS,16939,18553,20064,21575,23105,24671,26294,27972
MADRE DE DIOS,TAMBOPATA,TAMBOPATA,96463,100011,103413,106751,110067,113397,116785,120218
MOQUEGUA,GENERAL SÁNCHEZ CERRO,CHOJATA,644,576,548,520,493,466,438,411
MOQUEGUA,GENERAL SÁNCHEZ CERRO,COALAQUE,996,965,945,926,908,891,873,854
MOQUEGUA,GENERAL SÁNCHEZ CERRO,ICHUÑA,3111,3014,2950,2893,2840,2787,2732,2676
MOQUEGUA,GENERAL SÁNCHEZ CERRO,LA CAPILLA,600,547,504,467,432,401,374,348
MOQUEGUA,GENERAL SÁNCHEZ CERRO,LLOQUE,538,493,460,431,403,377,352,326
MOQUEGUA,GENERAL SÁNCHEZ CERRO,MATALAQUE,436,402,378,355,336,315,295,275
MOQUEGUA,GENERAL SÁNCHEZ CERRO,OMATE,3198,3117,3056,3002,2954,2908,2861,2816
MOQUEGUA,GENERAL SÁNCHEZ CERRO,PUQUINA,2568,2512,2472,2436,2402,2371,2339,2308
MOQUEGUA,GENERAL SÁNCHEZ CERRO,QUINISTAQUILLAS,513,480,453,430,407,386,365,345
MOQUEGUA,GENERAL SÁNCHEZ CERRO,UBINAS,1697,1574,1485,1404,1328,1256,1186,1117
MOQUEGUA,GENERAL SÁNCHEZ CERRO,YUNGA,874,823,785,750,717,686,657,627
MOQUEGUA,ILO,EL ALGARROBAL,5690,7257,8355,9437,10505,11262,12014,12766
MOQUEGUA,ILO,ILO,70640,70753,71354,71753,72017,72506,72975,73420
MOQUEGUA,ILO,PACOCHA,4707,4676,4652,4616,4569,4519,4467,4415
MOQUEGUA,MARISCAL NIETO,MOQUEGUA,72538,74486,47073,47754,48398,49022,49643,50264
MOQUEGUA,MARISCAL NIETO,CARUMAS,2322,2197,2177,2152,2125,2096,2065,2034
MOQUEGUA,MARISCAL NIETO,CUCHUMBAYA,756,723,703,685,670,658,648,638
MOQUEGUA,MARISCAL NIETO,SAMEGUA,9528,9804,9960,10104,10240,10372,10503,10634
MOQUEGUA,MARISCAL NIETO,SAN ANTONIO,-,-,28592,29005,29396,29775,30152,30529
MOQUEGUA,MARISCAL NIETO,SAN CRISTOBAL,1668,1588,1533,1481,1432,1387,1349,1311
MOQUEGUA,MARISCAL NIETO,TORATA,6757,6753,6750,6736,6714,6688,6658,6628
PASCO,PASCO,CHAUPIMARCA,27139,26924,26714,26481,26234,25831,25420,25018
PASCO,PASCO,HUACHON,4621,4601,4581,4557,4529,4500,4471,4442
PASCO,PASCO,HUARIACA,7037,6925,6817,6703,6589,6474,6360,6250
PASCO,PASCO,HUAYLLAY,9585,9451,9320,9182,9041,8900,8762,8626
PASCO,PASCO,NINACACA,4132,4137,4140,4144,4148,4152,4157,4162
PASCO,PASCO,PALLANCHACRA,1655,1551,1446,1344,1242,1147,1048,959
PASCO,PASCO,PAUCARTAMBO,10520,9858,9193,8528,7863,7199,6536,5872
PASCO,PASCO,SAN FCO.DE ASIS DE YARUSYAC,4155,3818,3477,3144,2817,2650,2503,2356
PASCO,PASCO,SIMON BOLIVAR,12846,12708,12573,12428,12279,12126,11977,11829
PASCO,PASCO,TICLACAYAN,3069,2847,2624,2404,2190,1980,1778,1581
PASCO,PASCO,TINYAHUARCO,7196,7278,7355,7421,7480,7532,7582,7627
PASCO,PASCO,VICCO,3714,3802,3884,3959,4029,4094,4156,4215
PASCO,PASCO,YANACANCHA,31302,31264,31225,31151,31054,30945,30833,30717
PASCO,DANIEL ALCIDES CARRIÓN,CHACAYAN,1935,1820,1702,1588,1479,1378,1285,1199
PASCO,DANIEL ALCIDES CARRIÓN,GOYLLARISQUIZGA,1509,1445,1375,1305,1238,1172,1109,1050
PASCO,DANIEL ALCIDES CARRIÓN,PAUCAR,1815,1779,1734,1685,1634,1583,1532,1483
PASCO,DANIEL ALCIDES CARRIÓN,SAN PEDRO DE PILLAO,1403,1377,1345,1308,1270,1233,1195,1159
PASCO,DANIEL ALCIDES CARRIÓN,SANTA ANA DE TUSI,23495,23986,24326,24580,24764,24901,25017,25114
PASCO,DANIEL ALCIDES CARRIÓN,TAPUC,2288,2180,2065,1952,1840,1733,1633,1539
PASCO,DANIEL ALCIDES CARRIÓN,VILCABAMBA,2085,2097,2102,2105,2108,2111,2114,2117
PASCO,DANIEL ALCIDES CARRIÓN,YANAHUANCA,11718,11495,11210,10898,10572,10243,9922,9598
PASCO,OXAPAMPA,CHONTABAMBA,6110,6412,6615,6773,6899,7007,7111,7208
PASCO,OXAPAMPA,CONSTITUCIÓN,16374,17089,17577,17961,18268,18532,18784,19023
PASCO,OXAPAMPA,HUANCABAMBA,6986,7028,7078,7123,7163,7202,7240,7277
PASCO,OXAPAMPA,OXAPAMPA,17006,17255,17466,17643,17794,17930,18061,18188
PASCO,OXAPAMPA,PALCAZU,8156,8076,7987,7902,7818,7735,7650,7565
PASCO,OXAPAMPA,POZUZO,4789,4580,4377,4174,3977,3784,3600,3423
PASCO,OXAPAMPA,PUERTO BERMUDEZ,20825,21511,22000,22387,22704,22977,23240,23487
PASCO,OXAPAMPA,VILLA RICA,18692,18610,18534,18466,18402,18341,18278,18213
PIURA,PIURA,PIURA,173672,177748,181371,184732,187926,191048,194198,197373
PIURA,PIURA,CASTILLA,178066,183759,188678,193225,197533,201735,205967,210227
PIURA,PIURA,CATACAOS,79681,80950,81972,82839,83594,84277,84928,85543
PIURA,PIURA,CURA MORI,19794,20065,20273,20441,20580,20698,20806,20903
PIURA,PIURA,EL TALLAN,5594,5628,5634,5643,5651,5660,5670,5681
PIURA,PIURA,LA ARENA,40706,41286,41736,42102,42406,42668,42909,43124
PIURA,PIURA,LA UNION,43624,44355,44954,45471,45930,46354,46764,47158
PIURA,PIURA,LAS LOMAS,29047,29241,29290,29345,29406,29470,29538,29609
PIURA,PIURA,TAMBO GRANDE,121568,124028,126126,128004,129729,131366,132980,134568
PIURA,PIURA,VEINTISÉIS DE OCTUBRE,182102,187787,192708,197261,201571,205779,210015,214280
PIURA,AYABACA,AYABACA,33313,32889,32525,32156,31788,31416,31040,30661
PIURA,AYABACA,FRIAS,21490,21370,21287,21201,21109,21013,20914,20812
PIURA,AYABACA,JILILI,2695,2675,2659,2642,2626,2608,2591,2574
PIURA,AYABACA,LAGUNAS,5876,5816,5768,5719,5670,5619,5567,5514
PIURA,AYABACA,MONTERO,6680,6628,6587,6547,6504,6459,6416,6370
PIURA,AYABACA,PACAIPAMPA,23373,23262,23194,23119,23040,22957,22870,22778
PIURA,AYABACA,PAIMAS,10319,10382,10463,10542,10620,10695,10768,10840
PIURA,AYABACA,SAPILLICA,11068,11065,11022,10994,10978,10967,10957,10946
PIURA,AYABACA,SICCHEZ,1685,1642,1604,1567,1528,1491,1455,1419
PIURA,AYABACA,SUYO,12001,12008,12037,12063,12085,12108,12125,12141
PIURA,HUANCABAMBA,CANCHAQUE,7723,7628,7539,7449,7357,7266,7175,7083
PIURA,HUANCABAMBA,EL CARMEN DE LA FRONTERA,11860,11797,11743,11685,11625,11563,11500,11435
PIURA,HUANCABAMBA,HUANCABAMBA,29490,29446,29424,29395,29359,29316,29268,29214
PIURA,HUANCABAMBA,HUARMACA,37627,37489,37380,37259,37131,36992,36849,36699
PIURA,HUANCABAMBA,LALAQUIZ,4247,4181,4119,4057,3996,3936,3873,3811
PIURA,HUANCABAMBA,SAN MIGUEL DE EL FAIQUE,9369,9395,9429,9461,9490,9517,9543,9567
PIURA,HUANCABAMBA,SONDOR,7496,7425,7361,7295,7227,7160,7091,7022
PIURA,HUANCABAMBA,SONDORILLO,11115,11172,11237,11298,11357,11415,11471,11524
PIURA,MORROPÓN,BUENOS AIRES,10086,10211,10351,10468,10570,10661,10747,10831
PIURA,MORROPÓN,CHALACO,7888,7746,7615,7478,7337,7193,7048,6900
PIURA,MORROPÓN,CHULUCANAS,88596,89735,90461,91141,91788,92419,93041,93656
PIURA,MORROPÓN,LA MATANZA,14863,15047,15254,15428,15578,15713,15843,15965
PIURA,MORROPÓN,MORROPON,15915,16052,16229,16377,16503,16616,16724,16826
PIURA,MORROPÓN,SALITRAL,9039,9086,9158,9215,9258,9292,9321,9344
PIURA,MORROPÓN,SAN JUAN DE BIGOTE,6730,6710,6710,6697,6676,6649,6619,6587
PIURA,MORROPÓN,SANTA CATALINA DE MOSSA,3849,3813,3788,3755,3716,3675,3633,3585
PIURA,MORROPÓN,SANTO DOMINGO,6164,6029,5892,5750,5606,5458,5309,5159
PIURA,MORROPÓN,YAMANGO,8855,8764,8696,8612,8515,8409,8300,8186
PIURA,PAITA,AMOTAPE,2507,2526,2547,2565,2582,2596,2611,2627
PIURA,PAITA,ARENAL,1235,1249,1263,1270,1276,1281,1287,1290
PIURA,PAITA,COLAN,16522,16953,17172,17379,17579,17775,17972,18169
PIURA,PAITA,LA HUACA,13868,14170,14345,14510,14668,14824,14980,15136
PIURA,PAITA,PAITA,99150,101905,104513,106929,109218,111455,113706,115977
PIURA,PAITA,TAMARINDO,5246,5330,5409,5479,5544,5605,5666,5729
PIURA,PAITA,VICHAYAL,6053,6156,6252,6338,6415,6490,6566,6642
PIURA,SECHURA,BELLAVISTA DE LA UNION,5096,5210,5314,5413,5509,5605,5702,5801
PIURA,SECHURA,BERNAL,7524,7674,7812,7944,8071,8197,8325,8457
PIURA,SECHURA,CRISTO NOS VALGA,4798,4948,5082,5209,5331,5453,5577,5703
PIURA,SECHURA,RINCONADA LLICUAR,3117,3141,3166,3189,3212,3235,3258,3281
PIURA,SECHURA,SECHURA,49156,50892,52436,53899,55316,56721,58157,59620
PIURA,SECHURA,VICE,17264,17732,18154,18553,18940,19325,19717,20117
PIURA,SULLANA,BELLAVISTA,38655,38905,39181,39384,39535,39653,39761,39854
PIURA,SULLANA,IGNACIO ESCUDERO,21335,21676,21975,22210,22399,22562,22714,22854
PIURA,SULLANA,LANCONES,13266,13286,13333,13363,13379,13388,13395,13398
PIURA,SULLANA,MARCAVELICA,31705,32265,32747,33129,33438,33705,33956,34188
PIURA,SULLANA,MIGUEL CHECA,9952,10210,10419,10587,10727,10849,10965,11072
PIURA,SULLANA,QUERECOTILLO,27805,28130,28433,28667,28852,29007,29150,29281
PIURA,SULLANA,SALITRAL,7526,7667,7788,7884,7962,8030,8093,8152
PIURA,SULLANA,SULLANA,186434,189351,191400,193254,194970,196599,198198,199760
PIURA,TALARA,EL ALTO,8803,8969,9097,9205,9299,9384,9467,9546
PIURA,TALARA,LA BREA,13129,13192,13250,13300,13343,13382,13420,13456
PIURA,TALARA,LOBITOS,1392,1384,1380,1376,1373,1370,1367,1365
PIURA,TALARA,LOS ORGANOS,11453,11634,11775,11895,11999,12094,12186,12273
PIURA,TALARA,MANCORA,13788,14116,14365,14576,14760,14927,15088,15242
PIURA,TALARA,PARIÑAS,103472,104973,106157,107159,108033,108828,109593,110326
PUNO,PUNO,PUNO,142691,143867,143434,142897,142282,141629,140967,140289
PUNO,PUNO,ACORA,23858,23439,22703,21929,21138,20348,19579,18830
PUNO,PUNO,AMANTANI,3494,3430,3318,3202,3083,2966,2851,2740
PUNO,PUNO,ATUNCOLLA,4791,4739,4623,4496,4364,4231,4100,3972
PUNO,PUNO,CAPACHICA,7448,7167,6801,6433,6074,5727,5398,5085
PUNO,PUNO,CHUCUITO,7433,7380,7226,7055,6873,6689,6506,6326
PUNO,PUNO,COATA,6947,6898,6754,6595,6426,6253,6083,5914
PUNO,PUNO,HUATA,3058,2904,2720,2537,2357,2181,2008,1840
PUNO,PUNO,MAÑAZO,5362,5345,5254,5149,5037,4921,4805,4689
PUNO,PUNO,PAUCARCOLLA,4413,4368,4263,4149,4031,3910,3792,3675
PUNO,PUNO,PICHACANI,6000,6026,6018,6006,5990,5972,5954,5934
PUNO,PUNO,PLATERIA,7426,7346,7165,6967,6762,6553,6350,6149
PUNO,PUNO,SAN ANTONIO,2690,2697,2665,2627,2584,2538,2491,2445
PUNO,PUNO,TIQUILLACA,1654,1620,1567,1509,1450,1392,1336,1281
PUNO,PUNO,VILQUE,3008,2993,2937,2874,2806,2736,2667,2599
PUNO,AZÁNGARO,ACHAYA,2870,2782,2717,2647,2576,2504,2434,2365
PUNO,AZÁNGARO,ARAPA,7252,7130,7064,6983,6891,6795,6702,6610
PUNO,AZÁNGARO,ASILLO,14984,14758,14510,14258,14001,13743,13486,13230
PUNO,AZÁNGARO,AZANGARO,31427,31615,31851,32095,32345,32616,32909,33228
PUNO,AZÁNGARO,CAMINACA,3046,2980,2937,2888,2836,2782,2730,2680
PUNO,AZÁNGARO,CHUPA,6177,5756,5409,5054,4692,4324,3948,3565
PUNO,AZÁNGARO,JOSE DOMINGO CHOQUEHUANCA,4814,4767,4756,4733,4705,4672,4641,4608
PUNO,AZÁNGARO,MUÑANI,6943,6867,6844,6804,6754,6700,6647,6595
PUNO,AZÁNGARO,POTONI,3824,3637,3471,3301,3128,2952,2773,2591
PUNO,AZÁNGARO,SAMAN,9588,9231,8875,8511,8140,7763,7381,6993
PUNO,AZÁNGARO,SAN ANTON,7503,7352,7258,7149,7030,6909,6791,6674
PUNO,AZÁNGARO,SAN JOSE,5015,4923,4870,4805,4735,4662,4590,4519
PUNO,AZÁNGARO,SAN JUAN DE SALINAS,2962,2875,2813,2743,2672,2600,2531,2464
PUNO,AZÁNGARO,SANTIAGO DE PUPUJA,4613,4509,4440,4361,4278,4194,4111,4030
PUNO,AZÁNGARO,TIRAPATA,2989,2967,2967,2961,2950,2937,2924,2912
PUNO,CARABAYA,AJOYANI,2441,2477,2522,2562,2600,2635,2668,2701
PUNO,CARABAYA,AYAPATA,9626,9627,9591,9574,9569,9564,9559,9552
PUNO,CARABAYA,COASA,6310,5932,5573,5224,4879,4635,4387,4138
PUNO,CARABAYA,CORANI,4659,4735,4827,4909,4983,5054,5125,5195
PUNO,CARABAYA,CRUCERO,10008,10095,10214,10326,10437,10546,10655,10762
PUNO,CARABAYA,ITUATA,8385,8569,8786,8973,9139,9296,9451,9604
PUNO,CARABAYA,MACUSANI,14035,14173,14357,14529,14695,14863,15035,15205
PUNO,CARABAYA,OLLACHEA,6432,6544,6679,6798,6907,7009,7112,7214
PUNO,CARABAYA,SAN GABAN,7743,8135,8564,8916,9214,9385,9552,9717
PUNO,CARABAYA,USICAYOS,8872,8586,8263,7955,7655,7359,7060,6760
PUNO,CHUCUITO,DESAGUADERO,13621,13132,12831,12516,12195,11872,11554,11242
PUNO,CHUCUITO,HUACULLANI,9044,8634,8350,8064,7779,7497,7223,6957
PUNO,CHUCUITO,JULI,20740,20420,20375,20291,20184,20060,19931,19793
PUNO,CHUCUITO,KELLUYO,6975,6411,5973,5557,5163,4798,4458,4140
PUNO,CHUCUITO,PISACOMA,8404,8114,7939,7756,7567,7377,7190,7007
PUNO,CHUCUITO,POMATA,14314,13999,13874,13729,13568,13400,13228,13054
PUNO,CHUCUITO,ZEPITA,17644,17402,17392,17352,17291,17215,17133,17044
PUNO,EL COLLAO,CAPAZO,1152,1107,1066,1025,985,946,909,873
PUNO,EL COLLAO,CONDURIRI,2535,2419,2315,2212,2111,2013,1920,1832
PUNO,EL COLLAO,ILAVE,49234,48729,48331,47866,47358,46825,46289,45751
PUNO,EL COLLAO,PILCUYO,11059,10812,10595,10369,10136,9905,9679,9457
PUNO,EL COLLAO,SANTA ROSA,3412,3220,3048,2882,2723,2573,2432,2297
PUNO,HUANCANÉ,COJATA,4037,4007,3982,3951,3916,3881,3845,3811
PUNO,HUANCANÉ,HUANCANE,19222,19050,18895,18718,18527,18328,18129,17932
PUNO,HUANCANÉ,HUATASANI,3213,3140,3071,3000,2927,2855,2785,2716
PUNO,HUANCANÉ,INCHUPALLA,2668,2598,2533,2466,2398,2331,2266,2203
PUNO,HUANCANÉ,PUSI,5201,5097,4998,4895,4790,4686,4583,4482
PUNO,HUANCANÉ,ROSASPATA,4151,4039,3934,3825,3717,3610,3507,3405
PUNO,HUANCANÉ,TARACO,13636,13536,13451,13349,13235,13115,12998,12879
PUNO,HUANCANÉ,VILQUE CHICO,7641,7490,7349,7202,7052,6901,6754,6609
PUNO,LAMPA,CABANILLA,5943,5955,5977,5992,6004,6014,6023,6032
PUNO,LAMPA,CALAPUJA,1739,1755,1776,1797,1817,1838,1858,1877
PUNO,LAMPA,LAMPA,11786,11783,11749,11708,11661,11610,11560,11507
PUNO,LAMPA,NICASIO,2451,2419,2365,2306,2245,2183,2123,2064
PUNO,LAMPA,OCUVIRI,2404,2376,2328,2276,2222,2166,2112,2060
PUNO,LAMPA,PALCA,1810,1725,1635,1545,1455,1365,1276,1189
PUNO,LAMPA,PARATIA,2666,2510,2358,2205,2052,1901,1752,1605
PUNO,LAMPA,PUCARA,5505,5442,5336,5219,5098,4975,4855,4738
PUNO,LAMPA,SANTA LUCIA,7486,7445,7367,7279,7185,7090,6997,6906
PUNO,LAMPA,VILAVILA,1206,1139,1080,1021,961,902,844,786
PUNO,MELGAR,ANTAUTA,5711,5770,5818,5859,5897,5934,5974,6019
PUNO,MELGAR,AYAVIRI,25708,25921,26084,26215,26329,26440,26562,26700
PUNO,MELGAR,CUPI,2073,2031,1985,1936,1886,1833,1780,1726
PUNO,MELGAR,LLALLI,2608,2513,2416,2317,2217,2118,2019,1918
PUNO,MELGAR,MACARI,7334,7268,7186,7094,6993,6888,6780,6668
PUNO,MELGAR,NUÑOA,8581,8374,8152,7921,7683,7439,7192,6940
PUNO,MELGAR,ORURILLO,7790,7579,7358,7130,6899,6665,6431,6194
PUNO,MELGAR,SANTA ROSA,6408,6353,6287,6213,6134,6053,5972,5892
PUNO,MELGAR,UMACHIRI,3906,3884,3856,3825,3791,3758,3727,3697
PUNO,MOHO,CONIMA,3289,3263,3252,3242,3231,3220,3208,3196
PUNO,MOHO,HUAYRAPATA,2594,2488,2415,2341,2266,2191,2118,2048
PUNO,MOHO,MOHO,11334,10927,10662,10383,10100,9818,9538,9266
PUNO,MOHO,TILALI,2559,2512,2497,2479,2456,2432,2409,2383
PUNO,SAN ANTONIO DE PUTINA,ANANEA,12129,11551,11145,10722,10289,9857,9432,9014
PUNO,SAN ANTONIO DE PUTINA,PEDRO VILCA APAZA,1963,1916,1884,1852,1818,1784,1751,1718
PUNO,SAN ANTONIO DE PUTINA,PUTINA,14367,13882,13547,13197,12840,12483,12133,11788
PUNO,SAN ANTONIO DE PUTINA,QUILCAPUNCU,5528,5541,5557,5574,5592,5609,5626,5643
PUNO,SAN ANTONIO DE PUTINA,SINA,1816,1844,1867,1888,1911,1935,1957,1980
PUNO,SAN ROMÁN,CABANA,5412,5495,5547,5587,5618,5644,5668,5690
PUNO,SAN ROMÁN,CABANILLAS,4606,4546,4412,4279,4145,4011,3877,3743
PUNO,SAN ROMÁN,CARACOTO,7374,7479,7545,7597,7637,7671,7702,7730
PUNO,SAN ROMÁN,JULIACA,246970,252671,256093,258728,260785,262477,264040,265445
PUNO,SAN ROMÁN,SAN MIGUEL,70831,73839,75559,76879,77905,78746,79521,80216
PUNO,SANDIA,ALTO INAMBARI,7517,7480,7422,7356,7284,7210,7138,7067
PUNO,SANDIA,CUYOCUYO,5636,5633,5623,5611,5597,5581,5566,5551
PUNO,SANDIA,LIMBANI,3319,3269,3199,3122,3039,2955,2872,2790
PUNO,SANDIA,PATAMBUCO,4236,4212,4177,4136,4093,4049,4005,3962
PUNO,SANDIA,PHARA,6061,6145,6220,6290,6357,6421,6485,6548
PUNO,SANDIA,QUIACA,2312,2308,2300,2291,2281,2270,2259,2249
PUNO,SANDIA,SAN JUAN DEL ORO,3543,3235,3022,2808,2595,2383,2173,1965
PUNO,SANDIA,SAN PEDRO DE PUTINA PUNCU,10306,10233,10126,10004,9873,9739,9608,9478
PUNO,SANDIA,SANDIA,11490,11446,11374,11289,11199,11105,11013,10922
PUNO,SANDIA,YANAHUAYA,2155,2127,2089,2045,1996,1949,1902,1855
PUNO,YUNGUYO,ANAPIA,1787,1743,1717,1687,1657,1627,1596,1567
PUNO,YUNGUYO,COPANI,4985,4930,4922,4904,4883,4859,4834,4809
PUNO,YUNGUYO,CUTURAPI,1366,1344,1335,1323,1310,1297,1283,1271
PUNO,YUNGUYO,OLLARAYA,2710,2579,2476,2373,2272,2176,2082,1993
PUNO,YUNGUYO,TINICACHI,917,876,846,815,784,754,725,697
PUNO,YUNGUYO,UNICACHI,942,849,775,710,651,598,553,511
PUNO,YUNGUYO,YUNGUYO,25159,24795,24651,24474,24268,24046,23823,23593
SAN MARTÍN,SAN MARTÍN,ALBERTO LEVEAU,910,915,923,927,933,936,944,946
SAN MARTÍN,SAN MARTÍN,CACATACHI,3714,3778,3834,3885,3932,3977,4022,4067
SAN MARTÍN,SAN MARTÍN,CHAZUTA,10422,10580,10719,10845,10963,11077,11189,11301
SAN MARTÍN,SAN MARTÍN,CHIPURANA,2364,2407,2445,2478,2510,2540,2570,2600
SAN MARTÍN,SAN MARTÍN,EL PORVENIR,2514,2551,2585,2615,2643,2670,2697,2724
SAN MARTÍN,SAN MARTÍN,HUIMBAYOC,5446,5542,5624,5700,5769,5836,5902,5969
SAN MARTÍN,SAN MARTÍN,JUAN GUERRA,4072,4147,4212,4270,4324,4376,4428,4480
SAN MARTÍN,SAN MARTÍN,LA BANDA DE SHILCAYO,47438,49359,50923,52334,53642,54896,56142,57380
SAN MARTÍN,SAN MARTÍN,MORALES,41348,43287,44851,46263,47571,48825,50071,51309
SAN MARTÍN,SAN MARTÍN,PAPAPLAYA,2068,2028,1998,1972,1948,1924,1901,1878
SAN MARTÍN,SAN MARTÍN,SAN ANTONIO,1714,1734,1752,1770,1785,1800,1816,1831
SAN MARTÍN,SAN MARTÍN,SAUCE,7050,6810,6625,6459,6307,6162,6017,5873
SAN MARTÍN,SAN MARTÍN,SHAPAJA,2010,2036,2059,2081,2101,2120,2138,2157
SAN MARTÍN,SAN MARTÍN,TARAPOTO,81787,82900,83892,84794,85634,86442,87244,88042
SAN MARTÍN,BELLAVISTA,ALTO BIAVO,9243,9595,9880,10136,10372,10596,10818,11038
SAN MARTÍN,BELLAVISTA,BAJO BIAVO,14762,15041,15279,15494,15691,15881,16068,16253
SAN MARTÍN,BELLAVISTA,BELLAVISTA,18244,18627,18949,19240,19507,19763,20018,20270
SAN MARTÍN,BELLAVISTA,HUALLAGA,2741,2735,2734,2733,2732,2730,2728,2726
SAN MARTÍN,BELLAVISTA,SAN PABLO,8668,8638,8627,8617,8609,8602,8595,8587
SAN MARTÍN,BELLAVISTA,SAN RAFAEL,6209,6257,6303,6344,6383,6420,6457,6493
SAN MARTÍN,EL DORADO,AGUA BLANCA,2375,2359,2350,2342,2335,2328,2322,2315
SAN MARTÍN,EL DORADO,SAN JOSE DE SISA,16664,16998,17282,17540,17781,18011,18239,18467
SAN MARTÍN,EL DORADO,SAN MARTIN,12750,13096,13384,13645,13885,14118,14349,14577
SAN MARTÍN,EL DORADO,SANTA ROSA,7185,7305,7409,7502,7589,7673,7756,7839
SAN MARTÍN,EL DORADO,SHATOJA,3171,3225,3271,3313,3352,3388,3426,3463
SAN MARTÍN,HUALLAGA,ALTO SAPOSOA,5098,5374,5601,5805,5996,6178,6359,6538
SAN MARTÍN,HUALLAGA,EL ESLABON,2051,1992,1931,1871,1811,1751,1690,1629
SAN MARTÍN,HUALLAGA,PISCOYACU,4619,4716,4806,4888,4965,5039,5112,5186
SAN MARTÍN,HUALLAGA,SACANCHE,2425,2395,2350,2306,2261,2218,2173,2128
SAN MARTÍN,HUALLAGA,SAPOSOA,14585,14798,15009,15204,15388,15567,15747,15922
SAN MARTÍN,HUALLAGA,TINGO DE SAPOSOA,819,822,828,832,838,841,846,852
SAN MARTÍN,LAMAS,ALONSO DE ALVARADO,14532,14486,14425,14365,14303,14242,14179,14117
SAN MARTÍN,LAMAS,BARRANQUITA,7245,7435,7602,7771,7939,8109,8280,8451
SAN MARTÍN,LAMAS,CAYNARACHI,10787,11081,11297,11466,11602,11718,11828,11932
SAN MARTÍN,LAMAS,CUÑUMBUQUI,3191,3100,2998,2895,2792,2689,2584,2479
SAN MARTÍN,LAMAS,LAMAS,15288,15474,15640,15773,15886,15985,16081,16171
SAN MARTÍN,LAMAS,PINTO RECODO,9156,9134,9085,9036,8987,8937,8887,8837
SAN MARTÍN,LAMAS,RUMISAPA,3725,3842,3926,3992,4044,4090,4132,4171
SAN MARTÍN,LAMAS,SAN ROQUE DE CUMBAZA,1700,1715,1732,1744,1756,1765,1774,1783
SAN MARTÍN,LAMAS,SHANAO,1963,1920,1863,1806,1748,1690,1632,1574
SAN MARTÍN,LAMAS,TABALOSOS,14440,14593,14737,14855,14955,15042,15127,15208
SAN MARTÍN,LAMAS,ZAPATERO,5789,5857,5919,5970,6012,6049,6086,6119
SAN MARTÍN,MARISCAL CÁCERES,CAMPANILLA,16221,17190,18060,18897,19714,20526,21348,22180
SAN MARTÍN,MARISCAL CÁCERES,HUICUNGO,9113,9409,9684,9948,10207,10464,10724,10988
SAN MARTÍN,MARISCAL CÁCERES,JUANJUI,33472,34024,34568,35093,35607,36119,36637,37162
SAN MARTÍN,MARISCAL CÁCERES,PACHIZA,6529,6752,6958,7158,7351,7545,7741,7938
SAN MARTÍN,MARISCAL CÁCERES,PAJARILLO,5765,5818,5874,5927,5981,6033,6087,6141
SAN MARTÍN,MOYOBAMBA,CALZADA,4729,4792,4848,4889,4919,4943,4964,4984
SAN MARTÍN,MOYOBAMBA,HABANA,1681,1677,1673,1664,1655,1645,1635,1623
SAN MARTÍN,MOYOBAMBA,JEPELACIO,16165,15972,15771,15547,15308,15060,14811,14561
SAN MARTÍN,MOYOBAMBA,MOYOBAMBA,83623,85365,86774,88059,89255,90399,91526,92634
SAN MARTÍN,MOYOBAMBA,SORITOR,22947,22909,22876,22810,22721,22619,22515,22407
SAN MARTÍN,MOYOBAMBA,YANTALO,2905,2916,2931,2942,2949,2955,2961,2966
SAN MARTÍN,PICOTA,BUENOS AIRES,3035,3019,3019,3014,3008,3001,2993,2986
SAN MARTÍN,PICOTA,CASPISAPA,2165,2186,2208,2224,2236,2245,2254,2262
SAN MARTÍN,PICOTA,PICOTA,11162,11450,11680,11895,12098,12294,12487,12678
SAN MARTÍN,PICOTA,PILLUANA,882,881,880,878,876,871,867,863
SAN MARTÍN,PICOTA,PUCACACA,3008,3019,3034,3044,3051,3057,3062,3067
SAN MARTÍN,PICOTA,SAN CRISTOBAL,1207,1199,1198,1195,1191,1187,1184,1180
SAN MARTÍN,PICOTA,SAN HILARION,3867,3823,3774,3720,3662,3602,3541,3480
SAN MARTÍN,PICOTA,SHAMBOYACU,10134,10440,10670,10885,11088,11286,11481,11674
SAN MARTÍN,PICOTA,TINGO DE PONASA,3897,3888,3878,3862,3842,3819,3797,3773
SAN MARTÍN,PICOTA,TRES UNIDOS,4134,4134,4135,4131,4121,4110,4098,4085
SAN MARTÍN,RIOJA,AWAJUN,7925,7955,7990,8012,8026,8036,8045,8054
SAN MARTÍN,RIOJA,ELIAS SOPLIN VARGAS,19703,20862,21880,22871,23842,24800,25754,26704
SAN MARTÍN,RIOJA,NUEVA CAJAMARCA,45934,46862,47584,48250,48877,49483,50086,50687
SAN MARTÍN,RIOJA,PARDO MIGUEL,17206,17183,17168,17133,17085,17030,16976,16922
SAN MARTÍN,RIOJA,POSIC,2031,2094,2147,2191,2229,2265,2302,2338
SAN MARTÍN,RIOJA,RIOJA,26323,26660,26962,27203,27401,27577,27752,27922
SAN MARTÍN,RIOJA,SAN FERNANDO,3694,3678,3671,3660,3647,3633,3619,3605
SAN MARTÍN,RIOJA,YORONGOS,2617,2573,2541,2510,2479,2448,2417,2387
SAN MARTÍN,RIOJA,YURACYACU,3827,3784,3755,3724,3693,3662,3631,3599
SAN MARTÍN,TOCACHE,NUEVO PROGRESO,12414,12525,12641,12753,12859,12965,13071,13177
SAN MARTÍN,TOCACHE,POLVORA,11056,11095,11138,11175,11209,11241,11272,11303
SAN MARTÍN,TOCACHE,SANTA LUCIA,-,-,6249,6218,6186,6154,6122,6090
SAN MARTÍN,TOCACHE,SHUNTE,1355,1374,1392,1410,1429,1447,1464,1481
SAN MARTÍN,TOCACHE,TOCACHE,30203,30496,30566,30856,31137,31412,31688,31964
SAN MARTÍN,TOCACHE,UCHIZA,21072,20960,14838,14758,14674,14589,14503,14417
TACNA,TACNA,TACNA,103125,104314,105248,106071,106816,107519,108210,108892
TACNA,TACNA,ALTO DE LA ALIANZA,35319,35258,35035,34733,34376,33984,33577,33156
TACNA,TACNA,CALANA,3355,3424,3478,3526,3568,3607,3645,3682
TACNA,TACNA,CIUDAD NUEVA,32991,32834,32530,32153,31726,31269,30801,30321
TACNA,TACNA,CORONEL GREGORIO ALBARRACIN LANCHIPA,127017,133338,139270,145066,150781,156475,162215,167992
TACNA,TACNA,INCLAN,2779,2688,2586,2484,2382,2282,2185,2091
TACNA,TACNA,LA YARADA LOS PALOS,6630,6726,6793,6846,6887,6922,6953,6980
TACNA,TACNA,PACHIA,2251,2277,2291,2304,2316,2328,2339,2351
TACNA,TACNA,PALCA,2150,2232,2309,2384,2461,2540,2623,2708
TACNA,TACNA,POCOLLAY,19240,19415,19447,19471,19491,19507,19522,19535
TACNA,TACNA,SAMA,3564,3686,3794,3897,3995,4093,4190,4287
TACNA,CANDARAVE,CAIRANI,997,970,965,959,952,944,936,928
TACNA,CANDARAVE,CAMILACA,1161,1120,1105,1088,1071,1052,1034,1016
TACNA,CANDARAVE,CANDARAVE,2420,2359,2353,2343,2331,2318,2306,2293
TACNA,CANDARAVE,CURIBAYA,449,479,517,554,590,626,661,695
TACNA,CANDARAVE,HUANUARA,503,480,470,457,445,433,420,409
TACNA,CANDARAVE,QUILAHUANI,712,685,673,661,648,634,621,607
TACNA,JORGE BASADRE,ILABAYA,6452,6663,6909,7133,7342,7544,7747,7950
TACNA,JORGE BASADRE,ITE,3223,3217,3208,3198,3186,3173,3160,3147
TACNA,JORGE BASADRE,LOCUMBA,2620,2669,2732,2784,2831,2875,2918,2961
TACNA,TARATA,ESTIQUE,234,219,218,218,212,209,207,202
TACNA,TARATA,ESTIQUE-PAMPA,332,325,322,319,317,314,311,309
TACNA,TARATA,HÉROES ALBARRACÍN,310,295,294,292,289,287,283,279
TACNA,TARATA,SITAJARA,348,334,333,332,330,327,324,321
TACNA,TARATA,SUSAPAYA,510,488,488,484,482,477,473,468
TACNA,TARATA,TARATA,3593,3585,3583,3578,3572,3563,3556,3549
TACNA,TARATA,TARUCACHI,322,312,309,306,302,300,296,293
TACNA,TARATA,TICACO,598,582,582,581,580,578,576,574
TUMBES,TUMBES,TUMBES,111761,113458,115148,116717,118196,119620,121016,122386
TUMBES,TUMBES,CORRALES,25242,25679,25929,26120,26269,26396,26518,26634
TUMBES,TUMBES,LA CRUZ,10434,10679,10849,10995,11126,11251,11376,11502
TUMBES,TUMBES,PAMPAS DE HOSPITAL,7460,7578,7643,7691,7728,7760,7792,7824
TUMBES,TUMBES,SAN JACINTO,8936,9035,9078,9112,9140,9164,9188,9211
TUMBES,TUMBES,SAN JUAN DE LA VIRGEN,4826,4927,4994,5049,5095,5135,5177,5216
TUMBES,CONTRALMIRANTE VILLAR,CANOAS DE PUNTA SAL,7297,7620,7923,8220,8515,8815,9124,9443
TUMBES,CONTRALMIRANTE VILLAR,CASITAS,2658,2700,2737,2772,2805,2837,2867,2898
TUMBES,CONTRALMIRANTE VILLAR,ZORRITOS,13476,13807,14099,14369,14626,14875,15127,15378
TUMBES,ZARUMILLA,AGUAS VERDES,18931,19195,19512,19806,20084,20356,20632,20911
TUMBES,ZARUMILLA,MATAPALO,3991,4320,4505,4686,4868,5049,5231,5414
TUMBES,ZARUMILLA,PAPAYAL,6931,7133,7245,7354,7461,7566,7672,7779
TUMBES,ZARUMILLA,ZARUMILLA,24756,25390,26050,26665,27251,27829,28414,29008
UCAYALI,ATALAYA,RAIMONDI,38611,39732,40699,41621,42514,43398,44287,45184
UCAYALI,ATALAYA,SEPAHUA,8123,8264,8390,8510,8627,8742,8858,8975
UCAYALI,ATALAYA,TAHUANIA,10303,10618,10890,11149,11400,11648,11899,12150
UCAYALI,ATALAYA,YURUA,2359,2435,2501,2564,2624,2684,2745,2806
UCAYALI,CORONEL PORTILLO,CALLERIA,168924,172052,174981,177751,180420,183046,185692,188351
UCAYALI,CORONEL PORTILLO,CAMPOVERDE,19029,19598,20113,20601,21071,21533,21999,22467
UCAYALI,CORONEL PORTILLO,IPARIA,12217,12350,12481,12605,12724,12842,12960,13079
UCAYALI,CORONEL PORTILLO,MANANTAY,103880,107364,110502,113470,116330,119146,121979,124828
UCAYALI,CORONEL PORTILLO,MASISEA,11937,11961,11997,12030,12063,12095,12127,12159
UCAYALI,CORONEL PORTILLO,NUEVA REQUENA,5690,5742,5794,5843,5891,5937,5984,6032
UCAYALI,CORONEL PORTILLO,YARINACOCHA,115625,118666,121443,124069,126600,129092,131600,134121
UCAYALI,PADRE ABAD,ALEXANDER VON HUMBOLDT,6037,6159,6272,6380,6487,6593,6701,6811
UCAYALI,PADRE ABAD,BOQUERON,-,-,5209,5346,5481,5615,5750,5887
UCAYALI,PADRE ABAD,CURIMANA,9803,10219,10588,10946,11297,11647,12000,12356
UCAYALI,PADRE ABAD,HUIPOCA,-,-,4434,4550,4665,4779,4894,5010
UCAYALI,PADRE ABAD,IRAZOLA,11656,12065,12431,12786,13133,13480,13832,14188
UCAYALI,PADRE ABAD,NESHUYA,10080,10501,10874,11236,11590,11944,12301,12661
UCAYALI,PADRE ABAD,PADRE ABAD,36918,38100,29520,30297,31059,31818,32586,33363
UCAYALI,PURÚS,PURÚS,3317,3284,3281,3270,3257,3240,3222,3202
